doc_id	lemma	status	line_start	line_end	path
A1_density_WK	A1_density_WK_thm	proven	896	1422	Q3/Proofs/A1_density.lean
A1_density_WK	Atom	proven	47	54	Q3/Proofs/A1_density.lean
A1_density_WK	AtomCone_K	proven	90	99	Q3/Proofs/A1_density.lean
A1_density_WK	AtomCone_K_eq_q3	proven	99	132	Q3/Proofs/A1_density.lean
A1_density_WK	AtomCone_K_legacy	proven	132	135	Q3/Proofs/A1_density.lean
A1_density_WK	AtomSet	proven	84	90	Q3/Proofs/A1_density.lean
A1_density_WK	Atom_eq_q3	proven	69	73	Q3/Proofs/A1_density.lean
A1_density_WK	Atom_eq_zero_outside_window	proven	173	207	Q3/Proofs/A1_density.lean
A1_density_WK	FejerKernel	proven	36	38	Q3/Proofs/A1_density.lean
A1_density_WK	FejerKernel_approx_one	proven	434	442	Q3/Proofs/A1_density.lean
A1_density_WK	FejerKernel_bounds	proven	428	434	Q3/Proofs/A1_density.lean
A1_density_WK	FejerKernel_eq_q3	proven	54	57	Q3/Proofs/A1_density.lean
A1_density_WK	FejerKernel_eq_zero_of_abs_ge	proven	161	173	Q3/Proofs/A1_density.lean
A1_density_WK	HeatKernel	proven	38	41	Q3/Proofs/A1_density.lean
A1_density_WK	HeatKernel_LipschitzOn	proven	365	406	Q3/Proofs/A1_density.lean
A1_density_WK	HeatKernel_approx_identity_uniform	proven	470	559	Q3/Proofs/A1_density.lean
A1_density_WK	HeatKernel_continuous	proven	286	293	Q3/Proofs/A1_density.lean
A1_density_WK	HeatKernel_deriv	proven	293	310	Q3/Proofs/A1_density.lean
A1_density_WK	HeatKernel_deriv_bound	proven	310	365	Q3/Proofs/A1_density.lean
A1_density_WK	HeatKernel_eq_q3	proven	57	69	Q3/Proofs/A1_density.lean
A1_density_WK	HeatKernel_integral	proven	146	161	Q3/Proofs/A1_density.lean
A1_density_WK	HeatKernel_mass_concentration	proven	217	275	Q3/Proofs/A1_density.lean
A1_density_WK	HeatKernel_nonneg	proven	275	286	Q3/Proofs/A1_density.lean
A1_density_WK	IsDenseInWK	proven	138	141	Q3/Proofs/A1_density.lean
A1_density_WK	W_K	proven	41	47	Q3/Proofs/A1_density.lean
A1_density_WK	W_K_eq_q3	proven	73	84	Q3/Proofs/A1_density.lean
A1_density_WK	convolution_approx_by_sum	proven	657	680	Q3/Proofs/A1_density.lean
A1_density_WK	diff_set	proven	135	138	Q3/Proofs/A1_density.lean
A1_density_WK	even_convolution	proven	713	720	Q3/Proofs/A1_density.lean
A1_density_WK	exists_compact_extension	proven	442	470	Q3/Proofs/A1_density.lean
A1_density_WK	fejer_sum_approx	proven	680	713	Q3/Proofs/A1_density.lean
A1_density_WK	hat_interpolation_approx	proven	406	428	Q3/Proofs/A1_density.lean
A1_density_WK	integral_Icc_eq_integral_Icc_add_neg	proven	867	896	Q3/Proofs/A1_density.lean
A1_density_WK	real_convolution	proven	141	146	Q3/Proofs/A1_density.lean
A1_density_WK	sum_atoms_eq_fin	proven	782	813	Q3/Proofs/A1_density.lean
A1_density_WK	sum_atoms_eq_zero_outside	proven	207	217	Q3/Proofs/A1_density.lean
A1_density_WK	sum_atoms_in_cone	proven	813	867	Q3/Proofs/A1_density.lean
A1_density_WK	sum_atoms_in_cone_legacy	proven	759	782	Q3/Proofs/A1_density.lean
A1_density_WK	sum_mem_cone	proven	720	759	Q3/Proofs/A1_density.lean
A1_density_WK	uniform_riemann_sum	proven	559	657	Q3/Proofs/A1_density.lean
A3_FLOOR_v11_fixed	a	proven	14	17	full/q3.lean.aristotle/A3_FLOOR_v11_fixed.lean
A3_FLOOR_v11_fixed	deriv_a_neg	in_progress	85	105	full/q3.lean.aristotle/A3_FLOOR_v11_fixed.lean
A3_FLOOR_v11_fixed	digamma	proven	12	13	full/q3.lean.aristotle/A3_FLOOR_v11_fixed.lean
A3_FLOOR_v11_fixed	im_one_div_sq_add_nat_neg	proven	17	27	full/q3.lean.aristotle/A3_FLOOR_v11_fixed.lean
A3_FLOOR_v11_fixed	im_trigamma_eq_tsum_im	proven	48	54	full/q3.lean.aristotle/A3_FLOOR_v11_fixed.lean
A3_FLOOR_v11_fixed	im_trigamma_neg	proven	54	85	full/q3.lean.aristotle/A3_FLOOR_v11_fixed.lean
A3_FLOOR_v11_fixed	strictAntiOn_a	in_progress	105	112	full/q3.lean.aristotle/A3_FLOOR_v11_fixed.lean
A3_FLOOR_v11_fixed	summable_trigamma_series	proven	27	48	full/q3.lean.aristotle/A3_FLOOR_v11_fixed.lean
A3_FLOOR_v11_fixed	trigamma	proven	13	14	full/q3.lean.aristotle/A3_FLOOR_v11_fixed.lean
A3_FLOOR_v12	digamma	proven	37	38	full/q3.lean.aristotle/aristotle_output/4ec30af1_aristotle.lean
A3_FLOOR_v12	im_one_div_sq_add_nat_neg	proven	40	49	full/q3.lean.aristotle/aristotle_output/4ec30af1_aristotle.lean
A3_FLOOR_v12	im_trigamma_eq_tsum_im	proven	69	77	full/q3.lean.aristotle/aristotle_output/4ec30af1_aristotle.lean
A3_FLOOR_v12	im_trigamma_neg	proven	77	88	full/q3.lean.aristotle/aristotle_output/4ec30af1_aristotle.lean
A3_FLOOR_v12	summable_trigamma_series	proven	49	69	full/q3.lean.aristotle/aristotle_output/4ec30af1_aristotle.lean
A3_FLOOR_v12	trigamma	proven	38	40	full/q3.lean.aristotle/aristotle_output/4ec30af1_aristotle.lean
A3_FLOOR_v13	GammaSeq_eq_product	proven	192	214	aristotle_output/d1524982_aristotle.lean
A3_FLOOR_v13	GammaSeq_exp_part_tendstoUniformlyOn	proven	313	346	aristotle_output/d1524982_aristotle.lean
A3_FLOOR_v13	GammaSeq_exp_part_tendstoUniformlyOn_v2	proven	346	354	aristotle_output/d1524982_aristotle.lean
A3_FLOOR_v13	GammaSeq_exp_part_uniform	proven	354	365	aristotle_output/d1524982_aristotle.lean
A3_FLOOR_v13	GammaSeq_exp_part_uniform_correct	proven	745	753	aristotle_output/d1524982_aristotle.lean
A3_FLOOR_v13	GammaSeq_exp_part_uniform_final	proven	470	480	aristotle_output/d1524982_aristotle.lean
A3_FLOOR_v13	GammaSeq_exp_part_uniform_v3	proven	365	370	aristotle_output/d1524982_aristotle.lean
A3_FLOOR_v13	GammaSeq_exp_part_uniform_v4	proven	377	385	aristotle_output/d1524982_aristotle.lean
A3_FLOOR_v13	GammaSeq_exp_part_uniform_v5	proven	671	679	aristotle_output/d1524982_aristotle.lean
A3_FLOOR_v13	GammaSeq_exp_part_uniform_v6	proven	693	701	aristotle_output/d1524982_aristotle.lean
A3_FLOOR_v13	GammaSeq_exp_part_uniform_v7	proven	708	716	aristotle_output/d1524982_aristotle.lean
A3_FLOOR_v13	GammaSeq_exp_part_uniform_v8	proven	716	724	aristotle_output/d1524982_aristotle.lean
A3_FLOOR_v13	GammaSeq_log_term_summable_uniform	proven	248	313	aristotle_output/d1524982_aristotle.lean
A3_FLOOR_v13	GammaSeq_product_eq_exp_sum	proven	385	397	aristotle_output/d1524982_aristotle.lean
A3_FLOOR_v13	GammaSeq_product_part_tendstoUniformlyOn	proven	397	470	aristotle_output/d1524982_aristotle.lean
A3_FLOOR_v13	GammaSeq_product_part_tendstoUniformlyOn_v2	proven	724	735	aristotle_output/d1524982_aristotle.lean
A3_FLOOR_v13	GammaSeq_tendstoLocallyUniformlyOn	proven	535	605	aristotle_output/d1524982_aristotle.lean
A3_FLOOR_v13	GammaSeq_tendstoLocallyUniformlyOn_final	proven	605	614	aristotle_output/d1524982_aristotle.lean
A3_FLOOR_v13	GammaSeq_tendstoLocallyUniformlyOn_v5	proven	614	621	aristotle_output/d1524982_aristotle.lean
A3_FLOOR_v13	GammaSeq_tendstoLocallyUniformlyOn_v6	proven	621	628	aristotle_output/d1524982_aristotle.lean
A3_FLOOR_v13	GammaSeq_tendstoLocallyUniformlyOn_v7	proven	679	686	aristotle_output/d1524982_aristotle.lean
A3_FLOOR_v13	GammaSeq_tendstoLocallyUniformlyOn_v8	proven	686	693	aristotle_output/d1524982_aristotle.lean
A3_FLOOR_v13	GammaSeq_tendstoLocallyUniformlyOn_v9	proven	701	708	aristotle_output/d1524982_aristotle.lean
A3_FLOOR_v13	GammaSeq_tendstoUniformlyOn_Gamma_product_limit	proven	628	671	aristotle_output/d1524982_aristotle.lean
A3_FLOOR_v13	Gamma_product_limit	proven	370	377	aristotle_output/d1524982_aristotle.lean
A3_FLOOR_v13	deriv_GammaSeq_tendstoLocallyUniformlyOn	proven	753	768	aristotle_output/d1524982_aristotle.lean
A3_FLOOR_v13	deriv_digammaSeq_tendsto_trigamma	proven	62	89	aristotle_output/d1524982_aristotle.lean
A3_FLOOR_v13	deriv_digammaSeq_tendsto_trigamma_locally_uniformly	proven	121	192	aristotle_output/d1524982_aristotle.lean
A3_FLOOR_v13	differentiableAt_GammaSeq	proven	735	745	aristotle_output/d1524982_aristotle.lean
A3_FLOOR_v13	digamma	proven	40	41	aristotle_output/d1524982_aristotle.lean
A3_FLOOR_v13	digammaSeq	proven	43	45	aristotle_output/d1524982_aristotle.lean
A3_FLOOR_v13	digammaSeq_deriv	proven	45	62	aristotle_output/d1524982_aristotle.lean
A3_FLOOR_v13	digammaSeq_eq_deriv_div_GammaSeq	proven	89	121	aristotle_output/d1524982_aristotle.lean
A3_FLOOR_v13	norm_log_one_plus_sub_self_le_sq	proven	214	248	aristotle_output/d1524982_aristotle.lean
A3_FLOOR_v13	tendstoUniformlyOn_exp_of_compact	proven	480	501	aristotle_output/d1524982_aristotle.lean
A3_FLOOR_v13	tendstoUniformlyOn_mul_of_compact	proven	501	535	aristotle_output/d1524982_aristotle.lean
A3_FLOOR_v13	trigamma	proven	41	43	aristotle_output/d1524982_aristotle.lean
A3_FLOOR_v14	digammaSeq	proven	36	52	full/q3.lean.aristotle/aristotle_output/ffa743a3_aristotle.lean
A3_FLOOR_v14	digammaSeq_eq_logDeriv_GammaSeq	proven	52	78	full/q3.lean.aristotle/aristotle_output/ffa743a3_aristotle.lean
A3_FLOOR_v15	digammaSeq	proven	36	44	full/q3.lean.aristotle/aristotle_output/383828ff_aristotle.lean
A3_FLOOR_v15	digammaSeq_eq_logDeriv_GammaSeq	proven	44	83	full/q3.lean.aristotle/aristotle_output/383828ff_aristotle.lean
A3_FLOOR_v16	Gamma_continuousAt_of_re_pos	proven	13	28	/Users/emalam/Documents/GitHub/chen_q3/full/q3.lean.aristotle/A3_FLOOR_v16_deriv_digamma_eq_trigamma.lean
A3_FLOOR_v16	Gamma_differentiableOn_right_half_plane	proven	28	39	/Users/emalam/Documents/GitHub/chen_q3/full/q3.lean.aristotle/A3_FLOOR_v16_deriv_digamma_eq_trigamma.lean
A3_FLOOR_v16	derivGamma_bounded_on_compact	proven	39	60	/Users/emalam/Documents/GitHub/chen_q3/full/q3.lean.aristotle/A3_FLOOR_v16_deriv_digamma_eq_trigamma.lean
A3_FLOOR_v16	deriv_digamma_eq_trigamma	proven	324	329	/Users/emalam/Documents/GitHub/chen_q3/full/q3.lean.aristotle/A3_FLOOR_v16_deriv_digamma_eq_trigamma.lean
A3_FLOOR_v16	deriv_digamma_eq_trigamma_of_derivGamma_bounded	proven	297	324	/Users/emalam/Documents/GitHub/chen_q3/full/q3.lean.aristotle/A3_FLOOR_v16_deriv_digamma_eq_trigamma.lean
A3_FLOOR_v16	digammaSeq_differentiableOn	proven	226	255	/Users/emalam/Documents/GitHub/chen_q3/full/q3.lean.aristotle/A3_FLOOR_v16_deriv_digamma_eq_trigamma.lean
A3_FLOOR_v16	digammaSeq_tendstoLocallyUniformlyOn_of_derivGamma_bounded	proven	255	297	/Users/emalam/Documents/GitHub/chen_q3/full/q3.lean.aristotle/A3_FLOOR_v16_deriv_digamma_eq_trigamma.lean
A3_FLOOR_v16	gamma_norm_lower_bound_on_compact	proven	60	84	/Users/emalam/Documents/GitHub/chen_q3/full/q3.lean.aristotle/A3_FLOOR_v16_deriv_digamma_eq_trigamma.lean
A3_FLOOR_v16	tendstoUniformlyOn_div_of_bounds	proven	84	226	/Users/emalam/Documents/GitHub/chen_q3/full/q3.lean.aristotle/A3_FLOOR_v16_deriv_digamma_eq_trigamma.lean
A3_FLOOR_v19	Gamma_continuousAt_of_re_pos	proven	11	26	/Users/emalam/Documents/GitHub/chen_q3/full/q3.lean.aristotle/A3_FLOOR_v19_monotonicity.lean
A3_FLOOR_v19	Gamma_differentiableOn_right_half_plane	proven	26	37	/Users/emalam/Documents/GitHub/chen_q3/full/q3.lean.aristotle/A3_FLOOR_v19_monotonicity.lean
A3_FLOOR_v19	a	proven	329	332	/Users/emalam/Documents/GitHub/chen_q3/full/q3.lean.aristotle/A3_FLOOR_v19_monotonicity.lean
A3_FLOOR_v19	continuousOn_a	proven	453	478	/Users/emalam/Documents/GitHub/chen_q3/full/q3.lean.aristotle/A3_FLOOR_v19_monotonicity.lean
A3_FLOOR_v19	derivGamma_bounded_on_compact	proven	37	58	/Users/emalam/Documents/GitHub/chen_q3/full/q3.lean.aristotle/A3_FLOOR_v19_monotonicity.lean
A3_FLOOR_v19	deriv_a_eq	proven	439	453	/Users/emalam/Documents/GitHub/chen_q3/full/q3.lean.aristotle/A3_FLOOR_v19_monotonicity.lean
A3_FLOOR_v19	deriv_a_neg	proven	478	498	/Users/emalam/Documents/GitHub/chen_q3/full/q3.lean.aristotle/A3_FLOOR_v19_monotonicity.lean
A3_FLOOR_v19	deriv_digamma_eq_trigamma	proven	322	329	/Users/emalam/Documents/GitHub/chen_q3/full/q3.lean.aristotle/A3_FLOOR_v19_monotonicity.lean
A3_FLOOR_v19	deriv_digamma_eq_trigamma_of_derivGamma_bounded	proven	295	322	/Users/emalam/Documents/GitHub/chen_q3/full/q3.lean.aristotle/A3_FLOOR_v19_monotonicity.lean
A3_FLOOR_v19	deriv_re_digamma	proven	393	439	/Users/emalam/Documents/GitHub/chen_q3/full/q3.lean.aristotle/A3_FLOOR_v19_monotonicity.lean
A3_FLOOR_v19	digammaSeq_differentiableOn	proven	224	253	/Users/emalam/Documents/GitHub/chen_q3/full/q3.lean.aristotle/A3_FLOOR_v19_monotonicity.lean
A3_FLOOR_v19	digammaSeq_tendstoLocallyUniformlyOn_of_derivGamma_bounded	proven	253	295	/Users/emalam/Documents/GitHub/chen_q3/full/q3.lean.aristotle/A3_FLOOR_v19_monotonicity.lean
A3_FLOOR_v19	gamma_norm_lower_bound_on_compact	proven	58	82	/Users/emalam/Documents/GitHub/chen_q3/full/q3.lean.aristotle/A3_FLOOR_v19_monotonicity.lean
A3_FLOOR_v19	im_one_div_sq_add_nat_neg	proven	332	342	/Users/emalam/Documents/GitHub/chen_q3/full/q3.lean.aristotle/A3_FLOOR_v19_monotonicity.lean
A3_FLOOR_v19	im_trigamma_eq_tsum_im	proven	363	369	/Users/emalam/Documents/GitHub/chen_q3/full/q3.lean.aristotle/A3_FLOOR_v19_monotonicity.lean
A3_FLOOR_v19	im_trigamma_neg	proven	369	393	/Users/emalam/Documents/GitHub/chen_q3/full/q3.lean.aristotle/A3_FLOOR_v19_monotonicity.lean
A3_FLOOR_v19	strictAntiOn_a	proven	498	505	/Users/emalam/Documents/GitHub/chen_q3/full/q3.lean.aristotle/A3_FLOOR_v19_monotonicity.lean
A3_FLOOR_v19	summable_trigamma_series	proven	342	363	/Users/emalam/Documents/GitHub/chen_q3/full/q3.lean.aristotle/A3_FLOOR_v19_monotonicity.lean
A3_FLOOR_v19	tendstoUniformlyOn_div_of_bounds	proven	82	224	/Users/emalam/Documents/GitHub/chen_q3/full/q3.lean.aristotle/A3_FLOOR_v19_monotonicity.lean
A3_FLOOR_v20_bounds_core	B_min	proven	14	15	full/q3.lean.aristotle/A3_FLOOR_v20_bounds_core.lean
A3_FLOOR_v20_bounds_core	a_five_half_bound	proven	543	629	full/q3.lean.aristotle/A3_FLOOR_v20_bounds_core.lean
A3_FLOOR_v20_bounds_core	a_ge_neg_log_xi	proven	243	335	full/q3.lean.aristotle/A3_FLOOR_v20_bounds_core.lean
A3_FLOOR_v20_bounds_core	a_half_bound	proven	385	462	full/q3.lean.aristotle/A3_FLOOR_v20_bounds_core.lean
A3_FLOOR_v20_bounds_core	a_lower_bound_from_remainder	proven	173	202	full/q3.lean.aristotle/A3_FLOOR_v20_bounds_core.lean
A3_FLOOR_v20_bounds_core	a_lower_bound_from_stieltjes	proven	213	243	full/q3.lean.aristotle/A3_FLOOR_v20_bounds_core.lean
A3_FLOOR_v20_bounds_core	a_one_bound	proven	629	683	full/q3.lean.aristotle/A3_FLOOR_v20_bounds_core.lean
A3_FLOOR_v20_bounds_core	a_three_bound	proven	775	853	full/q3.lean.aristotle/A3_FLOOR_v20_bounds_core.lean
A3_FLOOR_v20_bounds_core	a_three_half_bound	proven	462	543	full/q3.lean.aristotle/A3_FLOOR_v20_bounds_core.lean
A3_FLOOR_v20_bounds_core	a_two_bound	proven	683	775	full/q3.lean.aristotle/A3_FLOOR_v20_bounds_core.lean
A3_FLOOR_v20_bounds_core	exp_bound_half	proven	41	59	full/q3.lean.aristotle/A3_FLOOR_v20_bounds_core.lean
A3_FLOOR_v20_bounds_core	log_abs_z_le	proven	75	173	full/q3.lean.aristotle/A3_FLOOR_v20_bounds_core.lean
A3_FLOOR_v20_bounds_core	log_five_halves_lt_one	proven	365	373	full/q3.lean.aristotle/A3_FLOOR_v20_bounds_core.lean
A3_FLOOR_v20_bounds_core	log_one_add_le	proven	69	75	full/q3.lean.aristotle/A3_FLOOR_v20_bounds_core.lean
A3_FLOOR_v20_bounds_core	log_three_halves_le_421_over_960	proven	335	358	full/q3.lean.aristotle/A3_FLOOR_v20_bounds_core.lean
A3_FLOOR_v20_bounds_core	log_three_halves_lt_nine_twenty	proven	358	365	full/q3.lean.aristotle/A3_FLOOR_v20_bounds_core.lean
A3_FLOOR_v20_bounds_core	log_two_ge_69_over_100	proven	379	385	full/q3.lean.aristotle/A3_FLOOR_v20_bounds_core.lean
A3_FLOOR_v20_bounds_core	log_two_ge_seventeen_over_twenty_five	proven	373	379	full/q3.lean.aristotle/A3_FLOOR_v20_bounds_core.lean
A3_FLOOR_v20_bounds_core	norm_z_sq	proven	202	213	full/q3.lean.aristotle/A3_FLOOR_v20_bounds_core.lean
A3_FLOOR_v20_bounds_core	t_sym	proven	15	17	full/q3.lean.aristotle/A3_FLOOR_v20_bounds_core.lean
A3_FLOOR_v20_bounds_core	w	proven	17	20	full/q3.lean.aristotle/A3_FLOOR_v20_bounds_core.lean
A3_FLOOR_v20_bounds_core	w_half_bound	proven	59	69	full/q3.lean.aristotle/A3_FLOOR_v20_bounds_core.lean
A3_FLOOR_v20_bounds_core	w_half_eq	proven	20	27	full/q3.lean.aristotle/A3_FLOOR_v20_bounds_core.lean
A3_FLOOR_v20_bounds_core	w_one_eq	proven	27	34	full/q3.lean.aristotle/A3_FLOOR_v20_bounds_core.lean
A3_FLOOR_v20_bounds_core	w_two_eq	proven	34	41	full/q3.lean.aristotle/A3_FLOOR_v20_bounds_core.lean
A3_FLOOR_v20_core	B_min	proven	14	15	/Users/emalam/Documents/GitHub/chen_q3/full/q3.lean.aristotle/A3_FLOOR_v20_bounds_core.lean
A3_FLOOR_v20_core	a_five_half_bound	proven	543	629	/Users/emalam/Documents/GitHub/chen_q3/full/q3.lean.aristotle/A3_FLOOR_v20_bounds_core.lean
A3_FLOOR_v20_core	a_ge_neg_log_xi	proven	243	335	/Users/emalam/Documents/GitHub/chen_q3/full/q3.lean.aristotle/A3_FLOOR_v20_bounds_core.lean
A3_FLOOR_v20_core	a_half_bound	proven	385	462	/Users/emalam/Documents/GitHub/chen_q3/full/q3.lean.aristotle/A3_FLOOR_v20_bounds_core.lean
A3_FLOOR_v20_core	a_lower_bound_from_remainder	proven	173	202	/Users/emalam/Documents/GitHub/chen_q3/full/q3.lean.aristotle/A3_FLOOR_v20_bounds_core.lean
A3_FLOOR_v20_core	a_lower_bound_from_stieltjes	proven	213	243	/Users/emalam/Documents/GitHub/chen_q3/full/q3.lean.aristotle/A3_FLOOR_v20_bounds_core.lean
A3_FLOOR_v20_core	a_one_bound	proven	629	683	/Users/emalam/Documents/GitHub/chen_q3/full/q3.lean.aristotle/A3_FLOOR_v20_bounds_core.lean
A3_FLOOR_v20_core	a_three_bound	proven	775	853	/Users/emalam/Documents/GitHub/chen_q3/full/q3.lean.aristotle/A3_FLOOR_v20_bounds_core.lean
A3_FLOOR_v20_core	a_three_half_bound	proven	462	543	/Users/emalam/Documents/GitHub/chen_q3/full/q3.lean.aristotle/A3_FLOOR_v20_bounds_core.lean
A3_FLOOR_v20_core	a_two_bound	proven	683	775	/Users/emalam/Documents/GitHub/chen_q3/full/q3.lean.aristotle/A3_FLOOR_v20_bounds_core.lean
A3_FLOOR_v20_core	exp_bound_half	proven	41	59	/Users/emalam/Documents/GitHub/chen_q3/full/q3.lean.aristotle/A3_FLOOR_v20_bounds_core.lean
A3_FLOOR_v20_core	log_abs_z_le	proven	75	173	/Users/emalam/Documents/GitHub/chen_q3/full/q3.lean.aristotle/A3_FLOOR_v20_bounds_core.lean
A3_FLOOR_v20_core	log_five_halves_lt_one	proven	365	373	/Users/emalam/Documents/GitHub/chen_q3/full/q3.lean.aristotle/A3_FLOOR_v20_bounds_core.lean
A3_FLOOR_v20_core	log_one_add_le	proven	69	75	/Users/emalam/Documents/GitHub/chen_q3/full/q3.lean.aristotle/A3_FLOOR_v20_bounds_core.lean
A3_FLOOR_v20_core	log_three_halves_le_421_over_960	proven	335	358	/Users/emalam/Documents/GitHub/chen_q3/full/q3.lean.aristotle/A3_FLOOR_v20_bounds_core.lean
A3_FLOOR_v20_core	log_three_halves_lt_nine_twenty	proven	358	365	/Users/emalam/Documents/GitHub/chen_q3/full/q3.lean.aristotle/A3_FLOOR_v20_bounds_core.lean
A3_FLOOR_v20_core	log_two_ge_69_over_100	proven	379	385	/Users/emalam/Documents/GitHub/chen_q3/full/q3.lean.aristotle/A3_FLOOR_v20_bounds_core.lean
A3_FLOOR_v20_core	log_two_ge_seventeen_over_twenty_five	proven	373	379	/Users/emalam/Documents/GitHub/chen_q3/full/q3.lean.aristotle/A3_FLOOR_v20_bounds_core.lean
A3_FLOOR_v20_core	norm_z_sq	proven	202	213	/Users/emalam/Documents/GitHub/chen_q3/full/q3.lean.aristotle/A3_FLOOR_v20_bounds_core.lean
A3_FLOOR_v20_core	t_sym	proven	15	17	/Users/emalam/Documents/GitHub/chen_q3/full/q3.lean.aristotle/A3_FLOOR_v20_bounds_core.lean
A3_FLOOR_v20_core	w	proven	17	20	/Users/emalam/Documents/GitHub/chen_q3/full/q3.lean.aristotle/A3_FLOOR_v20_bounds_core.lean
A3_FLOOR_v20_core	w_half_bound	proven	59	69	/Users/emalam/Documents/GitHub/chen_q3/full/q3.lean.aristotle/A3_FLOOR_v20_bounds_core.lean
A3_FLOOR_v20_core	w_half_eq	proven	20	27	/Users/emalam/Documents/GitHub/chen_q3/full/q3.lean.aristotle/A3_FLOOR_v20_bounds_core.lean
A3_FLOOR_v20_core	w_one_eq	proven	27	34	/Users/emalam/Documents/GitHub/chen_q3/full/q3.lean.aristotle/A3_FLOOR_v20_bounds_core.lean
A3_FLOOR_v20_core	w_two_eq	proven	34	41	/Users/emalam/Documents/GitHub/chen_q3/full/q3.lean.aristotle/A3_FLOOR_v20_bounds_core.lean
A3_FLOOR_v22_stage4	P_A	proven	18	21	/Users/emalam/Documents/GitHub/chen_q3/full/q3.lean.aristotle/A3_FLOOR_v22_stage4_floor.lean
A3_FLOOR_v22_stage4	P_A_eq_sum6	proven	744	793	/Users/emalam/Documents/GitHub/chen_q3/full/q3.lean.aristotle/A3_FLOOR_v22_stage4_floor.lean
A3_FLOOR_v22_stage4	P_A_even	proven	847	867	/Users/emalam/Documents/GitHub/chen_q3/full/q3.lean.aristotle/A3_FLOOR_v22_stage4_floor.lean
A3_FLOOR_v22_stage4	P_A_ge_c_star	proven	867	879	/Users/emalam/Documents/GitHub/chen_q3/full/q3.lean.aristotle/A3_FLOOR_v22_stage4_floor.lean
A3_FLOOR_v22_stage4	P_A_ge_c_star_nonneg	proven	793	847	/Users/emalam/Documents/GitHub/chen_q3/full/q3.lean.aristotle/A3_FLOOR_v22_stage4_floor.lean
A3_FLOOR_v22_stage4	a_antitone_on_Ioi	proven	21	28	/Users/emalam/Documents/GitHub/chen_q3/full/q3.lean.aristotle/A3_FLOOR_v22_stage4_floor.lean
A3_FLOOR_v22_stage4	a_even	proven	28	35	/Users/emalam/Documents/GitHub/chen_q3/full/q3.lean.aristotle/A3_FLOOR_v22_stage4_floor.lean
A3_FLOOR_v22_stage4	a_ge_a_half_on_Icc	proven	88	98	/Users/emalam/Documents/GitHub/chen_q3/full/q3.lean.aristotle/A3_FLOOR_v22_stage4_floor.lean
A3_FLOOR_v22_stage4	a_zero_ge_a_half	proven	41	88	/Users/emalam/Documents/GitHub/chen_q3/full/q3.lean.aristotle/A3_FLOOR_v22_stage4_floor.lean
A3_FLOOR_v22_stage4	c_star	proven	12	15	/Users/emalam/Documents/GitHub/chen_q3/full/q3.lean.aristotle/A3_FLOOR_v22_stage4_floor.lean
A3_FLOOR_v22_stage4	exp_bound_three_halves	proven	249	261	/Users/emalam/Documents/GitHub/chen_q3/full/q3.lean.aristotle/A3_FLOOR_v22_stage4_floor.lean
A3_FLOOR_v22_stage4	exp_neg_eight_le_one_div_2500	proven	178	193	/Users/emalam/Documents/GitHub/chen_q3/full/q3.lean.aristotle/A3_FLOOR_v22_stage4_floor.lean
A3_FLOOR_v22_stage4	exp_neg_five_le_one_div_100	proven	193	208	/Users/emalam/Documents/GitHub/chen_q3/full/q3.lean.aristotle/A3_FLOOR_v22_stage4_floor.lean
A3_FLOOR_v22_stage4	exp_neg_two_le_one_div_seven	proven	163	178	/Users/emalam/Documents/GitHub/chen_q3/full/q3.lean.aristotle/A3_FLOOR_v22_stage4_floor.lean
A3_FLOOR_v22_stage4	g	proven	15	18	/Users/emalam/Documents/GitHub/chen_q3/full/q3.lean.aristotle/A3_FLOOR_v22_stage4_floor.lean
A3_FLOOR_v22_stage4	g0_lower	proven	271	284	/Users/emalam/Documents/GitHub/chen_q3/full/q3.lean.aristotle/A3_FLOOR_v22_stage4_floor.lean
A3_FLOOR_v22_stage4	g1_lower	proven	284	374	/Users/emalam/Documents/GitHub/chen_q3/full/q3.lean.aristotle/A3_FLOOR_v22_stage4_floor.lean
A3_FLOOR_v22_stage4	g2_lower	proven	374	466	/Users/emalam/Documents/GitHub/chen_q3/full/q3.lean.aristotle/A3_FLOOR_v22_stage4_floor.lean
A3_FLOOR_v22_stage4	g_even	proven	38	41	/Users/emalam/Documents/GitHub/chen_q3/full/q3.lean.aristotle/A3_FLOOR_v22_stage4_floor.lean
A3_FLOOR_v22_stage4	g_neg1_lower	proven	466	518	/Users/emalam/Documents/GitHub/chen_q3/full/q3.lean.aristotle/A3_FLOOR_v22_stage4_floor.lean
A3_FLOOR_v22_stage4	g_neg2_lower	proven	518	608	/Users/emalam/Documents/GitHub/chen_q3/full/q3.lean.aristotle/A3_FLOOR_v22_stage4_floor.lean
A3_FLOOR_v22_stage4	g_neg3_lower	proven	608	698	/Users/emalam/Documents/GitHub/chen_q3/full/q3.lean.aristotle/A3_FLOOR_v22_stage4_floor.lean
A3_FLOOR_v22_stage4	g_zero_of_large_index	proven	698	735	/Users/emalam/Documents/GitHub/chen_q3/full/q3.lean.aristotle/A3_FLOOR_v22_stage4_floor.lean
A3_FLOOR_v22_stage4	sum_map_embedding	proven	735	744	/Users/emalam/Documents/GitHub/chen_q3/full/q3.lean.aristotle/A3_FLOOR_v22_stage4_floor.lean
A3_FLOOR_v22_stage4	w_even	proven	35	38	/Users/emalam/Documents/GitHub/chen_q3/full/q3.lean.aristotle/A3_FLOOR_v22_stage4_floor.lean
A3_FLOOR_v22_stage4	w_lower_on_half	proven	98	163	/Users/emalam/Documents/GitHub/chen_q3/full/q3.lean.aristotle/A3_FLOOR_v22_stage4_floor.lean
A3_FLOOR_v22_stage4	w_one_upper	proven	208	225	/Users/emalam/Documents/GitHub/chen_q3/full/q3.lean.aristotle/A3_FLOOR_v22_stage4_floor.lean
A3_FLOOR_v22_stage4	w_three_halves_eq	proven	242	249	/Users/emalam/Documents/GitHub/chen_q3/full/q3.lean.aristotle/A3_FLOOR_v22_stage4_floor.lean
A3_FLOOR_v22_stage4	w_three_halves_upper	proven	261	271	/Users/emalam/Documents/GitHub/chen_q3/full/q3.lean.aristotle/A3_FLOOR_v22_stage4_floor.lean
A3_FLOOR_v22_stage4	w_two_upper	proven	225	242	/Users/emalam/Documents/GitHub/chen_q3/full/q3.lean.aristotle/A3_FLOOR_v22_stage4_floor.lean
A3_FLOOR_v22_stage4_floor	P_A	proven	18	21	full/q3.lean.aristotle/A3_FLOOR_v22_stage4_floor.lean
A3_FLOOR_v22_stage4_floor	P_A_eq_sum6	proven	744	793	full/q3.lean.aristotle/A3_FLOOR_v22_stage4_floor.lean
A3_FLOOR_v22_stage4_floor	P_A_even	proven	847	867	full/q3.lean.aristotle/A3_FLOOR_v22_stage4_floor.lean
A3_FLOOR_v22_stage4_floor	P_A_ge_c_star	proven	867	879	full/q3.lean.aristotle/A3_FLOOR_v22_stage4_floor.lean
A3_FLOOR_v22_stage4_floor	P_A_ge_c_star_nonneg	proven	793	847	full/q3.lean.aristotle/A3_FLOOR_v22_stage4_floor.lean
A3_FLOOR_v22_stage4_floor	a_antitone_on_Ioi	proven	21	28	full/q3.lean.aristotle/A3_FLOOR_v22_stage4_floor.lean
A3_FLOOR_v22_stage4_floor	a_even	proven	28	35	full/q3.lean.aristotle/A3_FLOOR_v22_stage4_floor.lean
A3_FLOOR_v22_stage4_floor	a_ge_a_half_on_Icc	proven	88	98	full/q3.lean.aristotle/A3_FLOOR_v22_stage4_floor.lean
A3_FLOOR_v22_stage4_floor	a_zero_ge_a_half	proven	41	88	full/q3.lean.aristotle/A3_FLOOR_v22_stage4_floor.lean
A3_FLOOR_v22_stage4_floor	c_star	proven	12	15	full/q3.lean.aristotle/A3_FLOOR_v22_stage4_floor.lean
A3_FLOOR_v22_stage4_floor	exp_bound_three_halves	proven	249	261	full/q3.lean.aristotle/A3_FLOOR_v22_stage4_floor.lean
A3_FLOOR_v22_stage4_floor	exp_neg_eight_le_one_div_2500	proven	178	193	full/q3.lean.aristotle/A3_FLOOR_v22_stage4_floor.lean
A3_FLOOR_v22_stage4_floor	exp_neg_five_le_one_div_100	proven	193	208	full/q3.lean.aristotle/A3_FLOOR_v22_stage4_floor.lean
A3_FLOOR_v22_stage4_floor	exp_neg_two_le_one_div_seven	proven	163	178	full/q3.lean.aristotle/A3_FLOOR_v22_stage4_floor.lean
A3_FLOOR_v22_stage4_floor	g	proven	15	18	full/q3.lean.aristotle/A3_FLOOR_v22_stage4_floor.lean
A3_FLOOR_v22_stage4_floor	g0_lower	proven	271	284	full/q3.lean.aristotle/A3_FLOOR_v22_stage4_floor.lean
A3_FLOOR_v22_stage4_floor	g1_lower	proven	284	374	full/q3.lean.aristotle/A3_FLOOR_v22_stage4_floor.lean
A3_FLOOR_v22_stage4_floor	g2_lower	proven	374	466	full/q3.lean.aristotle/A3_FLOOR_v22_stage4_floor.lean
A3_FLOOR_v22_stage4_floor	g_even	proven	38	41	full/q3.lean.aristotle/A3_FLOOR_v22_stage4_floor.lean
A3_FLOOR_v22_stage4_floor	g_neg1_lower	proven	466	518	full/q3.lean.aristotle/A3_FLOOR_v22_stage4_floor.lean
A3_FLOOR_v22_stage4_floor	g_neg2_lower	proven	518	608	full/q3.lean.aristotle/A3_FLOOR_v22_stage4_floor.lean
A3_FLOOR_v22_stage4_floor	g_neg3_lower	proven	608	698	full/q3.lean.aristotle/A3_FLOOR_v22_stage4_floor.lean
A3_FLOOR_v22_stage4_floor	g_zero_of_large_index	proven	698	735	full/q3.lean.aristotle/A3_FLOOR_v22_stage4_floor.lean
A3_FLOOR_v22_stage4_floor	sum_map_embedding	proven	735	744	full/q3.lean.aristotle/A3_FLOOR_v22_stage4_floor.lean
A3_FLOOR_v22_stage4_floor	w_even	proven	35	38	full/q3.lean.aristotle/A3_FLOOR_v22_stage4_floor.lean
A3_FLOOR_v22_stage4_floor	w_lower_on_half	proven	98	163	full/q3.lean.aristotle/A3_FLOOR_v22_stage4_floor.lean
A3_FLOOR_v22_stage4_floor	w_one_upper	proven	208	225	full/q3.lean.aristotle/A3_FLOOR_v22_stage4_floor.lean
A3_FLOOR_v22_stage4_floor	w_three_halves_eq	proven	242	249	full/q3.lean.aristotle/A3_FLOOR_v22_stage4_floor.lean
A3_FLOOR_v22_stage4_floor	w_three_halves_upper	proven	261	271	full/q3.lean.aristotle/A3_FLOOR_v22_stage4_floor.lean
A3_FLOOR_v22_stage4_floor	w_two_upper	proven	225	242	full/q3.lean.aristotle/A3_FLOOR_v22_stage4_floor.lean
A3_FLOOR_v3	B_min	proven	58	59	../A3_FLOOR_v3_trigamma_foundations.lean
A3_FLOOR_v3	P_A	proven	70	76	../A3_FLOOR_v3_trigamma_foundations.lean
A3_FLOOR_v3	a	proven	55	58	../A3_FLOOR_v3_trigamma_foundations.lean
A3_FLOOR_v3	c_star	proven	60	63	../A3_FLOOR_v3_trigamma_foundations.lean
A3_FLOOR_v3	continuousOn_a	proven	138	165	../A3_FLOOR_v3_trigamma_foundations.lean
A3_FLOOR_v3	deriv_a_eq	proven	112	138	../A3_FLOOR_v3_trigamma_foundations.lean
A3_FLOOR_v3	digamma	proven	49	52	../A3_FLOOR_v3_trigamma_foundations.lean
A3_FLOOR_v3	digamma_add_one	proven	187	201	../A3_FLOOR_v3_trigamma_foundations.lean
A3_FLOOR_v3	g	proven	67	70	../A3_FLOOR_v3_trigamma_foundations.lean
A3_FLOOR_v3	im_trigamma_neg	proven	76	112	../A3_FLOOR_v3_trigamma_foundations.lean
A3_FLOOR_v3	t_sym	proven	59	60	../A3_FLOOR_v3_trigamma_foundations.lean
A3_FLOOR_v3	trigamma	proven	52	55	../A3_FLOOR_v3_trigamma_foundations.lean
A3_FLOOR_v3	trigamma_summable	proven	165	187	../A3_FLOOR_v3_trigamma_foundations.lean
A3_FLOOR_v3	w	proven	63	67	../A3_FLOOR_v3_trigamma_foundations.lean
A3_FLOOR_v6	C	proven	35	37	../A3_FLOOR_v6_deriv_foundations.lean
A3_FLOOR_v6	N	proven	37	44	../A3_FLOOR_v6_deriv_foundations.lean
A3_FLOOR_v6	deriv_a_eq	proven	80	104	../A3_FLOOR_v6_deriv_foundations.lean
A3_FLOOR_v6	deriv_digamma_add_one	proven	104	150	../A3_FLOOR_v6_deriv_foundations.lean
A3_FLOOR_v6	deriv_digamma_re_nonneg	proven	208	313	../A3_FLOOR_v6_deriv_foundations.lean
A3_FLOOR_v6	deriv_digamma_recurrence_sum	proven	195	208	../A3_FLOOR_v6_deriv_foundations.lean
A3_FLOOR_v6	diff_digamma_trigamma_add_one	proven	173	180	../A3_FLOOR_v6_deriv_foundations.lean
A3_FLOOR_v6	im_trigamma_neg	proven	44	80	../A3_FLOOR_v6_deriv_foundations.lean
A3_FLOOR_v6	trigamma_add_one	proven	150	173	../A3_FLOOR_v6_deriv_foundations.lean
A3_FLOOR_v6	trigamma_tendsto_zero	proven	180	195	../A3_FLOOR_v6_deriv_foundations.lean
A3_FLOOR_v8	continuousOn_a	proven	95	113	../A3_FLOOR_v8_monotonicity.lean
A3_FLOOR_v8	deriv_a_eq	proven	74	95	../A3_FLOOR_v8_monotonicity.lean
A3_FLOOR_v8	deriv_digammaSeq_tendsto_trigamma	proven	276	291	../A3_FLOOR_v8_monotonicity.lean
A3_FLOOR_v8	deriv_digamma_add_one	proven	241	256	../A3_FLOOR_v8_monotonicity.lean
A3_FLOOR_v8	diff_const	proven	196	203	../A3_FLOOR_v8_monotonicity.lean
A3_FLOOR_v8	diff_digamma_trigamma_add_one	proven	134	180	../A3_FLOOR_v8_monotonicity.lean
A3_FLOOR_v8	digammaSeq_deriv	proven	256	270	../A3_FLOOR_v8_monotonicity.lean
A3_FLOOR_v8	digammaSeq_eq	proven	270	276	../A3_FLOOR_v8_monotonicity.lean
A3_FLOOR_v8	im_trigamma_neg	proven	39	74	../A3_FLOOR_v8_monotonicity.lean
A3_FLOOR_v8	trigamma_add_one	proven	113	134	../A3_FLOOR_v8_monotonicity.lean
A3_FLOOR_v8	trigamma_tendsto_zero	proven	180	196	../A3_FLOOR_v8_monotonicity.lean
A3_FLOOR_v8	trigamma_tendsto_zero_complex	proven	203	241	../A3_FLOOR_v8_monotonicity.lean
A3_FLOOR_v9	deriv_a_pos	in_progress	57	87	../A3_FLOOR_v9_monotonicity.lean
A3_FLOOR_v9	strictMonoOn_a	in_progress	87	97	../A3_FLOOR_v9_monotonicity.lean
A3_FLOOR_v9	test_sorry	proven	51	57	../A3_FLOOR_v9_monotonicity.lean
A3_bridge_V1	T_P	proven	46	50	full/q3.lean.aristotle/aristotle_output/A3_bridge_closure_v1.lean
A3_bridge_V1	T_P_matrix	proven	102	108	full/q3.lean.aristotle/aristotle_output/A3_bridge_closure_v1.lean
A3_bridge_V1	T_P_nonneg	proven	177	188	full/q3.lean.aristotle/aristotle_output/A3_bridge_closure_v1.lean
A3_bridge_V1	T_P_row_sum	proven	155	177	full/q3.lean.aristotle/aristotle_output/A3_bridge_closure_v1.lean
A3_bridge_V1	T_P_row_sum_computable	proven	261	275	full/q3.lean.aristotle/aristotle_output/A3_bridge_closure_v1.lean
A3_bridge_V1	T_P_tendsto_zero_of_ne	proven	235	253	full/q3.lean.aristotle/aristotle_output/A3_bridge_closure_v1.lean
A3_bridge_V1	ToeplitzEntry_a_star	proven	52	58	full/q3.lean.aristotle/aristotle_output/A3_bridge_closure_v1.lean
A3_bridge_V1	a_star	proven	50	52	full/q3.lean.aristotle/aristotle_output/A3_bridge_closure_v1.lean
A3_bridge_V1	c_star	proven	36	41	full/q3.lean.aristotle/aristotle_output/A3_bridge_closure_v1.lean
A3_bridge_V1	exists_t_max_row_sum_le_for_M	proven	275	299	full/q3.lean.aristotle/aristotle_output/A3_bridge_closure_v1.lean
A3_bridge_V1	is_prime_computable	proven	253	257	full/q3.lean.aristotle/aristotle_output/A3_bridge_closure_v1.lean
A3_bridge_V1	max_row_sum	proven	188	194	full/q3.lean.aristotle/aristotle_output/A3_bridge_closure_v1.lean
A3_bridge_V1	quadratic_form_le_max_row_sum	proven	194	224	full/q3.lean.aristotle/aristotle_output/A3_bridge_closure_v1.lean
A3_bridge_V1	toeplitz_a_star_eq_c_star_mul_id	proven	58	70	full/q3.lean.aristotle/aristotle_output/A3_bridge_closure_v1.lean
A3_bridge_V1	toeplitz_quadratic_form_eq	proven	127	138	full/q3.lean.aristotle/aristotle_output/A3_bridge_closure_v1.lean
A3_bridge_V1	w_RKHS	proven	41	46	full/q3.lean.aristotle/aristotle_output/A3_bridge_closure_v1.lean
A3_bridge_V1	w_RKHS_computable	proven	257	261	full/q3.lean.aristotle/aristotle_output/A3_bridge_closure_v1.lean
A3_bridge_V1	w_RKHS_float	proven	138	155	full/q3.lean.aristotle/aristotle_output/A3_bridge_closure_v1.lean
A3_bridge_V1	w_RKHS_le_w_max	proven	72	95	full/q3.lean.aristotle/aristotle_output/A3_bridge_closure_v1.lean
A3_bridge_V1	w_RKHS_prime	proven	224	235	full/q3.lean.aristotle/aristotle_output/A3_bridge_closure_v1.lean
A3_bridge_V1	w_RKHS_tendsto_zero	proven	108	127	full/q3.lean.aristotle/aristotle_output/A3_bridge_closure_v1.lean
A3_bridge_V1	w_max	proven	70	72	full/q3.lean.aristotle/aristotle_output/A3_bridge_closure_v1.lean
A3_bridge_V1	w_max_lt_three_quarters_c_star	proven	95	102	full/q3.lean.aristotle/aristotle_output/A3_bridge_closure_v1.lean
A3_bridge_v3_uniform	A3_FLOOR_main	proven	50	64	Q3/Proofs/A3_bridge_v3_uniform.lean
A3_bridge_v3_uniform	A3_bridge_axiom_from_uniform	proven	74	99	Q3/Proofs/A3_bridge_v3_uniform.lean
A3_bridge_v3_uniform	A3_bridge_from_floor	proven	64	74	Q3/Proofs/A3_bridge_v3_uniform.lean
A3_bridge_v4	S_off	proven	54	59	full/q3.lean.aristotle/aristotle_output/A3_bridge_v4_real_TP.lean
A3_bridge_v4	S_off_tendsto_zero	proven	59	73	full/q3.lean.aristotle/aristotle_output/A3_bridge_v4_real_TP.lean
A3_bridge_v4	T_P_matrix	proven	47	54	full/q3.lean.aristotle/aristotle_output/A3_bridge_v4_real_TP.lean
A3_bridge_v4	T_P_norm_lt_three_quarters_c_star	proven	272	310	full/q3.lean.aristotle/aristotle_output/A3_bridge_v4_real_TP.lean
A3_bridge_v4	T_P_row_sum_bound	proven	230	272	full/q3.lean.aristotle/aristotle_output/A3_bridge_v4_real_TP.lean
A3_bridge_v4	c_star	proven	38	40	full/q3.lean.aristotle/aristotle_output/A3_bridge_v4_real_TP.lean
A3_bridge_v4	sum_exp_bound	proven	156	230	full/q3.lean.aristotle/aristotle_output/A3_bridge_v4_real_TP.lean
A3_bridge_v4	w_RKHS	proven	42	45	full/q3.lean.aristotle/aristotle_output/A3_bridge_v4_real_TP.lean
A3_bridge_v4	w_RKHS_le_w_max	proven	84	111	full/q3.lean.aristotle/aristotle_output/A3_bridge_v4_real_TP.lean
A3_bridge_v4	w_max	proven	40	42	full/q3.lean.aristotle/aristotle_output/A3_bridge_v4_real_TP.lean
A3_bridge_v4	w_max_lt_one	proven	78	84	full/q3.lean.aristotle/aristotle_output/A3_bridge_v4_real_TP.lean
A3_bridge_v4	xi_n	proven	45	47	full/q3.lean.aristotle/aristotle_output/A3_bridge_v4_real_TP.lean
A3_bridge_v4	xi_n_diff_ge_dist_mul_delta_min_pos	proven	111	156	full/q3.lean.aristotle/aristotle_output/A3_bridge_v4_real_TP.lean
A3_bridge_v4	δ_min	proven	73	78	full/q3.lean.aristotle/aristotle_output/A3_bridge_v4_real_TP.lean
Atoms_Positive	A3_bridge_data	proven	34	43	full/q3.lean.aristotle/Q3/Atoms_Positive.lean
Atoms_Positive	Q_nonneg_on_atoms	proven	43	56	full/q3.lean.aristotle/Q3/Atoms_Positive.lean
Bridge	K_ar	proven	77	81	Q3/Proofs/Bridge.lean
Bridge	exp_entry_rescale	proven	160	177	Q3/Proofs/Bridge.lean
Bridge	exp_factor_eq	proven	62	77	Q3/Proofs/Bridge.lean
Bridge	heat_param_rescaling	proven	55	62	Q3/Proofs/Bridge.lean
Bridge	mem_Q3Nodes_iff	proven	177	261	Q3/Proofs/Bridge.lean
Bridge	mem_Q3Nodes_iff_log_le	proven	81	117	Q3/Proofs/Bridge.lean
Bridge	mem_nodes_finset_of_mem_Q3Nodes	proven	117	147	Q3/Proofs/Bridge.lean
Bridge	w_RKHS_aristotle_eq	proven	150	155	Q3/Proofs/Bridge.lean
Bridge	w_RKHS_eq	proven	147	150	Q3/Proofs/Bridge.lean
Bridge	xi_aristotle	proven	38	41	Q3/Proofs/Bridge.lean
Bridge	xi_aristotle_eq_root_xi	proven	155	160	Q3/Proofs/Bridge.lean
Bridge	xi_diff_sq_rescaling	proven	46	55	Q3/Proofs/Bridge.lean
Bridge	xi_rescaling	proven	41	46	Q3/Proofs/Bridge.lean
P_A_Toeplitz_bridge	A3_bridge_data_rayleigh_Fourier	proven	63	74	full/q3.lean.aristotle/Q3/Proofs/P_A_Toeplitz_bridge.lean
P_A_Toeplitz_bridge	A3_bridge_rayleigh_from_weight_sum_P_A	proven	74	109	full/q3.lean.aristotle/Q3/Proofs/P_A_Toeplitz_bridge.lean
P_A_Toeplitz_bridge	P_A_rayleigh_lower_bound	proven	40	54	full/q3.lean.aristotle/Q3/Proofs/P_A_Toeplitz_bridge.lean
P_A_Toeplitz_bridge	P_A_rayleigh_lower_bound_odd	proven	54	63	full/q3.lean.aristotle/Q3/Proofs/P_A_Toeplitz_bridge.lean
Q3_AxiomsTheorems	A1_density_WK	proven	105	118	full/q3.lean.aristotle/Q3/AxiomsTheorems.lean
Q3_AxiomsTheorems	A3_bridge	proven	130	136	full/q3.lean.aristotle/Q3/AxiomsTheorems.lean
Q3_AxiomsTheorems	A3_bridge_rayleigh	proven	136	144	full/q3.lean.aristotle/Q3/AxiomsTheorems.lean
Q3_AxiomsTheorems	A3_bridge_rayleigh_Fourier	proven	144	152	full/q3.lean.aristotle/Q3/AxiomsTheorems.lean
Q3_AxiomsTheorems	Q_Lipschitz	proven	118	125	full/q3.lean.aristotle/Q3/AxiomsTheorems.lean
Q3_AxiomsTheorems	Q_nonneg_on_atoms	sorry	152	188	full/q3.lean.aristotle/Q3/AxiomsTheorems.lean
Q3_AxiomsTheorems	RKHS_contraction	proven	125	130	full/q3.lean.aristotle/Q3/AxiomsTheorems.lean
Q3_AxiomsTheorems	S_K_small	proven	84	88	full/q3.lean.aristotle/Q3/AxiomsTheorems.lean
Q3_AxiomsTheorems	W_sum_finite	proven	88	95	full/q3.lean.aristotle/Q3/AxiomsTheorems.lean
Q3_AxiomsTheorems	node_spacing	proven	78	84	full/q3.lean.aristotle/Q3/AxiomsTheorems.lean
Q3_AxiomsTheorems	off_diag_exp_sum	proven	95	105	full/q3.lean.aristotle/Q3/AxiomsTheorems.lean
Q3_DigammaRemainder	add_mem_slitPlane_of_re_pos	proven	119	130	/Users/emalam/Documents/GitHub/chen_q3/full/q3.lean.aristotle/Q3/DigammaRemainder.lean
Q3_DigammaRemainder	add_ne_zero_of_re_pos	proven	110	119	/Users/emalam/Documents/GitHub/chen_q3/full/q3.lean.aristotle/Q3/DigammaRemainder.lean
Q3_DigammaRemainder	bernoulli1	proven	30	33	/Users/emalam/Documents/GitHub/chen_q3/full/q3.lean.aristotle/Q3/DigammaRemainder.lean
Q3_DigammaRemainder	bernoulli1Fract	proven	33	36	/Users/emalam/Documents/GitHub/chen_q3/full/q3.lean.aristotle/Q3/DigammaRemainder.lean
Q3_DigammaRemainder	bernoulli1Fract_eq_on_Ioo	proven	99	104	/Users/emalam/Documents/GitHub/chen_q3/full/q3.lean.aristotle/Q3/DigammaRemainder.lean
Q3_DigammaRemainder	bernoulli2	proven	24	27	/Users/emalam/Documents/GitHub/chen_q3/full/q3.lean.aristotle/Q3/DigammaRemainder.lean
Q3_DigammaRemainder	bernoulli2Diff	proven	27	30	/Users/emalam/Documents/GitHub/chen_q3/full/q3.lean.aristotle/Q3/DigammaRemainder.lean
Q3_DigammaRemainder	bernoulli2Diff_bounds	proven	56	72	/Users/emalam/Documents/GitHub/chen_q3/full/q3.lean.aristotle/Q3/DigammaRemainder.lean
Q3_DigammaRemainder	bernoulli2Diff_eq_mul	proven	51	56	/Users/emalam/Documents/GitHub/chen_q3/full/q3.lean.aristotle/Q3/DigammaRemainder.lean
Q3_DigammaRemainder	bernoulli2Diff_eq_on_Ioo	proven	104	110	/Users/emalam/Documents/GitHub/chen_q3/full/q3.lean.aristotle/Q3/DigammaRemainder.lean
Q3_DigammaRemainder	bernoulli2Diff_int	proven	82	85	/Users/emalam/Documents/GitHub/chen_q3/full/q3.lean.aristotle/Q3/DigammaRemainder.lean
Q3_DigammaRemainder	bernoulli2Diff_norm_le	proven	72	82	/Users/emalam/Documents/GitHub/chen_q3/full/q3.lean.aristotle/Q3/DigammaRemainder.lean
Q3_DigammaRemainder	digammaSeq_eq_stieltjes	proven	881	916	/Users/emalam/Documents/GitHub/chen_q3/full/q3.lean.aristotle/Q3/DigammaRemainder.lean
Q3_DigammaRemainder	digamma_stieltjes_identity	proven	1720	1889	/Users/emalam/Documents/GitHub/chen_q3/full/q3.lean.aristotle/Q3/DigammaRemainder.lean
Q3_DigammaRemainder	fract_eq_sub_nat_on_Ioo	proven	85	99	/Users/emalam/Documents/GitHub/chen_q3/full/q3.lean.aristotle/Q3/DigammaRemainder.lean
Q3_DigammaRemainder	hasDerivAt_inv_add	proven	130	141	/Users/emalam/Documents/GitHub/chen_q3/full/q3.lean.aristotle/Q3/DigammaRemainder.lean
Q3_DigammaRemainder	hasDerivAt_log_add	proven	141	151	/Users/emalam/Documents/GitHub/chen_q3/full/q3.lean.aristotle/Q3/DigammaRemainder.lean
Q3_DigammaRemainder	integrable_bernoulli2Diff_div	proven	1671	1720	/Users/emalam/Documents/GitHub/chen_q3/full/q3.lean.aristotle/Q3/DigammaRemainder.lean
Q3_DigammaRemainder	integrable_kernel_norm	proven	1585	1671	/Users/emalam/Documents/GitHub/chen_q3/full/q3.lean.aristotle/Q3/DigammaRemainder.lean
Q3_DigammaRemainder	integral_kernel_bound	proven	1559	1585	/Users/emalam/Documents/GitHub/chen_q3/full/q3.lean.aristotle/Q3/DigammaRemainder.lean
Q3_DigammaRemainder	integral_kernel_eq	proven	1230	1559	/Users/emalam/Documents/GitHub/chen_q3/full/q3.lean.aristotle/Q3/DigammaRemainder.lean
Q3_DigammaRemainder	intervalIntegrable_b2diff_div_nat	proven	548	629	/Users/emalam/Documents/GitHub/chen_q3/full/q3.lean.aristotle/Q3/DigammaRemainder.lean
Q3_DigammaRemainder	intervalIntegrable_inv_add_nat	proven	527	548	/Users/emalam/Documents/GitHub/chen_q3/full/q3.lean.aristotle/Q3/DigammaRemainder.lean
Q3_DigammaRemainder	intervalIntegral_inv_eq_log	proven	454	527	/Users/emalam/Documents/GitHub/chen_q3/full/q3.lean.aristotle/Q3/DigammaRemainder.lean
Q3_DigammaRemainder	logGamma	proven	13	31	/Users/emalam/Documents/GitHub/chen_q3/full/q3.lean.aristotle/Q3/DigammaRemainder.lean
Q3_DigammaRemainder	measurable_bernoulli2	proven	36	47	/Users/emalam/Documents/GitHub/chen_q3/full/q3.lean.aristotle/Q3/DigammaRemainder.lean
Q3_DigammaRemainder	measurable_bernoulli2Diff	proven	47	51	/Users/emalam/Documents/GitHub/chen_q3/full/q3.lean.aristotle/Q3/DigammaRemainder.lean
Q3_DigammaRemainder	re_digamma_remainder_bound_stieltjes	proven	1889	2084	/Users/emalam/Documents/GitHub/chen_q3/full/q3.lean.aristotle/Q3/DigammaRemainder.lean
Q3_DigammaRemainder	stieltjesBound	proven	922	926	/Users/emalam/Documents/GitHub/chen_q3/full/q3.lean.aristotle/Q3/DigammaRemainder.lean
Q3_DigammaRemainder	stieltjesF	proven	916	922	/Users/emalam/Documents/GitHub/chen_q3/full/q3.lean.aristotle/Q3/DigammaRemainder.lean
Q3_DigammaRemainder	stieltjes_integral_deriv	proven	1220	1230	/Users/emalam/Documents/GitHub/chen_q3/full/q3.lean.aristotle/Q3/DigammaRemainder.lean
Q3_DigammaRemainder	stieltjes_integral_hasDerivAt	proven	926	1220	/Users/emalam/Documents/GitHub/chen_q3/full/q3.lean.aristotle/Q3/DigammaRemainder.lean
Q3_DigammaRemainder	stieltjes_interval_B1_to_B2	proven	251	404	/Users/emalam/Documents/GitHub/chen_q3/full/q3.lean.aristotle/Q3/DigammaRemainder.lean
Q3_DigammaRemainder	stieltjes_interval_B1_to_B2Diff	proven	404	454	/Users/emalam/Documents/GitHub/chen_q3/full/q3.lean.aristotle/Q3/DigammaRemainder.lean
Q3_DigammaRemainder	stieltjes_interval_identity	proven	151	242	/Users/emalam/Documents/GitHub/chen_q3/full/q3.lean.aristotle/Q3/DigammaRemainder.lean
Q3_DigammaRemainder	stieltjes_interval_identity_pos	proven	242	251	/Users/emalam/Documents/GitHub/chen_q3/full/q3.lean.aristotle/Q3/DigammaRemainder.lean
Q3_DigammaRemainder	sum_interval_integral_b2diff	proven	702	721	/Users/emalam/Documents/GitHub/chen_q3/full/q3.lean.aristotle/Q3/DigammaRemainder.lean
Q3_DigammaRemainder	sum_interval_integral_inv	proven	687	702	/Users/emalam/Documents/GitHub/chen_q3/full/q3.lean.aristotle/Q3/DigammaRemainder.lean
Q3_DigammaRemainder	sum_inv_eq_log_plus_integral	proven	721	881	/Users/emalam/Documents/GitHub/chen_q3/full/q3.lean.aristotle/Q3/DigammaRemainder.lean
Q3_DigammaRemainder	sum_trapezoid_eq_sum	proven	629	687	/Users/emalam/Documents/GitHub/chen_q3/full/q3.lean.aristotle/Q3/DigammaRemainder.lean
Q3_DigammaSeries	Gamma_continuousAt_of_re_pos	proven	14	24	/Users/emalam/Documents/GitHub/chen_q3/full/q3.lean.aristotle/Q3/DigammaSeries.lean
Q3_DigammaSeries	Gamma_differentiableOn_right_half_plane	proven	24	35	/Users/emalam/Documents/GitHub/chen_q3/full/q3.lean.aristotle/Q3/DigammaSeries.lean
Q3_DigammaSeries	derivGamma_bounded_on_compact	proven	35	56	/Users/emalam/Documents/GitHub/chen_q3/full/q3.lean.aristotle/Q3/DigammaSeries.lean
Q3_DigammaSeries	digammaSeq_eq_split	proven	290	298	/Users/emalam/Documents/GitHub/chen_q3/full/q3.lean.aristotle/Q3/DigammaSeries.lean
Q3_DigammaSeries	digammaSeq_tendstoLocallyUniformlyOn_of_derivGamma_bounded	proven	222	267	/Users/emalam/Documents/GitHub/chen_q3/full/q3.lean.aristotle/Q3/DigammaSeries.lean
Q3_DigammaSeries	digammaSeq_tendsto_Q3_digamma	proven	267	290	/Users/emalam/Documents/GitHub/chen_q3/full/q3.lean.aristotle/Q3/DigammaSeries.lean
Q3_DigammaSeries	digammaSeq_tendsto_series	proven	395	455	/Users/emalam/Documents/GitHub/chen_q3/full/q3.lean.aristotle/Q3/DigammaSeries.lean
Q3_DigammaSeries	digamma_eq_root	proven	12	14	/Users/emalam/Documents/GitHub/chen_q3/full/q3.lean.aristotle/Q3/DigammaSeries.lean
Q3_DigammaSeries	digamma_eq_series_of_tendsto	proven	455	464	/Users/emalam/Documents/GitHub/chen_q3/full/q3.lean.aristotle/Q3/DigammaSeries.lean
Q3_DigammaSeries	digamma_series_summable	proven	308	395	/Users/emalam/Documents/GitHub/chen_q3/full/q3.lean.aristotle/Q3/DigammaSeries.lean
Q3_DigammaSeries	gamma_norm_lower_bound_on_compact	proven	56	80	/Users/emalam/Documents/GitHub/chen_q3/full/q3.lean.aristotle/Q3/DigammaSeries.lean
Q3_DigammaSeries	re_digamma_eq_sum_of_tendsto	proven	464	489	/Users/emalam/Documents/GitHub/chen_q3/full/q3.lean.aristotle/Q3/DigammaSeries.lean
Q3_DigammaSeries	sum_range_inv_eq_harmonic	proven	298	303	/Users/emalam/Documents/GitHub/chen_q3/full/q3.lean.aristotle/Q3/DigammaSeries.lean
Q3_DigammaSeries	sum_range_inv_eq_harmonic_real	proven	303	308	/Users/emalam/Documents/GitHub/chen_q3/full/q3.lean.aristotle/Q3/DigammaSeries.lean
Q3_DigammaSeries	tendstoUniformlyOn_div_of_bounds	proven	80	222	/Users/emalam/Documents/GitHub/chen_q3/full/q3.lean.aristotle/Q3/DigammaSeries.lean
Q_Lipschitz	ActiveNodes_local	proven	40	43	Q3/Proofs/Q_Lipschitz.lean
Q_Lipschitz	D_bdd_above	proven	107	119	Q3/Proofs/Q_Lipschitz.lean
Q_Lipschitz	D_nonneg	proven	119	128	Q3/Proofs/Q_Lipschitz.lean
Q_Lipschitz	L_Q_local	proven	50	55	Q3/Proofs/Q_Lipschitz.lean
Q_Lipschitz	M_a_local	proven	47	50	Q3/Proofs/Q_Lipschitz.lean
Q_Lipschitz	M_a_local_pos	proven	70	80	Q3/Proofs/Q_Lipschitz.lean
Q_Lipschitz	Q_Lipschitz_local	proven	180	262	Q3/Proofs/Q_Lipschitz.lean
Q_Lipschitz	Q_Lipschitz_on_W_K_thm	proven	277	289	Q3/Proofs/Q_Lipschitz.lean
Q_Lipschitz	Q_local	proven	102	107	Q3/Proofs/Q_Lipschitz.lean
Q_Lipschitz	Q_local_eq_Q	proven	262	268	Q3/Proofs/Q_Lipschitz.lean
Q_Lipschitz	W_K_local	proven	89	96	Q3/Proofs/Q_Lipschitz.lean
Q_Lipschitz	W_K_subset_W_K_local	proven	268	277	Q3/Proofs/Q_Lipschitz.lean
Q_Lipschitz	W_sum_local	proven	43	47	Q3/Proofs/Q_Lipschitz.lean
Q_Lipschitz	a_star_bdd_above_on_Icc	proven	55	64	Q3/Proofs/Q_Lipschitz.lean
Q_Lipschitz	a_star_image_nonempty	proven	64	70	Q3/Proofs/Q_Lipschitz.lean
Q_Lipschitz	a_star_le_M_a_local	proven	80	89	Q3/Proofs/Q_Lipschitz.lean
Q_Lipschitz	arch_term_Lipschitz_bridge	proven	128	163	Q3/Proofs/Q_Lipschitz.lean
Q_Lipschitz	arch_term_local	proven	96	99	Q3/Proofs/Q_Lipschitz.lean
Q_Lipschitz	prime_term_Lipschitz_bridge	proven	163	180	Q3/Proofs/Q_Lipschitz.lean
Q_Lipschitz	prime_term_local	proven	99	102	Q3/Proofs/Q_Lipschitz.lean
Q_Lipschitz_bridge_v2	L_Q	proven	37	42	/Users/emalam/Documents/GitHub/chen_q3/full/q3.lean.aristotle/Q3/Proofs/Q_Lipschitz_bridge_v2.lean
Q_Lipschitz_bridge_v2	L_Q_pos	proven	94	110	/Users/emalam/Documents/GitHub/chen_q3/full/q3.lean.aristotle/Q3/Proofs/Q_Lipschitz_bridge_v2.lean
Q_Lipschitz_bridge_v2	M_a	proven	34	37	/Users/emalam/Documents/GitHub/chen_q3/full/q3.lean.aristotle/Q3/Proofs/Q_Lipschitz_bridge_v2.lean
Q_Lipschitz_bridge_v2	M_a_pos	proven	75	86	/Users/emalam/Documents/GitHub/chen_q3/full/q3.lean.aristotle/Q3/Proofs/Q_Lipschitz_bridge_v2.lean
Q_Lipschitz_bridge_v2	N_K	proven	206	208	/Users/emalam/Documents/GitHub/chen_q3/full/q3.lean.aristotle/Q3/Proofs/Q_Lipschitz_bridge_v2.lean
Q_Lipschitz_bridge_v2	Nodes_finite	proven	229	233	/Users/emalam/Documents/GitHub/chen_q3/full/q3.lean.aristotle/Q3/Proofs/Q_Lipschitz_bridge_v2.lean
Q_Lipschitz_bridge_v2	Nodes_subset_Icc	proven	208	229	/Users/emalam/Documents/GitHub/chen_q3/full/q3.lean.aristotle/Q3/Proofs/Q_Lipschitz_bridge_v2.lean
Q_Lipschitz_bridge_v2	Phi_zero_outside_support	proven	233	243	/Users/emalam/Documents/GitHub/chen_q3/full/q3.lean.aristotle/Q3/Proofs/Q_Lipschitz_bridge_v2.lean
Q_Lipschitz_bridge_v2	Q_Lipschitz_on_W_K	proven	358	395	/Users/emalam/Documents/GitHub/chen_q3/full/q3.lean.aristotle/Q3/Proofs/Q_Lipschitz_bridge_v2.lean
Q_Lipschitz_bridge_v2	Q_uniformly_continuous_on_W_K	proven	395	432	/Users/emalam/Documents/GitHub/chen_q3/full/q3.lean.aristotle/Q3/Proofs/Q_Lipschitz_bridge_v2.lean
Q_Lipschitz_bridge_v2	a_star_bdd_above	proven	59	67	/Users/emalam/Documents/GitHub/chen_q3/full/q3.lean.aristotle/Q3/Proofs/Q_Lipschitz_bridge_v2.lean
Q_Lipschitz_bridge_v2	a_star_image_nonempty	proven	67	75	/Users/emalam/Documents/GitHub/chen_q3/full/q3.lean.aristotle/Q3/Proofs/Q_Lipschitz_bridge_v2.lean
Q_Lipschitz_bridge_v2	a_star_le_M_a	proven	86	94	/Users/emalam/Documents/GitHub/chen_q3/full/q3.lean.aristotle/Q3/Proofs/Q_Lipschitz_bridge_v2.lean
Q_Lipschitz_bridge_v2	arch_term_Lipschitz_local	proven	159	206	/Users/emalam/Documents/GitHub/chen_q3/full/q3.lean.aristotle/Q3/Proofs/Q_Lipschitz_bridge_v2.lean
Q_Lipschitz_bridge_v2	arch_term_eq_local	proven	129	153	/Users/emalam/Documents/GitHub/chen_q3/full/q3.lean.aristotle/Q3/Proofs/Q_Lipschitz_bridge_v2.lean
Q_Lipschitz_bridge_v2	arch_term_local	proven	126	129	/Users/emalam/Documents/GitHub/chen_q3/full/q3.lean.aristotle/Q3/Proofs/Q_Lipschitz_bridge_v2.lean
Q_Lipschitz_bridge_v2	prime_term_Lipschitz	proven	272	358	/Users/emalam/Documents/GitHub/chen_q3/full/q3.lean.aristotle/Q3/Proofs/Q_Lipschitz_bridge_v2.lean
Q_Lipschitz_bridge_v2	summable_w_Q_Phi	proven	249	272	/Users/emalam/Documents/GitHub/chen_q3/full/q3.lean.aristotle/Q3/Proofs/Q_Lipschitz_bridge_v2.lean
Q_Lipschitz_bridge_v2	sup_norm_diff	proven	42	59	/Users/emalam/Documents/GitHub/chen_q3/full/q3.lean.aristotle/Q3/Proofs/Q_Lipschitz_bridge_v2.lean
Q_Lipschitz_bridge_v2	sup_norm_diff_bddAbove	proven	110	119	/Users/emalam/Documents/GitHub/chen_q3/full/q3.lean.aristotle/Q3/Proofs/Q_Lipschitz_bridge_v2.lean
Q_Lipschitz_bridge_v2	sup_norm_diff_nonneg	proven	119	126	/Users/emalam/Documents/GitHub/chen_q3/full/q3.lean.aristotle/Q3/Proofs/Q_Lipschitz_bridge_v2.lean
Q_Lipschitz_bridge_v2	volume_real_Icc	proven	153	159	/Users/emalam/Documents/GitHub/chen_q3/full/q3.lean.aristotle/Q3/Proofs/Q_Lipschitz_bridge_v2.lean
Q_Lipschitz_bridge_v2	w_Q_zero_of_lt_two	proven	243	249	/Users/emalam/Documents/GitHub/chen_q3/full/q3.lean.aristotle/Q3/Proofs/Q_Lipschitz_bridge_v2.lean
RKHS_bridge	Nodes_Q3	proven	42	46	Q3/Proofs/RKHS_contraction_bridge.lean
RKHS_bridge	Nodes_alpha	proven	46	51	Q3/Proofs/RKHS_contraction_bridge.lean
RKHS_bridge	RKHS_contraction_Q3	proven	125	145	Q3/Proofs/RKHS_contraction_bridge.lean
RKHS_bridge	RKHS_parameters_rescale	sorry	145	213	Q3/Proofs/RKHS_contraction_bridge.lean
RKHS_bridge	T_P_entry_rescale_invariant	proven	83	96	Q3/Proofs/RKHS_contraction_bridge.lean
RKHS_bridge	T_P_matrix_Q3	proven	51	57	Q3/Proofs/RKHS_contraction_bridge.lean
RKHS_bridge	T_P_matrix_Q3_symm	proven	57	83	Q3/Proofs/RKHS_contraction_bridge.lean
RKHS_bridge	standalone_w_RKHS_eq_Q3_w_RKHS	proven	103	107	Q3/Proofs/RKHS_contraction_bridge.lean
RKHS_bridge	standalone_w_max_eq_Q3_w_max	proven	107	125	Q3/Proofs/RKHS_contraction_bridge.lean
RKHS_bridge	standalone_xi_eq_two_pi_mul_Q3_xi_n	proven	96	103	Q3/Proofs/RKHS_contraction_bridge.lean
RKHS_cap_rayleigh	A3_bridge_rayleigh_from_weight_sum	proven	871	894	full/q3.lean.aristotle/Q3/Proofs/RKHS_cap_rayleigh.lean
RKHS_cap_rayleigh	T_P_comp_real_opNorm_le_weight_sum	proven	831	850	full/q3.lean.aristotle/Q3/Proofs/RKHS_cap_rayleigh.lean
RKHS_cap_rayleigh	condensed_term	proven	248	250	full/q3.lean.aristotle/Q3/Proofs/RKHS_cap_rayleigh.lean
RKHS_cap_rayleigh	condensed_term_le_geom	proven	216	248	full/q3.lean.aristotle/Q3/Proofs/RKHS_cap_rayleigh.lean
RKHS_cap_rayleigh	condensed_term_nonneg	proven	250	255	full/q3.lean.aristotle/Q3/Proofs/RKHS_cap_rayleigh.lean
RKHS_cap_rayleigh	exp_log_sq_le_inv_pow	proven	170	187	full/q3.lean.aristotle/Q3/Proofs/RKHS_cap_rayleigh.lean
RKHS_cap_rayleigh	exp_log_sq_le_pow	proven	136	170	full/q3.lean.aristotle/Q3/Proofs/RKHS_cap_rayleigh.lean
RKHS_cap_rayleigh	exp_shift_le_exp_mul	proven	400	439	full/q3.lean.aristotle/Q3/Proofs/RKHS_cap_rayleigh.lean
RKHS_cap_rayleigh	exp_xi_log_eq	proven	383	400	full/q3.lean.aristotle/Q3/Proofs/RKHS_cap_rayleigh.lean
RKHS_cap_rayleigh	fejer_heat_window_le_exp	proven	97	111	full/q3.lean.aristotle/Q3/Proofs/RKHS_cap_rayleigh.lean
RKHS_cap_rayleigh	inner_sq_le_normSq	proven	36	44	full/q3.lean.aristotle/Q3/Proofs/RKHS_cap_rayleigh.lean
RKHS_cap_rayleigh	normSq	proven	24	27	full/q3.lean.aristotle/Q3/Proofs/RKHS_cap_rayleigh.lean
RKHS_cap_rayleigh	pow_inv_shift	proven	187	189	full/q3.lean.aristotle/Q3/Proofs/RKHS_cap_rayleigh.lean
RKHS_cap_rayleigh	pow_inv_shift_antitone	proven	193	205	full/q3.lean.aristotle/Q3/Proofs/RKHS_cap_rayleigh.lean
RKHS_cap_rayleigh	pow_inv_shift_nonneg	proven	189	193	full/q3.lean.aristotle/Q3/Proofs/RKHS_cap_rayleigh.lean
RKHS_cap_rayleigh	prime_rayleigh_shift_le_rho_oneK	proven	739	789	full/q3.lean.aristotle/Q3/Proofs/RKHS_cap_rayleigh.lean
RKHS_cap_rayleigh	prime_term_phi_shift_le_rho_oneK	proven	789	831	full/q3.lean.aristotle/Q3/Proofs/RKHS_cap_rayleigh.lean
RKHS_cap_rayleigh	quadForm	proven	27	30	full/q3.lean.aristotle/Q3/Proofs/RKHS_cap_rayleigh.lean
RKHS_cap_rayleigh	quadForm_rankOne	proven	44	48	full/q3.lean.aristotle/Q3/Proofs/RKHS_cap_rayleigh.lean
RKHS_cap_rayleigh	quadForm_sum	proven	48	59	full/q3.lean.aristotle/Q3/Proofs/RKHS_cap_rayleigh.lean
RKHS_cap_rayleigh	rankOne	proven	33	36	full/q3.lean.aristotle/Q3/Proofs/RKHS_cap_rayleigh.lean
RKHS_cap_rayleigh	rayleighQ	proven	30	33	full/q3.lean.aristotle/Q3/Proofs/RKHS_cap_rayleigh.lean
RKHS_cap_rayleigh	rayleighQ_rankone_sum_le	proven	59	97	full/q3.lean.aristotle/Q3/Proofs/RKHS_cap_rayleigh.lean
RKHS_cap_rayleigh	rho_oneK	proven	439	442	full/q3.lean.aristotle/Q3/Proofs/RKHS_cap_rayleigh.lean
RKHS_cap_rayleigh	rkhs_cap_rayleigh_tcap	proven	850	871	full/q3.lean.aristotle/Q3/Proofs/RKHS_cap_rayleigh.lean
RKHS_cap_rayleigh	summable_condensed_term	proven	260	267	full/q3.lean.aristotle/Q3/Proofs/RKHS_cap_rayleigh.lean
RKHS_cap_rayleigh	summable_geom	proven	255	260	full/q3.lean.aristotle/Q3/Proofs/RKHS_cap_rayleigh.lean
RKHS_cap_rayleigh	summable_pow_inv_shift	proven	205	216	full/q3.lean.aristotle/Q3/Proofs/RKHS_cap_rayleigh.lean
RKHS_cap_rayleigh	tsum_condensed_term_le	proven	287	316	full/q3.lean.aristotle/Q3/Proofs/RKHS_cap_rayleigh.lean
RKHS_cap_rayleigh	tsum_geom_tail	proven	267	287	full/q3.lean.aristotle/Q3/Proofs/RKHS_cap_rayleigh.lean
RKHS_cap_rayleigh	tsum_pow_inv_shift_le	proven	316	383	full/q3.lean.aristotle/Q3/Proofs/RKHS_cap_rayleigh.lean
RKHS_cap_rayleigh	w_Q_le_const	proven	111	136	full/q3.lean.aristotle/Q3/Proofs/RKHS_cap_rayleigh.lean
RKHS_cap_rayleigh	weight_sum_le_rho_one	proven	561	645	full/q3.lean.aristotle/Q3/Proofs/RKHS_cap_rayleigh.lean
RKHS_cap_rayleigh	weight_sum_le_rho_oneK	proven	645	739	full/q3.lean.aristotle/Q3/Proofs/RKHS_cap_rayleigh.lean
RKHS_cap_rayleigh	weight_term_le_pow_inv	proven	442	489	full/q3.lean.aristotle/Q3/Proofs/RKHS_cap_rayleigh.lean
RKHS_cap_rayleigh	weight_term_shift_le_pow_inv	proven	489	561	full/q3.lean.aristotle/Q3/Proofs/RKHS_cap_rayleigh.lean
RKHS_contraction_bridge	Nodes_Q3	proven	42	46	Q3/Proofs/RKHS_contraction_bridge.lean
RKHS_contraction_bridge	Nodes_alpha	proven	46	51	Q3/Proofs/RKHS_contraction_bridge.lean
RKHS_contraction_bridge	RKHS_contraction_Q3	proven	125	145	Q3/Proofs/RKHS_contraction_bridge.lean
RKHS_contraction_bridge	RKHS_parameters_rescale	sorry	145	213	Q3/Proofs/RKHS_contraction_bridge.lean
RKHS_contraction_bridge	T_P_entry_rescale_invariant	proven	83	96	Q3/Proofs/RKHS_contraction_bridge.lean
RKHS_contraction_bridge	T_P_matrix_Q3	proven	51	57	Q3/Proofs/RKHS_contraction_bridge.lean
RKHS_contraction_bridge	T_P_matrix_Q3_symm	proven	57	83	Q3/Proofs/RKHS_contraction_bridge.lean
RKHS_contraction_bridge	standalone_w_RKHS_eq_Q3_w_RKHS	proven	103	107	Q3/Proofs/RKHS_contraction_bridge.lean
RKHS_contraction_bridge	standalone_w_max_eq_Q3_w_max	proven	107	125	Q3/Proofs/RKHS_contraction_bridge.lean
RKHS_contraction_bridge	standalone_xi_eq_two_pi_mul_Q3_xi_n	proven	96	103	Q3/Proofs/RKHS_contraction_bridge.lean
Rayleigh_Q_identification	M_lt_2M_add_1	proven	35	38	/Users/emalam/Documents/GitHub/chen_q3/full/q3.lean.aristotle/Q3/Proofs/Rayleigh_Q_identification.lean
Rayleigh_Q_identification	P_A_tsum_eq_finite_sum	proven	286	311	/Users/emalam/Documents/GitHub/chen_q3/full/q3.lean.aristotle/Q3/Proofs/Rayleigh_Q_identification.lean
Rayleigh_Q_identification	T_P_comp_real_diag	proven	162	198	/Users/emalam/Documents/GitHub/chen_q3/full/q3.lean.aristotle/Q3/Proofs/Rayleigh_Q_identification.lean
Rayleigh_Q_identification	ToeplitzEntry_diag	proven	105	113	/Users/emalam/Documents/GitHub/chen_q3/full/q3.lean.aristotle/Q3/Proofs/Rayleigh_Q_identification.lean
Rayleigh_Q_identification	ToeplitzEntry_diag_re	proven	113	120	/Users/emalam/Documents/GitHub/chen_q3/full/q3.lean.aristotle/Q3/Proofs/Rayleigh_Q_identification.lean
Rayleigh_Q_identification	ToeplitzMatrix_Fourier_real_diag	proven	120	129	/Users/emalam/Documents/GitHub/chen_q3/full/q3.lean.aristotle/Q3/Proofs/Rayleigh_Q_identification.lean
Rayleigh_Q_identification	arch_rayleigh_eq	proven	471	481	/Users/emalam/Documents/GitHub/chen_q3/full/q3.lean.aristotle/Q3/Proofs/Rayleigh_Q_identification.lean
Rayleigh_Q_identification	arch_term_eq_two_pi_integral_g	proven	311	347	/Users/emalam/Documents/GitHub/chen_q3/full/q3.lean.aristotle/Q3/Proofs/Rayleigh_Q_identification.lean
Rayleigh_Q_identification	basis0	proven	42	46	/Users/emalam/Documents/GitHub/chen_q3/full/q3.lean.aristotle/Q3/Proofs/Rayleigh_Q_identification.lean
Rayleigh_Q_identification	basis0_ne_zero	proven	60	66	/Users/emalam/Documents/GitHub/chen_q3/full/q3.lean.aristotle/Q3/Proofs/Rayleigh_Q_identification.lean
Rayleigh_Q_identification	basis0_norm_sq	proven	46	60	/Users/emalam/Documents/GitHub/chen_q3/full/q3.lean.aristotle/Q3/Proofs/Rayleigh_Q_identification.lean
Rayleigh_Q_identification	continuous_g	proven	227	242	/Users/emalam/Documents/GitHub/chen_q3/full/q3.lean.aristotle/Q3/Proofs/Rayleigh_Q_identification.lean
Rayleigh_Q_identification	continuous_w	proven	212	227	/Users/emalam/Documents/GitHub/chen_q3/full/q3.lean.aristotle/Q3/Proofs/Rayleigh_Q_identification.lean
Rayleigh_Q_identification	fejer_heat_window_support	proven	537	543	/Users/emalam/Documents/GitHub/chen_q3/full/q3.lean.aristotle/Q3/Proofs/Rayleigh_Q_identification.lean
Rayleigh_Q_identification	fourier_index_i0	proven	129	134	/Users/emalam/Documents/GitHub/chen_q3/full/q3.lean.aristotle/Q3/Proofs/Rayleigh_Q_identification.lean
Rayleigh_Q_identification	g_shift_zero_of_large_m	proven	246	286	/Users/emalam/Documents/GitHub/chen_q3/full/q3.lean.aristotle/Q3/Proofs/Rayleigh_Q_identification.lean
Rayleigh_Q_identification	g_support	proven	209	212	/Users/emalam/Documents/GitHub/chen_q3/full/q3.lean.aristotle/Q3/Proofs/Rayleigh_Q_identification.lean
Rayleigh_Q_identification	honest_formula	proven	498	521	/Users/emalam/Documents/GitHub/chen_q3/full/q3.lean.aristotle/Q3/Proofs/Rayleigh_Q_identification.lean
Rayleigh_Q_identification	i0	proven	38	42	/Users/emalam/Documents/GitHub/chen_q3/full/q3.lean.aristotle/Q3/Proofs/Rayleigh_Q_identification.lean
Rayleigh_Q_identification	integral_P_A_eq_arch_term	proven	347	471	/Users/emalam/Documents/GitHub/chen_q3/full/q3.lean.aristotle/Q3/Proofs/Rayleigh_Q_identification.lean
Rayleigh_Q_identification	prime_rayleigh_eq	proven	481	498	/Users/emalam/Documents/GitHub/chen_q3/full/q3.lean.aristotle/Q3/Proofs/Rayleigh_Q_identification.lean
Rayleigh_Q_identification	prime_term_eq_nodes_of_support	proven	553	581	/Users/emalam/Documents/GitHub/chen_q3/full/q3.lean.aristotle/Q3/Proofs/Rayleigh_Q_identification.lean
Rayleigh_Q_identification	prime_term_eq_nodes_sum	proven	581	597	/Users/emalam/Documents/GitHub/chen_q3/full/q3.lean.aristotle/Q3/Proofs/Rayleigh_Q_identification.lean
Rayleigh_Q_identification	prime_vec_i0	proven	134	141	/Users/emalam/Documents/GitHub/chen_q3/full/q3.lean.aristotle/Q3/Proofs/Rayleigh_Q_identification.lean
Rayleigh_Q_identification	prime_vec_i0_norm_sq	proven	141	162	/Users/emalam/Documents/GitHub/chen_q3/full/q3.lean.aristotle/Q3/Proofs/Rayleigh_Q_identification.lean
Rayleigh_Q_identification	quadForm_basis0	proven	66	87	/Users/emalam/Documents/GitHub/chen_q3/full/q3.lean.aristotle/Q3/Proofs/Rayleigh_Q_identification.lean
Rayleigh_Q_identification	rayleigh_Q_eq_Q	proven	597	610	/Users/emalam/Documents/GitHub/chen_q3/full/q3.lean.aristotle/Q3/Proofs/Rayleigh_Q_identification.lean
Rayleigh_Q_identification	rayleigh_Q_identification	proven	521	537	/Users/emalam/Documents/GitHub/chen_q3/full/q3.lean.aristotle/Q3/Proofs/Rayleigh_Q_identification.lean
Rayleigh_Q_identification	rayleigh_basis0	proven	87	94	/Users/emalam/Documents/GitHub/chen_q3/full/q3.lean.aristotle/Q3/Proofs/Rayleigh_Q_identification.lean
Rayleigh_Q_identification	rayleigh_basis0_sub	proven	94	105	/Users/emalam/Documents/GitHub/chen_q3/full/q3.lean.aristotle/Q3/Proofs/Rayleigh_Q_identification.lean
Rayleigh_Q_identification	w_Q_zero_of_lt_two	proven	543	553	/Users/emalam/Documents/GitHub/chen_q3/full/q3.lean.aristotle/Q3/Proofs/Rayleigh_Q_identification.lean
Rayleigh_Q_identification	w_eq_fejer_heat_window	proven	242	246	/Users/emalam/Documents/GitHub/chen_q3/full/q3.lean.aristotle/Q3/Proofs/Rayleigh_Q_identification.lean
Rayleigh_Q_identification	w_support	proven	198	209	/Users/emalam/Documents/GitHub/chen_q3/full/q3.lean.aristotle/Q3/Proofs/Rayleigh_Q_identification.lean
ShiftedWindows	P_A_shift	proven	24	33	full/q3.lean.aristotle/Q3/Proofs/ShiftedWindows.lean
ShiftedWindows	P_A_shift_tsum_eq_finite_sum	proven	141	164	full/q3.lean.aristotle/Q3/Proofs/ShiftedWindows.lean
ShiftedWindows	arch_term_eq_two_pi_integral_g_shift	proven	164	175	full/q3.lean.aristotle/Q3/Proofs/ShiftedWindows.lean
ShiftedWindows	continuous_a	proven	47	63	full/q3.lean.aristotle/Q3/Proofs/ShiftedWindows.lean
ShiftedWindows	continuous_fejer_heat_window	proven	63	82	full/q3.lean.aristotle/Q3/Proofs/ShiftedWindows.lean
ShiftedWindows	continuous_g_shift	proven	87	91	full/q3.lean.aristotle/Q3/Proofs/ShiftedWindows.lean
ShiftedWindows	continuous_phi_shift	proven	82	87	full/q3.lean.aristotle/Q3/Proofs/ShiftedWindows.lean
ShiftedWindows	g_shift	proven	21	24	full/q3.lean.aristotle/Q3/Proofs/ShiftedWindows.lean
ShiftedWindows	g_shift_support	proven	43	47	full/q3.lean.aristotle/Q3/Proofs/ShiftedWindows.lean
ShiftedWindows	g_shift_support_of_margin	proven	103	108	full/q3.lean.aristotle/Q3/Proofs/ShiftedWindows.lean
ShiftedWindows	g_shift_zero_of_large_m	proven	108	141	full/q3.lean.aristotle/Q3/Proofs/ShiftedWindows.lean
ShiftedWindows	integral_P_A_shift_eq_arch_term	proven	175	308	full/q3.lean.aristotle/Q3/Proofs/ShiftedWindows.lean
ShiftedWindows	phi_shift	proven	18	21	full/q3.lean.aristotle/Q3/Proofs/ShiftedWindows.lean
ShiftedWindows	phi_shift_support	proven	33	43	full/q3.lean.aristotle/Q3/Proofs/ShiftedWindows.lean
ShiftedWindows	phi_shift_support_of_margin	proven	91	103	full/q3.lean.aristotle/Q3/Proofs/ShiftedWindows.lean
UNIFORM_DEFS	A_0	proven	45	48	../UNIFORM_ARCH_FLOOR_defs.lean
UNIFORM_DEFS	A_star	proven	54	57	../UNIFORM_ARCH_FLOOR_defs.lean
UNIFORM_DEFS	L_int	proven	48	54	../UNIFORM_ARCH_FLOOR_defs.lean
UNIFORM_DEFS	L_star	proven	57	60	../UNIFORM_ARCH_FLOOR_defs.lean
UNIFORM_DEFS	M_0_unif	proven	71	74	../UNIFORM_ARCH_FLOOR_defs.lean
UNIFORM_DEFS	a	proven	40	45	../UNIFORM_ARCH_FLOOR_defs.lean
UNIFORM_DEFS	c_star	proven	60	66	../UNIFORM_ARCH_FLOOR_defs.lean
UNIFORM_DEFS	digamma	proven	38	40	../UNIFORM_ARCH_FLOOR_defs.lean
UNIFORM_DEFS	t_rkhs_unif	proven	74	75	../UNIFORM_ARCH_FLOOR_defs.lean
UNIFORM_DEFS	t_sym_val	proven	66	71	../UNIFORM_ARCH_FLOOR_defs.lean
