m,N,status,reason,backend_B_used,max_abs_change_from_previous_N,max_abs_residual
13,64,SKIPPED_BY_K1_GUARD,K1_BACKEND_CROSSCHECK_FAILED_BACKEND_B_FORBIDDEN,False,,
13,128,SKIPPED_BY_K1_GUARD,K1_BACKEND_CROSSCHECK_FAILED_BACKEND_B_FORBIDDEN,False,,
13,256,SKIPPED_BY_K1_GUARD,K1_BACKEND_CROSSCHECK_FAILED_BACKEND_B_FORBIDDEN,False,,
13,512,SKIPPED_BY_K1_GUARD,K1_BACKEND_CROSSCHECK_FAILED_BACKEND_B_FORBIDDEN,False,,
13,1024,SKIPPED_BY_K1_GUARD,K1_BACKEND_CROSSCHECK_FAILED_BACKEND_B_FORBIDDEN,False,,
13,2048,SKIPPED_BY_K1_GUARD,K1_BACKEND_CROSSCHECK_FAILED_BACKEND_B_FORBIDDEN,False,,
53,64,SKIPPED_BY_K1_GUARD,K1_BACKEND_CROSSCHECK_FAILED_BACKEND_B_FORBIDDEN,False,,
53,128,SKIPPED_BY_K1_GUARD,K1_BACKEND_CROSSCHECK_FAILED_BACKEND_B_FORBIDDEN,False,,
53,256,SKIPPED_BY_K1_GUARD,K1_BACKEND_CROSSCHECK_FAILED_BACKEND_B_FORBIDDEN,False,,
53,512,SKIPPED_BY_K1_GUARD,K1_BACKEND_CROSSCHECK_FAILED_BACKEND_B_FORBIDDEN,False,,
53,1024,SKIPPED_BY_K1_GUARD,K1_BACKEND_CROSSCHECK_FAILED_BACKEND_B_FORBIDDEN,False,,
53,2048,SKIPPED_BY_K1_GUARD,K1_BACKEND_CROSSCHECK_FAILED_BACKEND_B_FORBIDDEN,False,,
257,64,SKIPPED_BY_K1_GUARD,K1_BACKEND_CROSSCHECK_FAILED_BACKEND_B_FORBIDDEN,False,,
257,128,SKIPPED_BY_K1_GUARD,K1_BACKEND_CROSSCHECK_FAILED_BACKEND_B_FORBIDDEN,False,,
257,256,SKIPPED_BY_K1_GUARD,K1_BACKEND_CROSSCHECK_FAILED_BACKEND_B_FORBIDDEN,False,,
257,512,SKIPPED_BY_K1_GUARD,K1_BACKEND_CROSSCHECK_FAILED_BACKEND_B_FORBIDDEN,False,,
257,1024,SKIPPED_BY_K1_GUARD,K1_BACKEND_CROSSCHECK_FAILED_BACKEND_B_FORBIDDEN,False,,
257,2048,SKIPPED_BY_K1_GUARD,K1_BACKEND_CROSSCHECK_FAILED_BACKEND_B_FORBIDDEN,False,,
