m,dps,t_label,source_022_sign,computed_sign,source_022_log10_abs,computed_log10_abs,absolute_log10_drift_vs_022,sign_match_022,fingerprint_pass
13,514,0.25,-1,-1,-0.1523431106278033408951699811950675211847,-0.15234311062780334232569013120965612580314716355100,0.0,True,True
13,514,0.5,-1,-1,-2.127524869755360814593814211548306047916,-2.1275248697553608613131594623238959488043848065435,0.0,True,True
13,514,0.75,-1,-1,-8.353197741365919526401739858556538820267,-8.3531977413659187014326356550391371776840899847238,0.0,True,True
53,1123,0.25,-1,-1,-2.069797938775892021112667862325906753540,-2.0697979387758922007680128533098915914597535415801,0.0,True,True
53,1123,0.5,-1,-1,-15.46882514121737273171675042249262332916,-15.468825141217372971198421306492894061299747336235,0.0,True,True
53,1123,0.75,-1,-1,-44.05779185451611112966929795220494270325,-44.057791854516108764898710286759478187940780901489,0.0,True,True
257,1580,0.25,-1,-1,-18.31819921501341497105386224575340747833,-18.318199215013413310550608463951483875912632049266,0.0,True,True
257,1580,0.5,-1,-1,-88.66182339126004308127448894083499908447,-88.661823391260037994276088324856200766179643630243,0.0,True,True
257,1580,0.75,-1,-1,-231.1451864738562846923741744831204414368,-231.14518647385629856326645427108546205674419216895,0.0,True,True
