m,level,r,u_left,u_right,positive_points,negative_points,zero_points,max_positive_log10,max_abs_log10,min_abs_log10
13,P1,1,1.8027756377319946,3.605551275463989,0,65,0,,-3.55888404586045,-26.97795059150203
13,P1,2,1.2018504251546631,1.8027756377319946,0,65,0,,-1.723218685715426,-3.4005365276172754
13,P1,3,0.9013878188659973,1.2018504251546631,0,65,0,,-1.559811296795098,-1.7042159264138808
13,P1,4,0.7211102550927978,0.9013878188659973,0,65,0,,-1.604750733472278,-1.9958609066416373
13,P1,5,0.6009252125773316,0.7211102550927978,0,65,0,,-2.013151066179829,-2.519658502057494
13,P1,6,0.5150787536377127,0.6009252125773316,0,65,0,,-2.5308469431716194,-2.645529771173881
13,P1,7,0.45069390943299864,0.5150787536377127,0,65,0,,-2.573500673357742,-2.6392414614984063
13,P1,8,0.40061680838488767,0.45069390943299864,0,65,0,,-2.51012903331553,-2.5713406177091103
13,P1,9,0.3605551275463989,0.40061680838488767,0,65,0,,-2.4589715681215845,-2.508399674180459
13,P1,10,0.32777738867854445,0.3605551275463989,0,65,0,,-2.4164372473804736,-2.457557381762349
13,P1,11,0.3004626062886658,0.32777738867854445,0,65,0,,-2.380151323681619,-2.4152458693586683
13,P1,12,0.2773500981126146,0.3004626062886658,0,65,0,,-2.348581857688976,-2.3791248281867228
13,P2,1,1.8027756377319946,3.605551275463989,0,65,0,,-3.558884045860447,-26.977950591152492
13,P2,2,1.2018504251546631,1.8027756377319946,0,65,0,,-1.723218685715426,-3.4005365276172785
13,P2,3,0.9013878188659973,1.2018504251546631,0,65,0,,-1.5598112967950981,-1.7042159264138808
13,P2,4,0.7211102550927978,0.9013878188659973,0,65,0,,-1.6047507334722784,-1.9958609066416508
13,P2,5,0.6009252125773316,0.7211102550927978,0,65,0,,-2.0131510661798546,-2.5196585020575597
13,P2,6,0.5150787536377127,0.6009252125773316,0,65,0,,-2.5308469431716687,-2.645529771173981
13,P2,7,0.45069390943299864,0.5150787536377127,0,65,0,,-2.57350067335776,-2.6392414614984805
13,P2,8,0.40061680838488767,0.45069390943299864,0,65,0,,-2.510129033315553,-2.571340617709176
13,P2,9,0.3605551275463989,0.40061680838488767,0,65,0,,-2.4589715681215987,-2.508399674180433
13,P2,10,0.32777738867854445,0.3605551275463989,0,65,0,,-2.4164372473804687,-2.4575573817623537
13,P2,11,0.3004626062886658,0.32777738867854445,0,65,0,,-2.3801513236816416,-2.415245869358665
13,P2,12,0.2773500981126146,0.3004626062886658,0,65,0,,-2.348581857688974,-2.3791248281867476
13,P3,1,1.8027756377319946,3.605551275463989,0,65,0,,-3.55888404586041,-26.977950591158297
13,P3,2,1.2018504251546631,1.8027756377319946,0,65,0,,-1.723218685715395,-3.4005365276172346
13,P3,3,0.9013878188659973,1.2018504251546631,0,65,0,,-1.5598112967950732,-1.7042159264138437
13,P3,4,0.7211102550927978,0.9013878188659973,0,65,0,,-1.6047507334722595,-1.99586090664164
13,P3,5,0.6009252125773316,0.7211102550927978,0,65,0,,-2.013151066179844,-2.51965850205748
13,P3,6,0.5150787536377127,0.6009252125773316,0,65,0,,-2.5308469431715954,-2.6455297711738486
13,P3,7,0.45069390943299864,0.5150787536377127,0,65,0,,-2.573500673357609,-2.6392414614982984
13,P3,8,0.40061680838488767,0.45069390943299864,0,65,0,,-2.510129033315415,-2.5713406177090095
13,P3,9,0.3605551275463989,0.40061680838488767,0,65,0,,-2.4589715681214575,-2.5083996741803274
13,P3,10,0.32777738867854445,0.3605551275463989,0,65,0,,-2.4164372473803475,-2.4575573817622614
13,P3,11,0.3004626062886658,0.32777738867854445,0,65,0,,-2.380151323681495,-2.415245869358565
13,P3,12,0.2773500981126146,0.3004626062886658,0,65,0,,-2.3485818576888824,-2.3791248281866184
53,P1,1,3.640054944640259,7.280109889280518,0,65,0,,-17.666915992777493,-121.77121427041173
53,P1,2,2.4267032964268394,3.640054944640259,0,65,0,,-6.982652153444785,-16.86535417083836
53,P1,3,1.8200274723201295,2.4267032964268394,0,65,0,,-3.8512789024679663,-6.81325019763471
53,P1,4,1.4560219778561037,1.8200274723201295,0,65,0,,-2.651729681175516,-3.793350006312696
53,P1,5,1.2133516482134197,1.4560219778561037,0,65,0,,-2.166835564729186,-2.6286602000806147
53,P1,6,1.0400156984686455,1.2133516482134197,0,65,0,,-2.010801665759959,-2.15813815424862
53,P1,7,0.9100137361600648,1.0400156984686455,0,65,0,,-2.003370410246504,-2.037580843644667
53,P1,8,0.8089010988089465,0.9100137361600648,0,65,0,,-2.0405392570045926,-2.186711024554454
53,P1,9,0.7280109889280518,0.8089010988089465,0,65,0,,-2.1928700961449477,-2.4291950535938507
53,P1,10,0.6618281717527744,0.7280109889280518,0,65,0,,-2.437861896741408,-2.7431600775855736
53,P1,11,0.6066758241067098,0.6618281717527744,0,65,0,,-2.7535754595427124,-3.0932019021218857
53,P1,12,0.5600084530215783,0.6066758241067098,0,65,0,,-3.1037673117620828,-3.4020920252331184
53,P1,13,0.5200078492343227,0.5600084530215783,0,65,0,,-3.4096840247404483,-3.5727560831488248
53,P1,14,0.48534065928536785,0.5200078492343227,0,65,0,,-3.575484955732332,-3.6099978580462175
53,P1,15,0.4550068680800324,0.48534065928536785,0,65,0,,-3.5915674700887936,-3.6098742944273026
53,P1,16,0.42824175819297167,0.4550068680800324,0,65,0,,-3.56154941490038,-3.590714969306213
53,P1,17,0.4044505494044732,0.42824175819297167,0,65,0,,-3.532042356910234,-3.560622753248353
53,P1,18,0.38316367838318516,0.4044505494044732,0,65,0,,-3.505097548735818,-3.5311840797214136
53,P1,19,0.3640054944640259,0.38316367838318516,0,65,0,,-3.4806488882739197,-3.504319634367264
53,P1,20,0.34667189948954846,0.3640054944640259,0,65,0,,-3.4583451567409123,-3.479941590578866
53,P1,21,0.3309140858763872,0.34667189948954846,0,65,0,,-3.4378655763926274,-3.4576978223217085
53,P1,22,0.3165265169252399,0.3309140858763872,0,65,0,,-3.418949647549391,-3.437269392661603
53,P1,23,0.3033379120533549,0.3165265169252399,0,65,0,,-3.401386988976937,-3.418397521112125
53,P1,24,0.29120439557122074,0.3033379120533549,0,65,0,,-3.385005879640959,-3.400873164417087
53,P1,25,0.28000422651078916,0.29120439557122074,0,65,0,,-3.369664513538725,-3.384525631189042
53,P1,26,0.26963369960298217,0.28000422651078916,0,65,0,,-3.3552445373522466,-3.369213917248159
53,P1,27,0.2600039246171614,0.26963369960298217,0,65,0,,-3.3416462251761367,-3.3548203021288776
53,P1,28,0.2510382720441558,0.2600039246171614,0,65,0,,-3.328784821762194,-3.3412455656836446
53,P1,29,0.24267032964268392,0.2510382720441558,0,65,0,,-3.316587732897411,-3.328405361373094
53,P1,30,0.23484225449291993,0.24267032964268392,0,65,0,,-3.3049923389740585,-3.316227428655355
53,P1,31,0.2275034340400162,0.23484225449291993,0,65,0,,-3.2939442743188256,-3.304649422845167
53,P1,32,0.22060939058425813,0.2275034340400162,0,65,0,,-3.283396058433442,-3.2936172066978058
53,P1,33,0.21412087909648583,0.22060939058425813,0,65,0,,-3.2733059972392455,-3.2830834909951228
53,P1,34,0.20800313969372908,0.21412087909648583,0,65,0,,-3.2636372926796207,-3.273006742962862
53,P1,35,0.2022252747022366,0.20800313969372908,0,65,0,,-3.2543573158794517,-3.263350301476811
53,P1,36,0.1967597267373113,0.2022252747022366,0,65,0,,-3.245437008911248,-3.254081654598588
53,P1,37,0.19158183919159258,0.1967597267373113,0,65,0,,-3.236850389136869,-3.2451718448450366
53,P1,38,0.1866694843405261,0.19158183919159258,0,65,0,,-3.228574135886199,-3.236594976298627
53,P1,39,0.18200274723201296,0.1866694843405261,0,65,0,,-3.2205872437872323,-3.2283278035275593
53,P1,40,0.1775636558361102,0.18200274723201296,0,65,0,,-3.212870729876304,-3.220349386756876
53,P1,41,0.17333594974477423,0.1775636558361102,0,65,0,,-3.205407385568765,-3.212640800435704
53,P1,42,0.16930488114605857,0.17333594974477423,0,65,0,,-3.198181564979453,-3.2051848864494854
53,P1,43,0.1654570429381936,0.16930488114605857,0,65,0,,-3.191179003528746,-3.1979660434486097
53,P1,44,0.1617802197617893,0.1654570429381936,0,65,0,,-3.1843866621489827,-3.1909700462885215
53,P1,45,0.15826325846261996,0.1617802197617893,0,65,0,,-3.1777925923316532,-3.1841838909381237
53,P1,46,0.15489595509107484,0.15826325846261996,0,65,0,,-3.1713858194486666,-3.1775956601259456
53,P1,47,0.15166895602667746,0.15489595509107484,0,65,0,,-3.165156240771955,-3.1711944071580698
53,P1,48,0.1485736712098065,0.15166895602667746,0,65,0,,-3.1590945366433187,-3.164970054345856
53,P1,49,0.14560219778561037,0.1485736712098065,0,65,0,,-3.153192092541697,-3.1589133045535425
53,P1,50,0.14274725273099054,0.14560219778561037,0,65,0,,-3.14744093038981,-3.153015563566587
53,P1,51,0.14000211325539458,0.14274725273099054,0,65,0,,-3.1418336481333387,-3.147268871657275
53,P1,52,0.137360563948689,0.14000211325539458,0,65,0,,-3.136363366141818,-3.1416658433961815
53,P2,1,3.640054944640259,7.280109889280518,0,65,0,,-17.66691599305654,-121.77121427260761
53,P2,2,2.4267032964268394,3.640054944640259,0,65,0,,-6.982652153475548,-16.86535417109922
53,P2,3,1.8200274723201295,2.4267032964268394,0,65,0,,-3.8512789024680103,-6.81325019765513
53,P2,4,1.4560219778561037,1.8200274723201295,0,65,0,,-2.651729681176404,-3.793350006312835
53,P2,5,1.2133516482134197,1.4560219778561037,0,65,0,,-2.1668355647294377,-2.6286602000808377
53,P2,6,1.0400156984686455,1.2133516482134197,0,65,0,,-2.010801665760197,-2.1581381542488662
53,P2,7,0.9100137361600648,1.0400156984686455,0,65,0,,-2.0033704102466436,-2.0375808436447493
53,P2,8,0.8089010988089465,0.9100137361600648,0,65,0,,-2.0405392570044425,-2.186711024554662
53,P2,9,0.7280109889280518,0.8089010988089465,0,65,0,,-2.192870096145156,-2.429195053593992
53,P2,10,0.6618281717527744,0.7280109889280518,0,65,0,,-2.43786189674173,-2.743160077586084
53,P2,11,0.6066758241067098,0.6618281717527744,0,65,0,,-2.7535754595435007,-3.093201902123627
53,P2,12,0.5600084530215783,0.6066758241067098,0,65,0,,-3.103767311763986,-3.402092025241929
53,P2,13,0.5200078492343227,0.5600084530215783,0,65,0,,-3.409684024749795,-3.572756083154728
53,P2,14,0.48534065928536785,0.5200078492343227,0,65,0,,-3.5754849557383146,-3.609997858056836
53,P2,15,0.4550068680800324,0.48534065928536785,0,65,0,,-3.5915674700789357,-3.6098742944230713
53,P2,16,0.42824175819297167,0.4550068680800324,0,65,0,,-3.5615494149132347,-3.5907149692900067
53,P2,17,0.4044505494044732,0.42824175819297167,0,65,0,,-3.532042356941385,-3.560622753257981
53,P2,18,0.38316367838318516,0.4044505494044732,0,65,0,,-3.5050975487155016,-3.5311840797578142
53,P2,19,0.3640054944640259,0.38316367838318516,0,65,0,,-3.4806488882773077,-3.504319634341622
53,P2,20,0.34667189948954846,0.3640054944640259,0,65,0,,-3.4583451567628063,-3.4799415905828406
53,P2,21,0.3309140858763872,0.34667189948954846,0,65,0,,-3.4378655763921606,-3.4576978223476096
53,P2,22,0.3165265169252399,0.3309140858763872,0,65,0,,-3.4189496475746313,-3.4372693926613422
53,P2,23,0.3033379120533549,0.3165265169252399,0,65,0,,-3.4013869889777215,-3.4183975211409203
53,P2,24,0.29120439557122074,0.3033379120533549,0,65,0,,-3.3850058796435665,-3.400873164416047
53,P2,25,0.28000422651078916,0.29120439557122074,0,65,0,,-3.369664513539363,-3.3845256311917744
53,P2,26,0.26963369960298217,0.28000422651078916,0,65,0,,-3.3552445373615196,-3.3692139172469626
53,P2,27,0.2600039246171614,0.26963369960298217,0,65,0,,-3.341646225177927,-3.3548203021401615
53,P2,28,0.2510382720441558,0.2600039246171614,0,65,0,,-3.3287848217694296,-3.3412455656853344
53,P2,29,0.24267032964268392,0.2510382720441558,0,65,0,,-3.316587732897521,-3.3284053613806672
53,P2,30,0.23484225449291993,0.24267032964268392,0,65,0,,-3.3049923389842224,-3.3162274286548747
53,P2,31,0.2275034340400162,0.23484225449291993,0,65,0,,-3.293944274317052,-3.304649422852916
53,P2,32,0.22060939058425813,0.2275034340400162,0,65,0,,-3.2833960584454176,-3.2936172066940643
53,P2,33,0.21412087909648583,0.22060939058425813,0,65,0,,-3.273305997240616,-3.2830834910054
53,P2,34,0.20800313969372908,0.21412087909648583,0,65,0,,-3.263637292686298,-3.2730067429644034
53,P2,35,0.2022252747022366,0.20800313969372908,0,65,0,,-3.2543573158909798,-3.2633503014826557
53,P2,36,0.1967597267373113,0.2022252747022366,0,65,0,,-3.2454370089124094,-3.254081654611251
53,P2,37,0.19158183919159258,0.1967597267373113,0,65,0,,-3.2368503891287963,-3.245171844847063
53,P2,38,0.1866694843405261,0.19158183919159258,0,65,0,,-3.228574135904455,-3.236594976289285
53,P2,39,0.18200274723201296,0.1866694843405261,0,65,0,,-3.220587243787223,-3.2283278035472174
53,P2,40,0.1775636558361102,0.18200274723201296,0,65,0,,-3.2128707298755503,-3.220349386756484
53,P2,41,0.17333594974477423,0.1775636558361102,0,65,0,,-3.205407385577718,-3.212640800434554
53,P2,42,0.16930488114605857,0.17333594974477423,0,65,0,,-3.1981815649739436,-3.2051848864593526
53,P2,43,0.1654570429381936,0.16930488114605857,0,65,0,,-3.1911790035329357,-3.197966043443667
53,P2,44,0.1617802197617893,0.1654570429381936,0,65,0,,-3.184386662140938,-3.190970046291614
53,P2,45,0.15826325846261996,0.1617802197617893,0,65,0,,-3.1777925923428794,-3.18418389092963
53,P2,46,0.15489595509107484,0.15826325846261996,0,65,0,,-3.171385819450442,-3.1775956601383624
53,P2,47,0.15166895602667746,0.15489595509107484,0,65,0,,-3.1651562407658047,-3.171194407159238
53,P2,48,0.1485736712098065,0.15166895602667746,0,65,0,,-3.159094536648403,-3.1649700543393067
53,P2,49,0.14560219778561037,0.1485736712098065,0,65,0,,-3.1531920925430774,-3.15891330455939
53,P2,50,0.14274725273099054,0.14560219778561037,0,65,0,,-3.1474409303936866,-3.1530155635677413
53,P2,51,0.14000211325539458,0.14274725273099054,0,65,0,,-3.1418336481331512,-3.147268871660651
53,P2,52,0.137360563948689,0.14000211325539458,0,65,0,,-3.1363633661342054,-3.1416658433961917
53,P3,1,3.640054944640259,7.280109889280518,0,65,0,,-17.66691599305859,-121.7712142726253
53,P3,2,2.4267032964268394,3.640054944640259,0,65,0,,-6.982652153475696,-16.86535417110102
53,P3,3,1.8200274723201295,2.4267032964268394,0,65,0,,-3.8512789024680854,-6.813250197655079
53,P3,4,1.4560219778561037,1.8200274723201295,0,65,0,,-2.6517296811765028,-3.7933500063129095
53,P3,5,1.2133516482134197,1.4560219778561037,0,65,0,,-2.166835564729486,-2.6286602000809114
53,P3,6,1.0400156984686455,1.2133516482134197,0,65,0,,-2.0108016657602947,-2.15813815424894
53,P3,7,0.9100137361600648,1.0400156984686455,0,65,0,,-2.0033704102467413,-2.037580843644846
53,P3,8,0.8089010988089465,0.9100137361600648,0,65,0,,-2.0405392570045136,-2.1867110245547554
53,P3,9,0.7280109889280518,0.8089010988089465,0,65,0,,-2.1928700961452487,-2.42919505359408
53,P3,10,0.6618281717527744,0.7280109889280518,0,65,0,,-2.4378618967417847,-2.743160077586147
53,P3,11,0.6066758241067098,0.6618281717527744,0,65,0,,-2.753575459543604,-3.0932019021239197
53,P3,12,0.5600084530215783,0.6066758241067098,0,65,0,,-3.1037673117643503,-3.40209202524273
53,P3,13,0.5200078492343227,0.5600084530215783,0,65,0,,-3.4096840247506273,-3.572756083156191
53,P3,14,0.48534065928536785,0.5200078492343227,0,65,0,,-3.5754849557397796,-3.609997858058534
53,P3,15,0.4550068680800324,0.48534065928536785,0,65,0,,-3.591567470080427,-3.609874294424676
53,P3,16,0.42824175819297167,0.4550068680800324,0,65,0,,-3.5615494149131868,-3.5907149692908997
53,P3,17,0.4044505494044732,0.42824175819297167,0,65,0,,-3.5320423569415644,-3.5606227532584587
53,P3,18,0.38316367838318516,0.4044505494044732,0,65,0,,-3.5050975487167344,-3.531184079758238
53,P3,19,0.3640054944640259,0.38316367838318516,0,65,0,,-3.4806488882781603,-3.5043196343421696
53,P3,20,0.34667189948954846,0.3640054944640259,0,65,0,,-3.4583451567634764,-3.479941590583199
53,P3,21,0.3309140858763872,0.34667189948954846,0,65,0,,-3.437865576392821,-3.457697822348089
53,P3,22,0.3165265169252399,0.3309140858763872,0,65,0,,-3.418949647575478,-3.437269392661863
53,P3,23,0.3033379120533549,0.3165265169252399,0,65,0,,-3.401386988978257,-3.4183975211413604
53,P3,24,0.29120439557122074,0.3033379120533549,0,65,0,,-3.385005879644017,-3.4008731644163963
53,P3,25,0.28000422651078916,0.29120439557122074,0,65,0,,-3.369664513540134,-3.3845256311921252
53,P3,26,0.26963369960298217,0.28000422651078916,0,65,0,,-3.3552445373619495,-3.3692139172480213
53,P3,27,0.2600039246171614,0.26963369960298217,0,65,0,,-3.34164622517841,-3.3548203021405523
53,P3,28,0.2510382720441558,0.2600039246171614,0,65,0,,-3.3287848217701184,-3.341245565685829
53,P3,29,0.24267032964268392,0.2510382720441558,0,65,0,,-3.3165877328980136,-3.328405361381244
53,P3,30,0.23484225449291993,0.24267032964268392,0,65,0,,-3.30499233898481,-3.3162274286555182
53,P3,31,0.2275034340400162,0.23484225449291993,0,65,0,,-3.293944274317561,-3.3046494228534975
53,P3,32,0.22060939058425813,0.2275034340400162,0,65,0,,-3.283396058446102,-3.2936172066944756
53,P3,33,0.21412087909648583,0.22060939058425813,0,65,0,,-3.2733059972408736,-3.2830834910061824
53,P3,34,0.20800313969372908,0.21412087909648583,0,65,0,,-3.2636372926867177,-3.2730067429646996
53,P3,35,0.2022252747022366,0.20800313969372908,0,65,0,,-3.254357315891609,-3.263350301483124
53,P3,36,0.1967597267373113,0.2022252747022366,0,65,0,,-3.245437008913162,-3.2540816546116504
53,P3,37,0.19158183919159258,0.1967597267373113,0,65,0,,-3.2368503891296636,-3.245171844847613
53,P3,38,0.1866694843405261,0.19158183919159258,0,65,0,,-3.2285741359049926,-3.2365949762900112
53,P3,39,0.18200274723201296,0.1866694843405261,0,65,0,,-3.2205872437878678,-3.228327803547798
53,P3,40,0.1775636558361102,0.18200274723201296,0,65,0,,-3.2128707298758714,-3.2203493867570083
53,P3,41,0.17333594974477423,0.1775636558361102,0,65,0,,-3.2054073855781535,-3.2126408004348175
53,P3,42,0.16930488114605857,0.17333594974477423,0,65,0,,-3.1981815649744005,-3.20518488645958
53,P3,43,0.1654570429381936,0.16930488114605857,0,65,0,,-3.1911790035335197,-3.1979660434441275
53,P3,44,0.1617802197617893,0.1654570429381936,0,65,0,,-3.1843866621415766,-3.190970046292222
53,P3,45,0.15826325846261996,0.1617802197617893,0,65,0,,-3.177792592343224,-3.1841838909301967
53,P3,46,0.15489595509107484,0.15826325846261996,0,65,0,,-3.1713858194506273,-3.177595660139032
53,P3,47,0.15166895602667746,0.15489595509107484,0,65,0,,-3.1651562407660863,-3.1711944071595903
53,P3,48,0.1485736712098065,0.15166895602667746,0,65,0,,-3.1590945366488565,-3.164970054339715
53,P3,49,0.14560219778561037,0.1485736712098065,0,65,0,,-3.153192092543428,-3.1589133045597895
53,P3,50,0.14274725273099054,0.14560219778561037,0,65,0,,-3.1474409303942945,-3.1530155635682813
53,P3,51,0.14000211325539458,0.14274725273099054,0,65,0,,-3.1418336481335443,-3.1472688716611246
53,P3,52,0.137360563948689,0.14000211325539458,0,65,0,,-3.1363633661347925,-3.1416658433966567
257,P1,1,8.0156097709407,16.0312195418814,0,65,0,,-93.52197915659998,-608.8744187472448
257,P1,2,5.3437398472938,8.0156097709407,0,65,0,,-38.117769439898,-89.45152524252046
257,P1,3,4.00780488547035,5.3437398472938,0,65,0,,-20.484478627461638,-37.200579809077574
257,P1,4,3.2062439083762797,4.00780488547035,0,65,0,,-12.72426237698559,-20.134908803833405
257,P1,5,2.6718699236469,3.2062439083762797,0,65,0,,-8.690125883746845,-12.556306989142858
257,P1,6,2.290174220268771,2.6718699236469,0,65,0,,-6.369033499444034,-8.598095848561508
257,P1,7,2.003902442735175,2.290174220268771,0,65,0,,-4.941969210874961,-6.314237268502413
257,P1,8,1.7812466157645999,2.003902442735175,0,65,0,,-4.025070208998426,-4.907502253476098
257,P1,9,1.6031219541881399,1.7812466157645999,0,65,0,,-3.419421276950675,-4.00260114856635
257,P1,10,1.4573835947164908,1.6031219541881399,0,65,0,,-3.013928702531662,-3.404468032263597
257,P1,11,1.33593496182345,1.4573835947164908,0,65,0,,-2.7428817704698067,-3.003914939239039
257,P1,12,1.2331707339908768,1.33593496182345,0,65,0,,-2.565661988363412,-2.7362493137627073
257,P1,13,1.1450871101343856,1.2331707339908768,0,65,0,,-2.456325729776391,-2.5614314184423916
257,P1,14,1.0687479694587598,1.1450871101343856,0,65,0,,-2.397923903669156,-2.4538641661723597
257,P1,15,1.0019512213675874,1.0687479694587598,0,65,0,,-2.3792213028497953,-2.3968148801226343
257,P1,16,0.9430129142283176,1.0019512213675874,0,65,0,,-2.3791817202011236,-2.3926905012450725
257,P1,17,0.8906233078822999,0.9430129142283176,0,65,0,,-2.3935450833291987,-2.433226121287502
257,P1,18,0.8437483969411262,0.8906233078822999,0,65,0,,-2.4348414483987466,-2.4973000935893053
257,P1,19,0.8015609770940699,0.8437483969411262,0,65,0,,-2.4995867780019143,-2.582404391920413
257,P1,20,0.763391406756257,0.8015609770940699,0,65,0,,-2.585297678676386,-2.686683349819136
257,P1,21,0.7286917973582454,0.763391406756257,0,65,0,,-2.6901340575566692,-2.8086850968286794
257,P1,22,0.6970095452991912,0.7286917973582454,0,65,0,,-2.8126532925197956,-2.947177864891309
257,P1,23,0.667967480911725,0.6970095452991912,0,65,0,,-2.9516277853497135,-3.1009851945911713
257,P1,24,0.6412487816752559,0.667967480911725,0,65,0,,-3.1058800465186303,-3.268792592953433
257,P1,25,0.6165853669954384,0.6412487816752559,0,65,0,,-3.2740876390346982,-3.448864255821111
257,P1,26,0.5937488719215332,0.6165853669954384,0,65,0,,-3.4544959648870432,-3.6385830774296437
257,P1,27,0.5725435550671928,0.5937488719215332,0,65,0,,-3.6444512922441366,-3.833712285923143
257,P1,28,0.5528006738579793,0.5725435550671928,0,65,0,,-3.83965275949284,-4.02736756167363
257,P1,29,0.5343739847293799,0.5528006738579793,0,65,0,,-4.03311877375393,-4.2091292600810295
257,P1,30,0.5171361142542387,0.5343739847293799,0,65,0,,-4.214319685159324,-4.365713777544878
257,P1,31,0.5009756106837937,0.5171361142542387,0,65,0,,-4.369929265659442,-4.485070936928243
257,P1,32,0.48579453157216357,0.5009756106837937,0,65,0,,-4.48803466903423,-4.562668266061179
257,P1,33,0.4715064571141588,0.48579453157216357,0,65,0,,-4.564405090873981,-4.60387671479634
257,P1,34,0.4580348440537542,0.4715064571141588,0,65,0,,-4.604669372273443,-4.619575397875577
257,P1,35,0.44531165394114997,0.4580348440537542,0,65,0,,-4.619770618788082,-4.621242955128978
257,P1,36,0.4332762038346324,0.44531165394114997,0,65,0,,-4.613056197206368,-4.620076477522577
257,P1,37,0.4218741984705631,0.4332762038346324,0,65,0,,-4.602365372269947,-4.61276890035115
257,P1,38,0.41105691133029226,0.4218741984705631,0,65,0,,-4.590343041312605,-4.60201290802261
257,P1,39,0.40078048854703496,0.41105691133029226,0,65,0,,-4.578049580515836,-4.589970831085371
257,P1,40,0.3910053546800341,0.40078048854703496,0,65,0,,-4.565956245133182,-4.577678514208314
257,P1,41,0.3816957033781285,0.3910053546800341,0,65,0,,-4.5542508995711515,-4.565595117326452
257,P1,42,0.3728190591135209,0.3816957033781285,0,65,0,,-4.5429923814457895,-4.5539028718672165
257,P1,43,0.3643458986791227,0.3728190591135209,0,65,0,,-4.532184145905463,-4.542658131019619
257,P1,44,0.35624932315291996,0.3643458986791227,0,65,0,,-4.52180786286955,-4.53186332770665
257,P1,45,0.3485047726495956,0.35624932315291996,0,65,0,,-4.5118380852089786,-4.521499765532077
257,P1,46,0.3410897774868383,0.3485047726495956,0,65,0,,-4.502248242851912,-4.511541900748317
257,P1,47,0.3339837404558625,0.3410897774868383,0,65,0,,-4.493012916128308,-4.5019631761960035
257,P1,48,0.3271677457526816,0.3339837404558625,0,65,0,,-4.484108628495882,-4.492738225600752
257,P1,49,0.32062439083762795,0.3271677457526816,0,65,0,,-4.475513870793386,-4.483843631608677
257,P1,50,0.3143376380761059,0.32062439083762795,0,65,0,,-4.467209050657437,-4.475257946340919
257,P1,51,0.3082926834977192,0.3143376380761059,0,65,0,,-4.4591762913739625,-4.466961631830226
257,P1,52,0.3024758404128566,0.3082926834977192,0,65,0,,-4.451399275493285,-4.458936860874193
257,P1,53,0.2968744359607666,0.3024758404128566,0,65,0,,-4.44386305190563,-4.451167360578151
257,P1,54,0.29147671894329813,0.2968744359607666,0,65,0,,-4.436553905841432,-4.443638219124827
257,P1,55,0.2862717775335964,0.29147671894329813,0,65,0,,-4.4294592387357845,-4.436335756936017
257,P1,56,0.28124946564704206,0.2862717775335964,0,65,0,,-4.42256743661744,-4.4292474074577175
257,P1,57,0.27640033692898963,0.28124946564704206,0,65,0,,-4.415867784014925,-4.422361585291319
257,P1,58,0.2717155854556169,0.27640033692898963,0,65,0,,-4.40935035118893,-4.415667600101021
257,P1,59,0.26718699236468996,0.2717155854556169,0,65,0,,-4.403005948634255,-4.409155545392104
257,P1,60,0.2628068777357606,0.26718699236468996,0,65,0,,-4.396826061504169,-4.402816253528445
257,P1,61,0.25856805712711933,0.2628068777357606,0,65,0,,-4.390802739223623,-4.3966412276156746
257,P1,62,0.2544638022520857,0.25856805712711933,0,65,0,,-4.384928602505055,-4.390622534336669
257,P1,63,0.25048780534189685,0.2544638022520857,0,65,0,,-4.379196760678954,-4.384752810989891
257,P1,64,0.24663414679817536,0.25048780534189685,0,65,0,,-4.373600779606665,-4.379025180788176
257,P1,65,0.24289726578608178,0.24663414679817536,0,65,0,,-4.3681346305801165,-4.37343322278402
257,P1,66,0.2392719334609164,0.24289726578608178,0,65,0,,-4.3627926849289596,-4.367970920111611
257,P1,67,0.2357532285570794,0.2392719334609164,0,65,0,,-4.3575696497429615,-4.362632655985495
257,P1,68,0.2323365150997304,0.2357532285570794,0,65,0,,-4.35246055870069,-4.357413146542225
257,P1,69,0.2290174220268771,0.2323365150997304,0,65,0,,-4.347460749273847,-4.352307435891637
257,P1,70,0.22579182453354082,0.2290174220268771,0,65,0,,-4.3425658113667565,-4.347310869477226
257,P1,71,0.22265582697057498,0.22579182453354082,0,65,0,,-4.337771609302668,-4.342419044724827
257,P1,72,0.21960574714906025,0.22265582697057498,0,65,0,,-4.333074240133003,-4.3376278349536275
257,P1,73,0.2166381019173162,0.21960574714906025,0,65,0,,-4.328470013408865,-4.332933342436295
257,P1,74,0.213749593891752,0.2166381019173162,0,65,0,,-4.323955440376099,-4.328331883984918
257,P1,75,0.21093709923528156,0.213749593891752,0,65,0,,-4.319527222239462,-4.323819976342503
257,P1,76,0.2081976563880701,0.21093709923528156,0,65,0,,-4.315182234586432,-4.319394326513494
257,P1,77,0.20552845566514613,0.2081976563880701,0,65,0,,-4.310917508794257,-4.315051814795868
257,P1,78,0.20292682964406833,0.20552845566514613,0,65,0,,-4.306730242840659,-4.310789477566031
257,P1,79,0.20039024427351748,0.20292682964406833,0,65,0,,-4.302617761655845,-4.306604517274648
257,P1,80,0.19791629064051108,0.20039024427351748,0,65,0,,-4.298577538531731,-4.302494263093307
257,P1,81,0.19550267734001706,0.19791629064051108,0,65,0,,-4.294607152853536,-4.2984561920164035
257,P1,82,0.19314722339616142,0.19550267734001706,0,65,0,,-4.290704308552398,-4.294487886798108
257,P1,83,0.19084785168906426,0.19314722339616142,0,65,0,,-4.286866824405211,-4.290587055343884
257,P1,84,0.1886025828456635,0.19084785168906426,0,65,0,,-4.283092612113748,-4.2867515194675905
257,P1,85,0.18640952955676046,0.1886025828456635,0,65,0,,-4.279379686594907,-4.2829791935832064
257,P1,86,0.18426689128599308,0.18640952955676046,0,65,0,,-4.275726149571762,-4.27926809576863
257,P1,87,0.18217294933956135,0.18426689128599308,0,65,0,,-4.272130180573418,-4.275616330123958
257,P1,88,0.18012606226833033,0.18217294933956135,0,65,0,,-4.268590051649296,-4.272022078683104
257,P1,89,0.17812466157645998,0.18012606226833033,0,65,0,,-4.265104107844293,-4.268483616232822
257,P1,90,0.1761672477129824,0.17812466157645998,0,65,0,,-4.261670759597651,-4.26499928972081
257,P1,91,0.1742523863247978,0.1761672477129824,0,65,0,,-4.258288494146992,-4.261567511737344
257,P1,92,0.1723787047514129,0.1742523863247978,0,65,0,,-4.2549558511733645,-4.258186771620799
257,P1,93,0.17054488874341914,0.1723787047514129,0,65,0,,-4.251671434958862,-4.254855610665522
257,P1,94,0.16874967938822524,0.17054488874341914,0,65,0,,-4.248433905144895,-4.251572635072553
257,P1,95,0.16699187022793124,0.16874967938822524,0,65,0,,-4.245241984261245,-4.248336506162831
257,P1,96,0.16527030455547834,0.16699187022793124,0,65,0,,-4.2420944346922775,-4.2451459482507055
257,P1,97,0.1635838728763408,0.16527030455547834,0,65,0,,-4.23899007191197,-4.241999724849401
257,P1,98,0.16193151052405452,0.1635838728763408,0,65,0,,-4.235927756412735,-4.238896653023186
257,P1,99,0.16031219541881397,0.16193151052405452,0,65,0,,-4.232906397428873,-4.235835594789137
257,P1,100,0.15872494595922176,0.16031219541881397,0,65,0,,-4.229924940861649,-4.232815460531345
257,P1,101,0.15716881903805294,0.15872494595922176,0,65,0,,-4.2269823681866034,-4.22983519734453
257,P1,102,0.15564290817360582,0.15716881903805294,0,65,0,,-4.224077701643715,-4.226893787731804
257,P1,103,0.1541463417488596,0.15564290817360582,0,65,0,,-4.221210005156259,-4.223990255415931
257,P1,104,0.15267828135125142,0.1541463417488596,0,65,0,,-4.218378371429205,-4.221123665078192
257,P1,105,0.1512379202064283,0.15267828135125142,0,65,0,,-4.21558192304426,-4.218293110599943
257,P1,106,0.14982448169982615,0.1512379202064283,0,65,0,,-4.212819816954685,-4.215497715303996
257,P1,107,0.1484372179803833,0.14982448169982615,0,65,0,,-4.210091243127826,-4.212736637307214
257,P1,108,0.14707540864111374,0.1484372179803833,0,65,0,,-4.20739540976601,-4.210009067410644
257,P1,109,0.14573835947164906,0.14707540864111374,0,65,0,,-4.2047315572690565,-4.207314214292238
257,P1,110,0.1444254012782108,0.14573835947164906,0,65,0,,-4.2020989578549734,-4.2046513196437765
257,P1,111,0.1431358887667982,0.1444254012782108,0,65,0,,-4.199496899577158,-4.202019656262404
257,P1,112,0.14186919948567608,0.1431358887667982,0,65,0,,-4.196924697208131,-4.199418512840701
257,P1,113,0.14062473282352103,0.14186919948567608,0,65,0,,-4.194381688425229,-4.196847204898398
257,P1,114,0.13940190905983824,0.14062473282352103,0,65,0,,-4.1918672333412985,-4.194305070847946
257,P1,115,0.13820016846449482,0.13940190905983824,0,65,0,,-4.189380708949807,-4.191791471375348
257,P1,116,0.13701897044343075,0.13820016846449482,0,65,0,,-4.186921513988004,-4.18930578401589
257,P1,117,0.13585779272780846,0.13701897044343075,0,65,0,,-4.184489064912734,-4.186847408185298
257,P1,118,0.13471613060404536,0.13585779272780846,0,65,0,,-4.1820827967742975,-4.1844157607951615
257,P1,119,0.13359349618234498,0.13471613060404536,0,65,0,,-4.179702167777274,-4.1820102776371595
257,P1,120,0.13248941770149916,0.13359349618234498,0,65,0,,-4.177346646807961,-4.179630417350022
257,P1,121,0.1314034388678803,0.13248941770149916,0,65,0,,-4.1750157204858125,-4.177275649262019
257,P1,122,0.13033511822667804,0.1314034388678803,0,65,0,,-4.172708886708159,-4.174945460437675
257,P1,123,0.12928402856355967,0.13033511822667804,0,65,0,,-4.1704256621725255,-4.172639349208606
257,P1,124,0.1282497563350512,0.12928402856355967,0,65,0,,-4.168165578508234,-4.17035683284908
257,P1,125,0.12723190112604285,0.1282497563350512,0,65,0,,-4.1659281816111715,-4.168097443383615
257,P1,126,0.1262300751329244,0.12723190112604285,0,65,0,,-4.1637130269128315,-4.16586072708704
257,P1,127,0.12524390267094843,0.1262300751329244,0,65,0,,-4.1615196845512745,-4.163646239695614
257,P1,128,0.12427301970450697,0.12524390267094843,0,65,0,,-4.159347737636427,-4.16145355184393
257,P1,129,0.12331707339908768,0.12427301970450697,0,65,0,,-4.157196778866128,-4.159282246977464
257,P1,130,0.12237572169375113,0.12331707339908768,0,65,0,,-4.155066412213001,-4.157131918051396
257,P1,131,0.12144863289304089,0.12237572169375113,0,65,0,,-4.152956255647373,-4.155002169470108
257,P1,132,0.12053548527730375,0.12144863289304089,0,65,0,,-4.150865936484886,-4.1528926195575036
257,P1,133,0.1196359667304582,0.12053548527730375,0,65,0,,-4.148795091616692,-4.150802895892535
257,P1,134,0.11874977438430666,0.1196359667304582,0,65,0,,-4.146743365914309,-4.148732635663619
257,P1,135,0.1178766142785397,0.11874977438430666,0,65,0,,-4.144710414991605,-4.146681483952419
257,P1,136,0.11701620103563065,0.1178766142785397,0,65,0,,-4.142695905332868,-4.14464909679233
257,P1,137,0.1161682575498652,0.11701620103563065,0,65,0,,-4.140699511593489,-4.142635140928085
257,P1,138,0.11533251468979423,0.1161682575498652,0,65,0,,-4.138720914663793,-4.140639291198936
257,P1,139,0.11450871101343855,0.11533251468979423,0,65,0,,-4.136759804761899,-4.138661228751804
257,P1,140,0.11369659249561276,0.11450871101343855,0,65,0,,-4.1348158804047905,-4.136700644095849
257,P1,141,0.11289591226677041,0.11369659249561276,0,65,0,,-4.1328888452685035,-4.134757235915681
257,P1,142,0.11210643036280699,0.11289591226677041,0,65,0,,-4.1309784140559005,-4.13283070811753
257,P1,143,0.11132791348528749,0.11210643036280699,0,65,0,,-4.129084310124231,-4.130920775778564
257,P1,144,0.11056013477159585,0.11132791348528749,0,65,0,,-4.127206259834519,-4.129027162402475
257,P1,145,0.10980287357453013,0.11056013477159585,0,65,0,,-4.1253439958084615,-4.127149594392948
257,P1,146,0.10905591525089386,0.10980287357453013,0,65,0,,-4.123497259277967,-4.125287804737921
257,P1,147,0.1083190509586581,0.10905591525089386,0,65,0,,-4.121665796618525,-4.1234415347948055
257,P1,148,0.10759207746229127,0.1083190509586581,0,65,0,,-4.119849362294274,-4.121610531168595
257,P1,149,0.106874796945876,0.10759207746229127,0,65,0,,-4.118047714376059,-4.11979454851253
257,P1,150,0.10616701683365165,0.106874796945876,0,65,0,,-4.116260618027389,-4.11799334500267
257,P1,151,0.10546854961764078,0.10616701683365165,0,65,0,,-4.114487843936144,-4.116206686059714
257,P1,152,0.10477921269203529,0.10546854961764078,0,65,0,,-4.112729165596082,-4.114434342481538
257,P1,153,0.10409882819403506,0.10477921269203529,0,65,0,,-4.110984361845576,-4.112676087830182
257,P1,154,0.10342722285084774,0.10409882819403506,0,65,0,,-4.109253220543689,-4.110931701221738
257,P1,155,0.10276422783257307,0.10342722285084774,0,65,0,,-4.107535533368755,-4.10920097071133
257,P1,156,0.10210967861070955,0.10276422783257307,0,65,0,,-4.105831095350911,-4.107483688067557
257,P1,157,0.10146341482203416,0.10210967861070955,0,65,0,,-4.104139705299801,-4.10577964841464
257,P1,158,0.10082528013761886,0.10146341482203416,0,65,0,,-4.1024611667141695,-4.104088650689654
257,P1,159,0.10019512213675874,0.10082528013761886,0,65,0,,-4.100795289521693,-4.102410498596994
257,P1,160,0.09957279218559875,0.10019512213675874,0,65,0,,-4.099141887221467,-4.100745002194717
257,P1,161,0.09895814532025554,0.09957279218559875,0,65,0,,-4.0975007766438125,-4.099091975079174
257,P1,162,0.09835104013424172,0.09895814532025554,0,65,0,,-4.095871777382716,-4.097451234188952
257,P1,163,0.09775133867000853,0.09835104013424172,0,65,0,,-4.094254712902642,-4.095822599187293
257,P1,164,0.09715890631443272,0.09775133867000853,0,65,0,,-4.092649412599786,-4.094205893705946
257,P1,165,0.09657361169808071,0.09715890631443272,0,65,0,,-4.0910557094062705,-4.092600947319303
257,P1,166,0.0959953265980922,0.09657361169808071,0,65,0,,-4.089473439703699,-4.0910075930032255
257,P1,167,0.09542392584453213,0.0959953265980922,0,65,0,,-4.08790244258724,-4.08942566727879
257,P1,168,0.09485928723006745,0.09542392584453213,0,65,0,,-4.086342558775976,-4.087855009295993
257,P1,169,0.09430129142283175,0.09485928723006745,0,65,0,,-4.084793634582365,-4.086295459844788
257,P1,170,0.09374982188234736,0.09430129142283175,0,65,0,,-4.083255519536822,-4.084746865433138
257,P1,171,0.09320476477838023,0.09374982188234736,0,65,0,,-4.081728065631869,-4.083209075627807
257,P1,172,0.09266600891260925,0.09320476477838023,0,65,0,,-4.080211127390736,-4.081681942555188
257,P1,173,0.09213344564299654,0.09266600891260925,0,65,0,,-4.0787045617101985,-4.080165320738956
257,P1,174,0.09160696881075085,0.09213344564299654,0,65,0,,-4.077208229487784,-4.0786590672138665
257,P1,175,0.09108647466978068,0.09160696881075085,0,65,0,,-4.075721993637587,-4.077163042969588
257,P1,176,0.09057186181853898,0.09108647466978068,0,65,0,,-4.074245720790414,-4.075677110998573
257,P1,177,0.09006303113416517,0.09057186181853898,0,65,0,,-4.072779279741997,-4.074201138029061
257,P1,178,0.08955988570883462,0.09006303113416517,0,65,0,,-4.071322542423906,-4.072734992921475
257,P1,179,0.08906233078822999,0.08955988570883462,0,65,0,,-4.069875382835381,-4.071278547702749
257,P1,180,0.08857027371205192,0.08906233078822999,0,65,0,,-4.068437676436842,-4.069831676425706
257,P1,181,0.0880836238564912,0.08857027371205192,0,65,0,,-4.067009301912599,-4.06839425459324
257,P1,182,0.08760229257858687,0.0880836238564912,0,65,0,,-4.065590141139106,-4.06696616101932
257,P1,183,0.0871261931623989,0.08760229257858687,0,65,0,,-4.064180076688988,-4.065547277641679
257,P1,184,0.08665524076692648,0.0871261931623989,0,65,0,,-4.062778992588959,-4.064137487021531
257,P1,185,0.08618935237570645,0.08665524076692648,0,65,0,,-4.0613867771713466,-4.06273667331528
257,P1,186,0.08572844674802887,0.08618935237570645,0,65,0,,-4.060003320044488,-4.061344724933944
257,P1,187,0.08527244437170957,0.08572844674802887,0,65,0,,-4.058628512721607,-4.059961531535148
257,P1,188,0.0848212674173619,0.08527244437170957,0,65,0,,-4.057262247947364,-4.058586984661642
257,P1,189,0.08437483969411262,0.0848212674173619,0,65,0,,-4.055904421480079,-4.057220977123352
257,P1,190,0.0839330866067089,0.08437483969411262,0,65,0,,-4.05455493196448,-4.055863404791174
257,P1,191,0.08349593511396562,0.0839330866067089,0,65,0,,-4.053213678528203,-4.054514166351554
257,P1,192,0.08306331368850466,0.08349593511396562,0,65,0,,-4.051880561082837,-4.053173160942407
257,P1,193,0.08263515227773917,0.08306331368850466,0,65,0,,-4.050555482876404,-4.051840288529522
257,P1,194,0.08221138226605845,0.08263515227773917,0,65,0,,-4.049238348789908,-4.050515452468331
257,P1,195,0.0817919364381704,0.08221138226605845,0,65,0,,-4.047929064398652,-4.049198557650279
257,P1,196,0.0813767489435604,0.0817919364381704,0,65,0,,-4.046627537212221,-4.047889509688562
257,P1,197,0.08096575526202726,0.0813767489435604,0,65,0,,-4.045333677085229,-4.046588216162395
257,P1,198,0.08055889217025829,0.08096575526202726,0,65,0,,-4.044047395918951,-4.045294587003129
257,P1,199,0.08015609770940699,0.08055889217025829,0,65,0,,-4.04276860573918,-4.044008534150744
257,P1,200,0.0797573111536388,0.08015609770940699,0,65,0,,-4.041497220213986,-4.042729969619292
257,P1,201,0.07936247297961088,0.0797573111536388,0,65,0,,-4.040233155120769,-4.041458807169667
257,P1,202,0.07897152483685418,0.07936247297961088,0,65,0,,-4.03897632727834,-4.040194962621177
257,P1,203,0.07858440951902647,0.07897152483685418,0,65,0,,-4.0377266550899105,-4.038938352824779
257,P1,204,0.07820107093600683,0.07858440951902647,0,65,0,,-4.036484057249953,-4.03768889621194
257,P1,205,0.07782145408680291,0.07820107093600683,0,65,0,,-4.035248455614572,-4.03644651151906
257,P1,206,0.07744550503324348,0.07782145408680291,0,65,0,,-4.0340197729786,-4.0352111207116055
257,P1,207,0.0770731708744298,0.07744550503324348,0,65,0,,-4.032797932676904,-4.033982646537688
257,P1,208,0.07670439972192057,0.0770731708744298,0,65,0,,-4.031582859900666,-4.032761012418648
257,P1,209,0.07633914067562571,0.07670439972192057,0,65,0,,-4.030374480507454,-4.031546143570504
257,P1,210,0.07597734380038577,0.07633914067562571,0,65,0,,-4.029172720708087,-4.030337965864922
257,P1,211,0.07561896010321414,0.07597734380038577,0,65,0,,-4.0279775089262,-4.02913640553807
257,P1,212,0.07526394151118028,0.07561896010321414,0,65,0,,-4.026788775140323,-4.0279413910962
257,P1,213,0.07491224084991308,0.07526394151118028,0,65,0,,-4.025606450534134,-4.0267528525501
257,P1,214,0.07456381182270418,0.07491224084991308,0,65,0,,-4.024430467374061,-4.025570721106121
257,P1,215,0.07421860899019166,0.07456381182270418,0,65,0,,-4.023260758418912,-4.024394929068196
257,P1,216,0.07387658775060553,0.07421860899019166,0,65,0,,-4.022097256706368,-4.023225409209081
257,P1,217,0.07353770432055687,0.07387658775060553,0,65,0,,-4.020939896945801,-4.022062094570106
257,P1,218,0.07320191571635341,0.07353770432055687,0,65,0,,-4.019788615109035,-4.02090491993234
257,P1,219,0.07286917973582453,0.07320191571635341,0,65,0,,-4.018643348766919,-4.019753821304756
257,P1,220,0.07253945494063982,0.07286917973582453,0,65,0,,-4.0175040365441985,-4.0186087362969
257,P1,221,0.0722127006391054,0.07253945494063982,0,65,0,,-4.016370617322391,-4.017469603560852
257,P1,222,0.07188887686942332,0.0722127006391054,0,65,0,,-4.015243030341822,-4.016336361967909
257,P1,223,0.0715679443833991,0.07188887686942332,0,65,0,,-4.0141212159081014,-4.015208950802446
257,P1,224,0.071249864630584,0.0715679443833991,0,65,0,,-4.0130051153491415,-4.01408731037275
257,P1,225,0.07093459974283804,0.071249864630584,0,65,0,,-4.011894671424159,-4.012971382069089
257,P1,226,0.07062211251930131,0.07093459974283804,0,65,0,,-4.010789828412141,-4.0118611086954
257,P1,227,0.07031236641176052,0.07062211251930131,0,65,0,,-4.00969053061292,-4.010756434546571
257,P1,228,0.07000532551039912,0.07031236641176052,0,65,0,,-4.008596722504202,-4.009657303925324
257,P1,229,0.06970095452991912,0.07000532551039912,0,65,0,,-4.007508349763552,-4.008563661321097
257,P1,230,0.06939921879602337,0.06970095452991912,0,65,0,,-4.006425358954061,-4.0074754524559815
257,P1,231,0.06910008423224741,0.06939921879602337,0,65,0,,-4.005347697364554,-4.006392623921859
257,P1,232,0.06880351734713047,0.06910008423224741,0,65,0,,-4.004275313322263,-4.0053151230161
257,P1,233,0.06850948522171538,0.06880351734713047,0,65,0,,-4.003208155847127,-4.004242898113013
257,P1,234,0.06821795549736766,0.06850948522171538,0,65,0,,-4.002146174694633,-4.00317589824057
257,P1,235,0.06792889636390423,0.06821795549736766,0,65,0,,-4.001089319789551,-4.002114073164846
257,P1,236,0.06764227654802278,0.06792889636390423,0,65,0,,-4.000037542011822,-4.001057372836671
257,P1,237,0.06735806530202268,0.06764227654802278,0,65,0,,-3.9989907935381392,-4.00000574816711
257,P1,238,0.0670762323928092,0.06735806530202268,0,65,0,,-3.997949027153794,-3.99895915137162
257,P1,239,0.06679674809117249,0.0670762323928092,0,65,0,,-3.9969121959206397,-3.997917535224313
257,P1,240,0.0665195831613336,0.06679674809117249,0,65,0,,-3.9958802534010784,-3.9968808528240527
257,P1,241,0.06624470885074958,0.0665195831613336,0,65,0,,-3.9948531538304595,-3.9958490577312227
257,P1,242,0.06597209688017036,0.06624470885074958,0,65,0,,-3.9938308527395248,-3.9948221042285206
257,P1,243,0.06570171943394015,0.06597209688017036,0,65,0,,-3.992813305693347,-3.9937999478602872
257,P1,244,0.06543354915053633,0.06570171943394015,0,65,0,,-3.9918004684905823,-3.992782544184676
257,P1,245,0.06516755911333902,0.06543354915053633,0,65,0,,-3.9907922978562866,-3.9917698490315607
257,P1,246,0.0649037228416251,0.06516755911333902,0,65,0,,-3.9897887514064285,-3.9907618191493834
257,P1,247,0.06464201428177983,0.0649037228416251,0,65,0,,-3.98878978734036,-3.989758412179034
257,P1,248,0.06438240779872048,0.06464201428177983,0,65,0,,-3.987795364045812,-3.9887595863234795
257,P1,249,0.0641248781675256,0.06438240779872048,0,65,0,,-3.9868054408422977,-3.9877652999970374
257,P1,250,0.06386940056526454,0.0641248781675256,0,65,0,,-3.9858199776409995,-3.9867755125327875
257,P1,251,0.06361595056302143,0.06386940056526454,0,65,0,,-3.9848389350981392,-3.9857901838762055
257,P1,252,0.06336450411810829,0.06361595056302143,0,65,0,,-3.9838622734598195,-3.9848092746815618
257,P1,253,0.0631150375664622,0.06336450411810829,0,65,0,,-3.9828899538917946,-3.983832745187002
257,P1,254,0.06286752761522117,0.0631150375664622,0,65,0,,-3.981921938218188,-3.982860556603029
257,P1,255,0.06262195133547421,0.06286752761522117,0,65,0,,-3.9809581888391268,-3.9818926707665927
257,P1,256,0.06237828615518054,0.06262195133547421,0,65,0,,-3.9799986686676463,-3.9809290500933656
257,P2,1,8.0156097709407,16.0312195418814,0,65,0,,-93.5219791583951,-608.8744187589034
257,P2,2,5.3437398472938,8.0156097709407,0,65,0,,-38.117769440630205,-89.45152524423608
257,P2,3,4.00780488547035,5.3437398472938,0,65,0,,-20.484478627941456,-37.20057980970116
257,P2,4,3.2062439083762797,4.00780488547035,0,65,0,,-12.7242623772427,-20.134908804286546
257,P2,5,2.6718699236469,3.2062439083762797,0,65,0,,-8.690125883880329,-12.556306989498227
257,P2,6,2.290174220268771,2.6718699236469,0,65,0,,-6.369033499278291,-8.598095848487413
257,P2,7,2.003902442735175,2.290174220268771,0,65,0,,-4.941969210894707,-6.314237268567295
257,P2,8,1.7812466157645999,2.003902442735175,0,65,0,,-4.025070209065318,-4.907502253486009
257,P2,9,1.6031219541881399,1.7812466157645999,0,65,0,,-3.4194212769647527,-4.002601148583165
257,P2,10,1.4573835947164908,1.6031219541881399,0,65,0,,-3.0139287026063726,-3.4044680322763456
257,P2,11,1.33593496182345,1.4573835947164908,0,65,0,,-2.7428817705449666,-3.0039149392826037
257,P2,12,1.2331707339908768,1.33593496182345,0,65,0,,-2.565661988420205,-2.736249313789197
257,P2,13,1.1450871101343856,1.2331707339908768,0,65,0,,-2.4563257297922227,-2.5614314185071247
257,P2,14,1.0687479694587598,1.1450871101343856,0,65,0,,-2.3979239036871567,-2.4538641661878993
257,P2,15,1.0019512213675874,1.0687479694587598,0,65,0,,-2.379221302866,-2.3968148801428937
257,P2,16,0.9430129142283176,1.0019512213675874,0,65,0,,-2.379181720216694,-2.392690501257896
257,P2,17,0.8906233078822999,0.9430129142283176,0,65,0,,-2.3935450833408862,-2.433226121298674
257,P2,18,0.8437483969411262,0.8906233078822999,0,65,0,,-2.4348414484058893,-2.497300093595069
257,P2,19,0.8015609770940699,0.8437483969411262,0,65,0,,-2.4995867780012007,-2.582404391974665
257,P2,20,0.763391406756257,0.8015609770940699,0,65,0,,-2.5852976787282365,-2.6866833498380127
257,P2,21,0.7286917973582454,0.763391406756257,0,65,0,,-2.6901340575814845,-2.808685096796129
257,P2,22,0.6970095452991912,0.7286917973582454,0,65,0,,-2.812653292508512,-2.9471778650381664
257,P2,23,0.667967480911725,0.6970095452991912,0,65,0,,-2.951627785486572,-3.1009851947120395
257,P2,24,0.6412487816752559,0.667967480911725,0,65,0,,-3.1058800465995637,-3.2687925930370465
257,P2,25,0.6165853669954384,0.6412487816752559,0,65,0,,-3.274087639118422,-3.44886425618744
257,P2,26,0.5937488719215332,0.6165853669954384,0,65,0,,-3.454495965284295,-3.6385830775740184
257,P2,27,0.5725435550671928,0.5937488719215332,0,65,0,,-3.644451292384266,-3.8337122862641473
257,P2,28,0.5528006738579793,0.5725435550671928,0,65,0,,-3.8396527598289403,-4.027367561482695
257,P2,29,0.5343739847293799,0.5528006738579793,0,65,0,,-4.033118773531522,-4.209129262259819
257,P2,30,0.5171361142542387,0.5343739847293799,0,65,0,,-4.214319687473597,-4.365713776248182
257,P2,31,0.5009756106837937,0.5171361142542387,0,65,0,,-4.369929264601078,-4.485070935939165
257,P2,32,0.48579453157216357,0.5009756106837937,0,65,0,,-4.488034667963378,-4.562668274018493
257,P2,33,0.4715064571141588,0.48579453157216357,0,65,0,,-4.564405098803818,-4.603876716882965
257,P2,34,0.4580348440537542,0.4715064571141588,0,65,0,,-4.604669374701231,-4.61957539660977
257,P2,35,0.44531165394114997,0.4580348440537542,0,65,0,,-4.619770617039925,-4.621242955388419
257,P2,36,0.4332762038346324,0.44531165394114997,0,65,0,,-4.613056201240626,-4.620076481357629
257,P2,37,0.4218741984705631,0.4332762038346324,0,65,0,,-4.6023653731425105,-4.612768904121385
257,P2,38,0.41105691133029226,0.4218741984705631,0,65,0,,-4.590343044038922,-4.602012908541488
257,P2,39,0.40078048854703496,0.41105691133029226,0,65,0,,-4.578049586825995,-4.589970833929738
257,P2,40,0.3910053546800341,0.40078048854703496,0,65,0,,-4.565956244841208,-4.577678520549423
257,P2,41,0.3816957033781285,0.3910053546800341,0,65,0,,-4.5542509012378245,-4.5655951175526095
257,P2,42,0.3728190591135209,0.3816957033781285,0,65,0,,-4.542992383306731,-4.553902873690121
257,P2,43,0.3643458986791227,0.3728190591135209,0,65,0,,-4.532184144795143,-4.542658132349919
257,P2,44,0.35624932315291996,0.3643458986791227,0,65,0,,-4.521807866211817,-4.531863327193002
257,P2,45,0.3485047726495956,0.35624932315291996,0,65,0,,-4.511838087259782,-4.521499768946764
257,P2,46,0.3410897774868383,0.3485047726495956,0,65,0,,-4.502248237669188,-4.511541902469207
257,P2,47,0.3339837404558625,0.3410897774868383,0,65,0,,-4.4930129188782075,-4.501963171126205
257,P2,48,0.3271677457526816,0.3339837404558625,0,65,0,,-4.484108628715514,-4.492738227980115
257,P2,49,0.32062439083762795,0.3271677457526816,0,65,0,,-4.475513871970598,-4.483843631921925
257,P2,50,0.3143376380761059,0.32062439083762795,0,65,0,,-4.467209051200241,-4.475257947525087
257,P2,51,0.3082926834977192,0.3143376380761059,0,65,0,,-4.4591762941765,-4.4669616323605705
257,P2,52,0.3024758404128566,0.3082926834977192,0,65,0,,-4.451399275043751,-4.458936863744784
257,P2,53,0.2968744359607666,0.3024758404128566,0,65,0,,-4.443863049468014,-4.451167360080867
257,P2,54,0.29147671894329813,0.2968744359607666,0,65,0,,-4.436553907229695,-4.443638216593537
257,P2,55,0.2862717775335964,0.29147671894329813,0,65,0,,-4.429459242924764,-4.436335758377065
257,P2,56,0.28124946564704206,0.2862717775335964,0,65,0,,-4.422567442700877,-4.4292474117113505
257,P2,57,0.27640033692898963,0.28124946564704206,0,65,0,,-4.415867784668211,-4.422361591246858
257,P2,58,0.2717155854556169,0.27640033692898963,0,65,0,,-4.409350351559255,-4.415667600700961
257,P2,59,0.26718699236468996,0.2717155854556169,0,65,0,,-4.4030059535671615,-4.409155545998522
257,P2,60,0.2628068777357606,0.26718699236468996,0,65,0,,-4.396826059785563,-4.40281625827944
257,P2,61,0.25856805712711933,0.2628068777357606,0,65,0,,-4.390802738382395,-4.3966412256532
257,P2,62,0.2544638022520857,0.25856805712711933,0,65,0,,-4.3849286019216995,-4.3906225335924995
257,P2,63,0.25048780534189685,0.2544638022520857,0,65,0,,-4.379196760411793,-4.384752810412523
257,P2,64,0.24663414679817536,0.25048780534189685,0,65,0,,-4.373600777686726,-4.379025180497706
257,P2,65,0.24289726578608178,0.24663414679817536,0,65,0,,-4.368134633387803,-4.373433220836538
257,P2,66,0.2392719334609164,0.24289726578608178,0,65,0,,-4.36279268840708,-4.367970923149198
257,P2,67,0.2357532285570794,0.2392719334609164,0,65,0,,-4.357569653810732,-4.362632659379627
257,P2,68,0.2323365150997304,0.2357532285570794,0,65,0,,-4.35246056316885,-4.35741315075464
257,P2,69,0.2290174220268771,0.2323365150997304,0,65,0,,-4.347460747045595,-4.3523074402304625
257,P2,70,0.22579182453354082,0.2290174220268771,0,65,0,,-4.342565810179487,-4.3473108670203375
257,P2,71,0.22265582697057498,0.22579182453354082,0,65,0,,-4.337771610985083,-4.342419043834228
257,P2,72,0.21960574714906025,0.22265582697057498,0,65,0,,-4.3330742424286495,-4.337627836486008
257,P2,73,0.2166381019173162,0.21960574714906025,0,65,0,,-4.328470015210564,-4.332933344779537
257,P2,74,0.213749593891752,0.2166381019173162,0,65,0,,-4.323955441825522,-4.328331885756227
257,P2,75,0.21093709923528156,0.213749593891752,0,65,0,,-4.319527222648748,-4.3238199778272
257,P2,76,0.2081976563880701,0.21093709923528156,0,65,0,,-4.315182232674831,-4.3193943268338995
257,P2,77,0.20552845566514613,0.2081976563880701,0,65,0,,-4.310917509714839,-4.315051812882338
257,P2,78,0.20292682964406833,0.20552845566514613,0,65,0,,-4.306730243395032,-4.310789478558295
257,P2,79,0.20039024427351748,0.20292682964406833,0,65,0,,-4.302617765117001,-4.3066045179154795
257,P2,80,0.19791629064051108,0.20039024427351748,0,65,0,,-4.298577538812773,-4.302494266514608
257,P2,81,0.19550267734001706,0.19791629064051108,0,65,0,,-4.294607152589399,-4.298456192176534
257,P2,82,0.19314722339616142,0.19550267734001706,0,65,0,,-4.290704310660883,-4.2944878866365475
257,P2,83,0.19084785168906426,0.19314722339616142,0,65,0,,-4.286866826121825,-4.290587057513768
257,P2,84,0.1886025828456635,0.19084785168906426,0,65,0,,-4.2830926145393855,-4.2867515211206735
257,P2,85,0.18640952955676046,0.1886025828456635,0,65,0,,-4.279379687532133,-4.282979196002782
257,P2,86,0.18426689128599308,0.18640952955676046,0,65,0,,-4.275726146933518,-4.279268096603858
257,P2,87,0.18217294933956135,0.18426689128599308,0,65,0,,-4.2721301798027325,-4.275616327428419
257,P2,88,0.18012606226833033,0.18217294933956135,0,65,0,,-4.268590053227985,-4.272022078030609
257,P2,89,0.17812466157645998,0.18012606226833033,0,65,0,,-4.265104109872527,-4.268483617856894
257,P2,90,0.1761672477129824,0.17812466157645998,0,65,0,,-4.261670763536626,-4.264999291771442
257,P2,91,0.1742523863247978,0.1761672477129824,0,65,0,,-4.258288495441914,-4.261567515695736
257,P2,92,0.1723787047514129,0.1742523863247978,0,65,0,,-4.254955850429042,-4.2581867728346205
257,P2,93,0.17054488874341914,0.1723787047514129,0,65,0,,-4.251671433363246,-4.254855609888601
257,P2,94,0.16874967938822524,0.17054488874341914,0,65,0,,-4.2484339060478,-4.251572633489412
257,P2,95,0.16699187022793124,0.16874967938822524,0,65,0,,-4.245241984269946,-4.24833650713603
257,P2,96,0.16527030455547834,0.16699187022793124,0,65,0,,-4.242094434754579,-4.245145948196451
257,P2,97,0.1635838728763408,0.16527030455547834,0,65,0,,-4.238990072790391,-4.24199972490262
257,P2,98,0.16193151052405452,0.1635838728763408,0,65,0,,-4.235927759664773,-4.238896653973752
257,P2,99,0.16031219541881397,0.16193151052405452,0,65,0,,-4.232906400179436,-4.235835598057414
257,P2,100,0.15872494595922176,0.16031219541881397,0,65,0,,-4.229924940729826,-4.232815463227546
257,P2,101,0.15716881903805294,0.15872494595922176,0,65,0,,-4.226982367086661,-4.229835197129546
257,P2,102,0.15564290817360582,0.15716881903805294,0,65,0,,-4.2240777026770635,-4.22689378667687
257,P2,103,0.1541463417488596,0.15564290817360582,0,65,0,,-4.221210006377601,-4.223990256432423
257,P2,104,0.15267828135125142,0.1541463417488596,0,65,0,,-4.218378371345255,-4.221123666300286
257,P2,105,0.1512379202064283,0.15267828135125142,0,65,0,,-4.215581922992391,-4.218293110459883
257,P2,106,0.14982448169982615,0.1512379202064283,0,65,0,,-4.212819817740289,-4.215497715273692
257,P2,107,0.1484372179803833,0.14982448169982615,0,65,0,,-4.2100912414565865,-4.212736638091649
257,P2,108,0.14707540864111374,0.1484372179803833,0,65,0,,-4.207395408085467,-4.210009065635793
257,P2,109,0.14573835947164906,0.14707540864111374,0,65,0,,-4.204731558548347,-4.207314212695175
257,P2,110,0.1444254012782108,0.14573835947164906,0,65,0,,-4.202098959420613,-4.20465132098111
257,P2,111,0.1431358887667982,0.1444254012782108,0,65,0,,-4.199496901796987,-4.202019657835348
257,P2,112,0.14186919948567608,0.1431358887667982,0,65,0,,-4.196924700226241,-4.1994185150750285
257,P2,113,0.14062473282352103,0.14186919948567608,0,65,0,,-4.1943816918187204,-4.196847207942316
257,P2,114,0.13940190905983824,0.14062473282352103,0,65,0,,-4.191867235080367,-4.194305074221999
257,P2,115,0.13820016846449482,0.13940190905983824,0,65,0,,-4.189380709186574,-4.191791473055871
257,P2,116,0.13701897044343075,0.13820016846449482,0,65,0,,-4.186921513014386,-4.189305784220993
257,P2,117,0.13585779272780846,0.13701897044343075,0,65,0,,-4.184489064351805,-4.186847407186517
257,P2,118,0.13471613060404536,0.13585779272780846,0,65,0,,-4.182082799173288,-4.184415760301205
257,P2,119,0.13359349618234498,0.13471613060404536,0,65,0,,-4.179702170757881,-4.1820102800798535
257,P2,120,0.13248941770149916,0.13359349618234498,0,65,0,,-4.177346649154475,-4.179630420311792
257,P2,121,0.1314034388678803,0.13248941770149916,0,65,0,,-4.175015720417601,-4.177275651544264
257,P2,122,0.13033511822667804,0.1314034388678803,0,65,0,,-4.172708886050756,-4.174945460317204
257,P2,123,0.12928402856355967,0.13033511822667804,0,65,0,,-4.170425662317197,-4.172639348568382
257,P2,124,0.1282497563350512,0.12928402856355967,0,65,0,,-4.16816557960881,-4.170356833022046
257,P2,125,0.12723190112604285,0.1282497563350512,0,65,0,,-4.16592818219322,-4.168097444490056
257,P2,126,0.1262300751329244,0.12723190112604285,0,65,0,,-4.163713027327423,-4.1658607276396165
257,P2,127,0.12524390267094843,0.1262300751329244,0,65,0,,-4.161519685034173,-4.16364624011643
257,P2,128,0.12427301970450697,0.12524390267094843,0,65,0,,-4.1593477374693695,-4.161453552326921
257,P2,129,0.12331707339908768,0.12427301970450697,0,65,0,,-4.1571967784969495,-4.15928224678438
257,P2,130,0.12237572169375113,0.12331707339908768,0,65,0,,-4.155066413370038,-4.157131917702975
257,P2,131,0.12144863289304089,0.12237572169375113,0,65,0,,-4.152956258174039,-4.1550021706730735
257,P2,132,0.12053548527730375,0.12144863289304089,0,65,0,,-4.150865939497862,-4.1528926221078795
257,P2,133,0.1196359667304582,0.12053548527730375,0,65,0,,-4.1487950940941865,-4.150802898903664
257,P2,134,0.11874977438430666,0.1196359667304582,0,65,0,,-4.146743368394904,-4.148732638113326
257,P2,135,0.1178766142785397,0.11874977438430666,0,65,0,,-4.144710418334904,-4.146681486463606
257,P2,136,0.11701620103563065,0.1178766142785397,0,65,0,,-4.142695908900487,-4.144649100159737
257,P2,137,0.1161682575498652,0.11701620103563065,0,65,0,,-4.140699513898344,-4.142635144472807
257,P2,138,0.11533251468979423,0.1161682575498652,0,65,0,,-4.138720915571796,-4.140639293465715
257,P2,139,0.11450871101343855,0.11533251468979423,0,65,0,,-4.136759804387779,-4.138661229624286
257,P2,140,0.11369659249561276,0.11450871101343855,0,65,0,,-4.134815878650852,-4.136700643671782
257,P2,141,0.11289591226677041,0.11369659249561276,0,65,0,,-4.132888844381668,-4.134757234145986
257,P2,142,0.11210643036280699,0.11289591226677041,0,65,0,,-4.130978414987998,-4.132830707289583
257,P2,143,0.11132791348528749,0.11210643036280699,0,65,0,,-4.129084311052003,-4.130920776740369
257,P2,144,0.11056013477159585,0.11132791348528749,0,65,0,,-4.127206259971761,-4.129027163286947
257,P2,145,0.10980287357453013,0.11056013477159585,0,65,0,,-4.125343995883866,-4.127149594528728
257,P2,146,0.10905591525089386,0.10980287357453013,0,65,0,,-4.1234972594747665,-4.1252878048155495
257,P2,147,0.1083190509586581,0.10905591525089386,0,65,0,,-4.121665797643883,-4.123441535010975
257,P2,148,0.10759207746229127,0.1083190509586581,0,65,0,,-4.119849363332752,-4.121610532214368
257,P2,149,0.106874796945876,0.10759207746229127,0,65,0,,-4.118047715423172,-4.119794549542676
257,P2,150,0.10616701683365165,0.106874796945876,0,65,0,,-4.116260618426227,-4.117993346052009
257,P2,151,0.10546854961764078,0.10616701683365165,0,65,0,,-4.114487842399187,-4.116206686415263
257,P2,152,0.10477921269203529,0.10546854961764078,0,65,0,,-4.112729162785962,-4.114434340874518
257,P2,153,0.10409882819403506,0.10477921269203529,0,65,0,,-4.110984360157147,-4.112676085022554
257,P2,154,0.10342722285084774,0.10409882819403506,0,65,0,,-4.109253220184859,-4.110931699584588
257,P2,155,0.10276422783257307,0.10342722285084774,0,65,0,,-4.107535533361717,-4.109200970380904
257,P2,156,0.10210967861070955,0.10276422783257307,0,65,0,,-4.105831094920691,-4.107483688046075
257,P2,157,0.10146341482203416,0.10210967861070955,0,65,0,,-4.104139704674273,-4.105779647965279
257,P2,158,0.10082528013761886,0.10146341482203416,0,65,0,,-4.102461166943537,-4.104088650085934
257,P2,159,0.10019512213675874,0.10082528013761886,0,65,0,,-4.100795290343357,-4.102410498853636
257,P2,160,0.09957279218559875,0.10019512213675874,0,65,0,,-4.099141887687054,-4.100745003020154
257,P2,161,0.09895814532025554,0.09957279218559875,0,65,0,,-4.097500775870958,-4.0990919755188
257,P2,162,0.09835104013424172,0.09895814532025554,0,65,0,,-4.095871775766519,-4.097451233372817
257,P2,163,0.09775133867000853,0.09835104013424172,0,65,0,,-4.094254712077166,-4.095822597568907
257,P2,164,0.09715890631443272,0.09775133867000853,0,65,0,,-4.092649413285843,-4.094205892925385
257,P2,165,0.09657361169808071,0.09715890631443272,0,65,0,,-4.091055711417729,-4.0926009480420475
257,P2,166,0.0959953265980922,0.09657361169808071,0,65,0,,-4.089473442133856,-4.09100759504526
257,P2,167,0.09542392584453213,0.0959953265980922,0,65,0,,-4.0879024445058985,-4.089425669704563
257,P2,168,0.09485928723006745,0.09542392584453213,0,65,0,,-4.086342560937405,-4.087855011197062
257,P2,169,0.09430129142283175,0.09485928723006745,0,65,0,,-4.08479363707433,-4.086295462021898
257,P2,170,0.09374982188234736,0.09430129142283175,0,65,0,,-4.083255521774196,-4.084746867923393
257,P2,171,0.09320476477838023,0.09374982188234736,0,65,0,,-4.081728066901797,-4.083209077859792
257,P2,172,0.09266600891260925,0.09320476477838023,0,65,0,,-4.080211127340222,-4.08168194377862
257,P2,173,0.09213344564299654,0.09266600891260925,0,65,0,,-4.078704560940106,-4.080165320657105
257,P2,174,0.09160696881075085,0.09213344564299654,0,65,0,,-4.077208228356394,-4.0786590664349145
257,P2,175,0.09108647466978068,0.09160696881075085,0,65,0,,-4.075721992984142,-4.077163041844856
257,P2,176,0.09057186181853898,0.09108647466978068,0,65,0,,-4.074245720936394,-4.075677110363636
257,P2,177,0.09006303113416517,0.09057186181853898,0,65,0,,-4.0727792809697405,-4.07420113820108
257,P2,178,0.08955988570883462,0.09006303113416517,0,65,0,,-4.071322544357747,-4.072734994178008
257,P2,179,0.08906233078822999,0.08955988570883462,0,65,0,,-4.069875384861136,-4.07127854964919
257,P2,180,0.08857027371205192,0.08906233078822999,0,65,0,,-4.068437678686738,-4.069831678445136
257,P2,181,0.0880836238564912,0.08857027371205192,0,65,0,,-4.0670093044075255,-4.068394256848991
257,P2,182,0.08760229257858687,0.0880836238564912,0,65,0,,-4.065590142902758,-4.066966163503525
257,P2,183,0.0871261931623989,0.08760229257858687,0,65,0,,-4.064180077301931,-4.0655472793629075
257,P2,184,0.08665524076692648,0.0871261931623989,0,65,0,,-4.062778992934191,-4.064137487619711
257,P2,185,0.08618935237570645,0.08665524076692648,0,65,0,,-4.061386777246935,-4.062736673660345
257,P2,186,0.08572844674802887,0.08618935237570645,0,65,0,,-4.060003319725795,-4.0613447250009855
257,P2,187,0.08527244437170957,0.08572844674802887,0,65,0,,-4.058628511991559,-4.059961531198436
257,P2,188,0.0848212674173619,0.08527244437170957,0,65,0,,-4.057262247592373,-4.058586983929353
257,P2,189,0.08437483969411262,0.0848212674173619,0,65,0,,-4.055904422025716,-4.057220976797224
257,P2,190,0.0839330866067089,0.08437483969411262,0,65,0,,-4.05455493267692,-4.05586340535618
257,P2,191,0.08349593511396562,0.0839330866067089,0,65,0,,-4.053213678784699,-4.054514167059924
257,P2,192,0.08306331368850466,0.08349593511396562,0,65,0,,-4.051880561381282,-4.053173161188164
257,P2,193,0.08263515227773917,0.08306331368850466,0,65,0,,-4.050555483248179,-4.051840288836897
257,P2,194,0.08221138226605845,0.08263515227773917,0,65,0,,-4.049238348907342,-4.050515452836155
257,P2,195,0.0817919364381704,0.08221138226605845,0,65,0,,-4.047929064545305,-4.0491985577571175
257,P2,196,0.0813767489435604,0.0817919364381704,0,65,0,,-4.046627538016039,-4.047889509844219
257,P2,197,0.08096575526202726,0.0813767489435604,0,65,0,,-4.045333678746387,-4.046588216997334
257,P2,198,0.08055889217025829,0.08096575526202726,0,65,0,,-4.044047397699172,-4.045294588682868
257,P2,199,0.08015609770940699,0.08055889217025829,0,65,0,,-4.042768607450416,-4.044008535923004
257,P2,200,0.0797573111536388,0.08015609770940699,0,65,0,,-4.041497221996291,-4.042729971332477
257,P2,201,0.07936247297961088,0.0797573111536388,0,65,0,,-4.040233156818011,-4.041458808953537
257,P2,202,0.07897152483685418,0.07936247297961088,0,65,0,,-4.038976328825189,-4.040194964312149
257,P2,203,0.07858440951902647,0.07897152483685418,0,65,0,,-4.03772665634856,-4.038938354358657
257,P2,204,0.07820107093600683,0.07858440951902647,0,65,0,,-4.036484059061132,-4.037688897469558
257,P2,205,0.07782145408680291,0.07820107093600683,0,65,0,,-4.035248457965031,-4.036446513356191
257,P2,206,0.07744550503324348,0.07782145408680291,0,65,0,,-4.034019775377917,-4.035211123058836
257,P2,207,0.0770731708744298,0.07744550503324348,0,65,0,,-4.032797934874925,-4.033982648936314
257,P2,208,0.07670439972192057,0.0770731708744298,0,65,0,,-4.03158286133371,-4.032761014603525
257,P2,209,0.07633914067562571,0.07670439972192057,0,65,0,,-4.03037448081314,-4.031546144973881
257,P2,210,0.07597734380038577,0.07633914067562571,0,65,0,,-4.029172720559818,-4.030337966144579
257,P2,211,0.07561896010321414,0.07597734380038577,0,65,0,,-4.027977509021733,-4.029136405392424
257,P2,212,0.07526394151118028,0.07561896010321414,0,65,0,,-4.026788775790664,-4.027941391209205
257,P2,213,0.07491224084991308,0.07526394151118028,0,65,0,,-4.025606451575593,-4.026752853215476
257,P2,214,0.07456381182270418,0.07491224084991308,0,65,0,,-4.024430468170885,-4.025570722151382
257,P2,215,0.07421860899019166,0.07456381182270418,0,65,0,,-4.023260758461242,-4.024394929849815
257,P2,216,0.07387658775060553,0.07421860899019166,0,65,0,,-4.022097256374162,-4.023225409225234
257,P2,217,0.07353770432055687,0.07387658775060553,0,65,0,,-4.020939896875835,-4.022062094238705
257,P2,218,0.07320191571635341,0.07353770432055687,0,65,0,,-4.019788615932729,-4.020904919881046
257,P2,219,0.07286917973582453,0.07320191571635341,0,65,0,,-4.018643350523908,-4.019753822162512
257,P2,220,0.07253945494063982,0.07286917973582453,0,65,0,,-4.017504038583024,-4.018608738077549
257,P2,221,0.0722127006391054,0.07253945494063982,0,65,0,,-4.016370618989762,-4.017469605594255
257,P2,222,0.07188887686942332,0.0722127006391054,0,65,0,,-4.01524303155663,-4.016336363621194
257,P2,223,0.0715679443833991,0.07188887686942332,0,65,0,,-4.014121217003256,-4.015208952000981
257,P2,224,0.071249864630584,0.0715679443833991,0,65,0,,-4.013005116953929,-4.0140873114767475
257,P2,225,0.07093459974283804,0.071249864630584,0,65,0,,-4.011894673915871,-4.01297138370394
257,P2,226,0.07062211251930131,0.07093459974283804,0,65,0,,-4.010789831236397,-4.011861111209888
257,P2,227,0.07031236641176052,0.07062211251930131,0,65,0,,-4.009690533086598,-4.0107564373685465
257,P2,228,0.07000532551039912,0.07031236641176052,0,65,0,,-4.0085967244924,-4.009657306385748
257,P2,229,0.06970095452991912,0.07000532551039912,0,65,0,,-4.007508351312401,-4.008563663297902
257,P2,230,0.06939921879602337,0.06970095452991912,0,65,0,,-4.006425360154525,-4.00747545399847
257,P2,231,0.06910008423224741,0.06939921879602337,0,65,0,,-4.005347698430793,-4.006392625113864
257,P2,232,0.06880351734713047,0.06910008423224741,0,65,0,,-4.004275314294333,-4.005315124083647
257,P2,233,0.06850948522171538,0.06880351734713047,0,65,0,,-4.003208156646081,-4.004242899079587
257,P2,234,0.06821795549736766,0.06850948522171538,0,65,0,,-4.002146175139749,-4.003175899026983
257,P2,235,0.06792889636390423,0.06821795549736766,0,65,0,,-4.001089320153362,-4.002114073604977
257,P2,236,0.06764227654802278,0.06792889636390423,0,65,0,,-4.000037542741655,-4.001057373205051
257,P2,237,0.06735806530202268,0.06764227654802278,0,65,0,,-3.998990794678805,-4.000005748912181
257,P2,238,0.0670762323928092,0.06735806530202268,0,65,0,,-3.997949028406138,-3.9989591525140966
257,P2,239,0.06679674809117249,0.0670762323928092,0,65,0,,-3.996912197049548,-3.997917536477857
257,P2,240,0.0665195831613336,0.06679674809117249,0,65,0,,-3.9958802543603182,-3.996880853947795
257,P2,241,0.06624470885074958,0.0665195831613336,0,65,0,,-3.9948531547451185,-3.9958490586921656
257,P2,242,0.06597209688017036,0.06624470885074958,0,65,0,,-3.993830853263139,-3.9948221051356687
257,P2,243,0.06570171943394015,0.06597209688017036,0,65,0,,-3.9928133055874335,-3.99379994836234
257,P2,244,0.06543354915053633,0.06570171943394015,0,65,0,,-3.9918004679749353,-3.9927825440630937
257,P2,245,0.06516755911333902,0.06543354915053633,0,65,0,,-3.9907922972979484,-3.9917698485086546
257,P2,246,0.0649037228416251,0.06516755911333902,0,65,0,,-3.989788751015089,-3.9907618185935694
257,P2,247,0.06464201428177983,0.0649037228416251,0,65,0,,-3.9887897871444706,-3.9897584117904334
257,P2,248,0.06438240779872048,0.06464201428177983,0,65,0,,-3.98779536427563,-3.988759586137899
257,P2,249,0.0641248781675256,0.06438240779872048,0,65,0,,-3.986805441578913,-3.987765300240117
257,P2,250,0.06386940056526454,0.0641248781675256,0,65,0,,-3.985819978763279,-3.9867755132898246
257,P2,251,0.06361595056302143,0.06386940056526454,0,65,0,,-3.9848389360481606,-3.985790185001452
257,P2,252,0.06336450411810829,0.06361595056302143,0,65,0,,-3.983862274191574,-3.9848092756186597
257,P2,253,0.0631150375664622,0.06336450411810829,0,65,0,,-3.982889954475325,-3.9838327459139555
257,P2,254,0.06286752761522117,0.0631150375664622,0,65,0,,-3.981921938700063,-3.9828605571845093
257,P2,255,0.06262195133547421,0.06286752761522117,0,65,0,,-3.980958189159594,-3.981892671247755
257,P2,256,0.06237828615518054,0.06262195133547421,0,65,0,,-3.9799986686104654,-3.980929050405969
257,P3,1,8.0156097709407,16.0312195418814,0,65,0,,-93.52197915840962,-608.8744187589895
257,P3,2,5.3437398472938,8.0156097709407,0,65,0,,-38.11776944063751,-89.4515252442509
257,P3,3,4.00780488547035,5.3437398472938,0,65,0,,-20.484478627945705,-37.2005798097062
257,P3,4,3.2062439083762797,4.00780488547035,0,65,0,,-12.724262377243885,-20.13490880429109
257,P3,5,2.6718699236469,3.2062439083762797,0,65,0,,-8.690125883882303,-12.556306989500596
257,P3,6,2.290174220268771,2.6718699236469,0,65,0,,-6.369033499279968,-8.598095848489288
257,P3,7,2.003902442735175,2.290174220268771,0,65,0,,-4.941969210895694,-6.314237268568281
257,P3,8,1.7812466157645999,2.003902442735175,0,65,0,,-4.0250702090663095,-4.9075022534892705
257,P3,9,1.6031219541881399,1.7812466157645999,0,65,0,,-3.419421276965347,-4.002601148583459
257,P3,10,1.4573835947164908,1.6031219541881399,0,65,0,,-3.013928702606866,-3.4044680322769367
257,P3,11,1.33593496182345,1.4573835947164908,0,65,0,,-2.7428817705454613,-3.0039149392830944
257,P3,12,1.2331707339908768,1.33593496182345,0,65,0,,-2.5656619884206964,-2.736249313789684
257,P3,13,1.1450871101343856,1.2331707339908768,0,65,0,,-2.45632572979262,-2.561431418507617
257,P3,14,1.0687479694587598,1.1450871101343856,0,65,0,,-2.397923903687351,-2.4538641661882967
257,P3,15,1.0019512213675874,1.0687479694587598,0,65,0,,-2.3792213028659837,-2.3968148801430864
257,P3,16,0.9430129142283176,1.0019512213675874,0,65,0,,-2.3791817202165872,-2.3926905012578894
257,P3,17,0.8906233078822999,0.9430129142283176,0,65,0,,-2.393545083340879,-2.4332261212984565
257,P3,18,0.8437483969411262,0.8906233078822999,0,65,0,,-2.4348414484057757,-2.4973000935949727
257,P3,19,0.8015609770940699,0.8437483969411262,0,65,0,,-2.4995867780009897,-2.582404391974383
257,P3,20,0.763391406756257,0.8015609770940699,0,65,0,,-2.585297678727966,-2.686683349837663
257,P3,21,0.7286917973582454,0.763391406756257,0,65,0,,-2.69013405758104,-2.8086850967957893
257,P3,22,0.6970095452991912,0.7286917973582454,0,65,0,,-2.812653292508358,-2.947177865037664
257,P3,23,0.667967480911725,0.6970095452991912,0,65,0,,-2.9516277854861004,-3.1009851947108364
257,P3,24,0.6412487816752559,0.667967480911725,0,65,0,,-3.1058800465982705,-3.2687925930357418
257,P3,25,0.6165853669954384,0.6412487816752559,0,65,0,,-3.2740876391173614,-3.448864256185868
257,P3,26,0.5937488719215332,0.6165853669954384,0,65,0,,-3.4544959652829306,-3.638583077571734
257,P3,27,0.5725435550671928,0.5937488719215332,0,65,0,,-3.644451292381837,-3.8337122862640136
257,P3,28,0.5528006738579793,0.5725435550671928,0,65,0,,-3.8396527598271977,-4.027367561475661
257,P3,29,0.5343739847293799,0.5528006738579793,0,65,0,,-4.033118773525084,-4.20912926225929
257,P3,30,0.5171361142542387,0.5343739847293799,0,65,0,,-4.214319687467455,-4.365713776260029
257,P3,31,0.5009756106837937,0.5171361142542387,0,65,0,,-4.369929264605166,-4.485070935908601
257,P3,32,0.48579453157216357,0.5009756106837937,0,65,0,,-4.488034667932518,-4.562668274032094
257,P3,33,0.4715064571141588,0.48579453157216357,0,65,0,,-4.564405098810922,-4.603876716909389
257,P3,34,0.4580348440537542,0.4715064571141588,0,65,0,,-4.604669374707274,-4.619575396621491
257,P3,35,0.44531165394114997,0.4580348440537542,0,65,0,,-4.6197706170293955,-4.621242955405284
257,P3,36,0.4332762038346324,0.44531165394114997,0,65,0,,-4.613056201226858,-4.620076481325836
257,P3,37,0.4218741984705631,0.4332762038346324,0,65,0,,-4.6023653731460366,-4.612768904088035
257,P3,38,0.41105691133029226,0.4218741984705631,0,65,0,,-4.5903430440624655,-4.602012908535998
257,P3,39,0.40078048854703496,0.41105691133029226,0,65,0,,-4.578049586823636,-4.589970833959023
257,P3,40,0.3910053546800341,0.40078048854703496,0,65,0,,-4.565956244888813,-4.577678520561942
257,P3,41,0.3816957033781285,0.3910053546800341,0,65,0,,-4.554250901246056,-4.565595117588718
257,P3,42,0.3728190591135209,0.3816957033781285,0,65,0,,-4.542992383283867,-4.553902873697788
257,P3,43,0.3643458986791227,0.3728190591135209,0,65,0,,-4.532184144822591,-4.542658132318138
257,P3,44,0.35624932315291996,0.3643458986791227,0,65,0,,-4.521807866151191,-4.531863327222831
257,P3,45,0.3485047726495956,0.35624932315291996,0,65,0,,-4.511838087344361,-4.521499768900586
257,P3,46,0.3410897774868383,0.3485047726495956,0,65,0,,-4.5022482376766915,-4.511541902549586
257,P3,47,0.3339837404558625,0.3410897774868383,0,65,0,,-4.493012918861041,-4.501963171128854
257,P3,48,0.3271677457526816,0.3339837404558625,0,65,0,,-4.484108628735367,-4.492738227971467
257,P3,49,0.32062439083762795,0.3271677457526816,0,65,0,,-4.4755138719901115,-4.483843631941426
257,P3,50,0.3143376380761059,0.32062439083762795,0,65,0,,-4.467209051221045,-4.475257947532823
257,P3,51,0.3082926834977192,0.3143376380761059,0,65,0,,-4.4591762941604935,-4.46696163237778
257,P3,52,0.3024758404128566,0.3082926834977192,0,65,0,,-4.451399275067618,-4.458936863727213
257,P3,53,0.2968744359607666,0.3024758404128566,0,65,0,,-4.443863049504271,-4.451167360108175
257,P3,54,0.29147671894329813,0.2968744359607666,0,65,0,,-4.436553907241326,-4.443638216618678
257,P3,55,0.2862717775335964,0.29147671894329813,0,65,0,,-4.429459242928773,-4.436335758379692
257,P3,56,0.28124946564704206,0.2862717775335964,0,65,0,,-4.422567442690234,-4.42924741171416
257,P3,57,0.27640033692898963,0.28124946564704206,0,65,0,,-4.415867784688235,-4.422361591235599
257,P3,58,0.2717155854556169,0.27640033692898963,0,65,0,,-4.409350351621456,-4.415667600728446
257,P3,59,0.26718699236468996,0.2717155854556169,0,65,0,,-4.403005953569281,-4.409155546062428
257,P3,60,0.2628068777357606,0.26718699236468996,0,65,0,,-4.396826059825096,-4.402816258282383
257,P3,61,0.25856805712711933,0.2628068777357606,0,65,0,,-4.390802738322279,-4.396641225686493
257,P3,62,0.2544638022520857,0.25856805712711933,0,65,0,,-4.384928601929075,-4.390622533531376
257,P3,63,0.25048780534189685,0.2544638022520857,0,65,0,,-4.379196760426692,-4.384752810411016
257,P3,64,0.24663414679817536,0.25048780534189685,0,65,0,,-4.373600777719827,-4.379025180506232
257,P3,65,0.24289726578608178,0.24663414679817536,0,65,0,,-4.368134633413626,-4.373433220873469
257,P3,66,0.2392719334609164,0.24289726578608178,0,65,0,,-4.3627926883978185,-4.3679709231726065
257,P3,67,0.2357532285570794,0.2392719334609164,0,65,0,,-4.357569653831708,-4.362632659357768
257,P3,68,0.2323365150997304,0.2357532285570794,0,65,0,,-4.352460563183332,-4.357413150774347
257,P3,69,0.2290174220268771,0.2323365150997304,0,65,0,,-4.347460747043792,-4.3523074402514235
257,P3,70,0.22579182453354082,0.2290174220268771,0,65,0,,-4.342565810200179,-4.347310867012969
257,P3,71,0.22265582697057498,0.22579182453354082,0,65,0,,-4.337771610996695,-4.342419043856986
257,P3,72,0.21960574714906025,0.22265582697057498,0,65,0,,-4.3330742424629864,-4.33762783649411
257,P3,73,0.2166381019173162,0.21960574714906025,0,65,0,,-4.328470015210294,-4.332933344806438
257,P3,74,0.213749593891752,0.2166381019173162,0,65,0,,-4.323955441834045,-4.328331885755033
257,P3,75,0.21093709923528156,0.213749593891752,0,65,0,,-4.319527222657638,-4.323819977837844
257,P3,76,0.2081976563880701,0.21093709923528156,0,65,0,,-4.3151822326933695,-4.319394326844009
257,P3,77,0.20552845566514613,0.2081976563880701,0,65,0,,-4.310917509730949,-4.315051812904645
257,P3,78,0.20292682964406833,0.20552845566514613,0,65,0,,-4.306730243401369,-4.310789478575281
257,P3,79,0.20039024427351748,0.20292682964406833,0,65,0,,-4.302617765116917,-4.306604517923928
257,P3,80,0.19791629064051108,0.20039024427351748,0,65,0,,-4.298577538850615,-4.302494266515233
257,P3,81,0.19550267734001706,0.19791629064051108,0,65,0,,-4.294607152617467,-4.298456192210546
257,P3,82,0.19314722339616142,0.19550267734001706,0,65,0,,-4.290704310649826,-4.294487886662911
257,P3,83,0.19084785168906426,0.19314722339616142,0,65,0,,-4.286866826136123,-4.290587057501089
257,P3,84,0.1886025828456635,0.19084785168906426,0,65,0,,-4.283092614569307,-4.28675152112674
257,P3,85,0.18640952955676046,0.1886025828456635,0,65,0,,-4.27937968752682,-4.282979196031738
257,P3,86,0.18426689128599308,0.18640952955676046,0,65,0,,-4.275726146946032,-4.279268096602884
257,P3,87,0.18217294933956135,0.18426689128599308,0,65,0,,-4.272130179823708,-4.27561632744502
257,P3,88,0.18012606226833033,0.18217294933956135,0,65,0,,-4.26859005324698,-4.272022078048065
257,P3,89,0.17812466157645998,0.18012606226833033,0,65,0,,-4.265104109852951,-4.268483617869832
257,P3,90,0.1761672477129824,0.17812466157645998,0,65,0,,-4.261670763533843,-4.264999291755244
257,P3,91,0.1742523863247978,0.1761672477129824,0,65,0,,-4.258288495477346,-4.261567515700091
257,P3,92,0.1723787047514129,0.1742523863247978,0,65,0,,-4.254955850458276,-4.258186772870819
257,P3,93,0.17054488874341914,0.1723787047514129,0,65,0,,-4.251671433375908,-4.254855609913468
257,P3,94,0.16874967938822524,0.17054488874341914,0,65,0,,-4.248433906072153,-4.251572633504126
257,P3,95,0.16699187022793124,0.16874967938822524,0,65,0,,-4.24524198426677,-4.248336507163749
257,P3,96,0.16527030455547834,0.16699187022793124,0,65,0,,-4.24209443476378,-4.245145948191738
257,P3,97,0.1635838728763408,0.16527030455547834,0,65,0,,-4.238990072827948,-4.24199972491424
257,P3,98,0.16193151052405452,0.1635838728763408,0,65,0,,-4.23592775967287,-4.238896654012204
257,P3,99,0.16031219541881397,0.16193151052405452,0,65,0,,-4.232906400188309,-4.235835598061808
257,P3,100,0.15872494595922176,0.16031219541881397,0,65,0,,-4.229924940740728,-4.232815463239826
257,P3,101,0.15716881903805294,0.15872494595922176,0,65,0,,-4.226982367123876,-4.229835197143029
257,P3,102,0.15564290817360582,0.15716881903805294,0,65,0,,-4.224077702660778,-4.226893786720607
257,P3,103,0.1541463417488596,0.15564290817360582,0,65,0,,-4.221210006382989,-4.223990256411727
257,P3,104,0.15267828135125142,0.1541463417488596,0,65,0,,-4.218378371348034,-4.22112366630721
257,P3,105,0.1512379202064283,0.15267828135125142,0,65,0,,-4.215581923022021,-4.218293110466219
257,P3,106,0.14982448169982615,0.1512379202064283,0,65,0,,-4.21281981777505,-4.215497715308067
257,P3,107,0.1484372179803833,0.14982448169982615,0,65,0,,-4.210091241471923,-4.2127366381249765
257,P3,108,0.14707540864111374,0.1484372179803833,0,65,0,,-4.207395408111536,-4.210009065649638
257,P3,109,0.14573835947164906,0.14707540864111374,0,65,0,,-4.204731558578614,-4.207314212718643
257,P3,110,0.1444254012782108,0.14573835947164906,0,65,0,,-4.202098959437015,-4.204651321012385
257,P3,111,0.1431358887667982,0.1444254012782108,0,65,0,,-4.199496901791139,-4.202019657846319
257,P3,112,0.14186919948567608,0.1431358887667982,0,65,0,,-4.19692470023543,-4.199418515066575
257,P3,113,0.14062473282352103,0.14186919948567608,0,65,0,,-4.194381691810669,-4.196847207952726
257,P3,114,0.13940190905983824,0.14062473282352103,0,65,0,,-4.191867235086196,-4.19430507421633
257,P3,115,0.13820016846449482,0.13940190905983824,0,65,0,,-4.189380709195313,-4.191791473061246
257,P3,116,0.13701897044343075,0.13820016846449482,0,65,0,,-4.186921513033198,-4.189305784229095
257,P3,117,0.13585779272780846,0.13701897044343075,0,65,0,,-4.184489064380859,-4.1868474071995685
257,P3,118,0.13471613060404536,0.13585779272780846,0,65,0,,-4.1820827991853085,-4.184415760330928
257,P3,119,0.13359349618234498,0.13471613060404536,0,65,0,,-4.179702170771162,-4.18201028008701
257,P3,120,0.13248941770149916,0.13359349618234498,0,65,0,,-4.177346649168425,-4.179630420323918
257,P3,121,0.1314034388678803,0.13248941770149916,0,65,0,,-4.175015720448001,-4.17727565156022
257,P3,122,0.13033511822667804,0.1314034388678803,0,65,0,,-4.172708886067639,-4.174945460341397
257,P3,123,0.12928402856355967,0.13033511822667804,0,65,0,,-4.170425662297318,-4.172639348593765
257,P3,124,0.1282497563350512,0.12928402856355967,0,65,0,,-4.168165579622568,-4.170356833004776
257,P3,125,0.12723190112604285,0.1282497563350512,0,65,0,,-4.165928182198357,-4.168097444503464
257,P3,126,0.1262300751329244,0.12723190112604285,0,65,0,,-4.16371302734757,-4.165860727642307
257,P3,127,0.12524390267094843,0.1262300751329244,0,65,0,,-4.1615196850554845,-4.163646240139272
257,P3,128,0.12427301970450697,0.12524390267094843,0,65,0,,-4.159347737479507,-4.161453552346147
257,P3,129,0.12331707339908768,0.12427301970450697,0,65,0,,-4.157196778529202,-4.159282246798067
257,P3,130,0.12237572169375113,0.12331707339908768,0,65,0,,-4.155066413402277,-4.157131917738192
257,P3,131,0.12144863289304089,0.12237572169375113,0,65,0,,-4.15295625820175,-4.155002170711359
257,P3,132,0.12053548527730375,0.12144863289304089,0,65,0,,-4.150865939527828,-4.152892622137811
257,P3,133,0.1196359667304582,0.12053548527730375,0,65,0,,-4.148795094096565,-4.150802898929472
257,P3,134,0.11874977438430666,0.1196359667304582,0,65,0,,-4.1467433683959385,-4.148732638115724
257,P3,135,0.1178766142785397,0.11874977438430666,0,65,0,,-4.1447104183401375,-4.1466814864603165
257,P3,136,0.11701620103563065,0.1178766142785397,0,65,0,,-4.142695908920845,-4.1446491001616845
257,P3,137,0.1161682575498652,0.11701620103563065,0,65,0,,-4.140699513920714,-4.142635144490445
257,P3,138,0.11533251468979423,0.1161682575498652,0,65,0,,-4.138720915592839,-4.140639293484619
257,P3,139,0.11450871101343855,0.11533251468979423,0,65,0,,-4.136759804388114,-4.138661229649259
257,P3,140,0.11369659249561276,0.11450871101343855,0,65,0,,-4.134815878654101,-4.136700643674668
257,P3,141,0.11289591226677041,0.11369659249561276,0,65,0,,-4.13288884439593,-4.134757234146958
257,P3,142,0.11210643036280699,0.11289591226677041,0,65,0,,-4.130978415010675,-4.132830707306517
257,P3,143,0.11132791348528749,0.11210643036280699,0,65,0,,-4.129084311039497,-4.1309207767630305
257,P3,144,0.11056013477159585,0.11132791348528749,0,65,0,,-4.127206259955238,-4.12902716327464
257,P3,145,0.10980287357453013,0.11056013477159585,0,65,0,,-4.125343995896919,-4.127149594515092
257,P3,146,0.10905591525089386,0.10980287357453013,0,65,0,,-4.12349725949994,-4.12528780482543
257,P3,147,0.1083190509586581,0.10905591525089386,0,65,0,,-4.121665797668903,-4.123441535039236
257,P3,148,0.10759207746229127,0.1083190509586581,0,65,0,,-4.119849363360014,-4.1216105322337935
257,P3,149,0.106874796945876,0.10759207746229127,0,65,0,,-4.118047715432455,-4.11979454956482
257,P3,150,0.10616701683365165,0.106874796945876,0,65,0,,-4.116260618423674,-4.11799334605671
257,P3,151,0.10546854961764078,0.10616701683365165,0,65,0,,-4.114487842408612,-4.116206686418517
257,P3,152,0.10477921269203529,0.10546854961764078,0,65,0,,-4.112729162790056,-4.114434340884037
257,P3,153,0.10409882819403506,0.10477921269203529,0,65,0,,-4.11098436017631,-4.112676085028753
257,P3,154,0.10342722285084774,0.10409882819403506,0,65,0,,-4.109253220200464,-4.110931699606408
257,P3,155,0.10276422783257307,0.10342722285084774,0,65,0,,-4.107535533364659,-4.109200970393213
257,P3,156,0.10210967861070955,0.10276422783257307,0,65,0,,-4.105831094915989,-4.107483688052258
257,P3,157,0.10146341482203416,0.10210967861070955,0,65,0,,-4.10413970468476,-4.105779647961453
257,P3,158,0.10082528013761886,0.10146341482203416,0,65,0,,-4.102461166959915,-4.1040886500967195
257,P3,159,0.10019512213675874,0.10082528013761886,0,65,0,,-4.100795290365711,-4.102410498872125
257,P3,160,0.09957279218559875,0.10019512213675874,0,65,0,,-4.099141887711527,-4.100745003041724
257,P3,161,0.09895814532025554,0.09957279218559875,0,65,0,,-4.097500775901902,-4.0990919755444875
257,P3,162,0.09835104013424172,0.09895814532025554,0,65,0,,-4.0958717757980985,-4.0974512334049455
257,P3,163,0.09775133867000853,0.09835104013424172,0,65,0,,-4.094254712107647,-4.095822597596901
257,P3,164,0.09715890631443272,0.09775133867000853,0,65,0,,-4.092649413284074,-4.094205892959403
257,P3,165,0.09657361169808071,0.09715890631443272,0,65,0,,-4.091055711422551,-4.092600948041591
257,P3,166,0.0959953265980922,0.09657361169808071,0,65,0,,-4.089473442149948,-4.091007595052031
257,P3,167,0.09542392584453213,0.0959953265980922,0,65,0,,-4.08790244452351,-4.0894256697194225
257,P3,168,0.09485928723006745,0.09542392584453213,0,65,0,,-4.086342560952123,-4.08785501121408
257,P3,169,0.09430129142283175,0.09485928723006745,0,65,0,,-4.084793637098,-4.086295462039717
257,P3,170,0.09374982188234736,0.09430129142283175,0,65,0,,-4.083255521780874,-4.084746867950582
257,P3,171,0.09320476477838023,0.09374982188234736,0,65,0,,-4.081728066902882,-4.083209077865007
257,P3,172,0.09266600891260925,0.09320476477838023,0,65,0,,-4.080211127358649,-4.081681943777719
257,P3,173,0.09213344564299654,0.09266600891260925,0,65,0,,-4.078704560964882,-4.080165320673131
257,P3,174,0.09160696881075085,0.09213344564299654,0,65,0,,-4.077208228371292,-4.078659066459532
257,P3,175,0.09108647466978068,0.09160696881075085,0,65,0,,-4.075721993004013,-4.077163041859064
257,P3,176,0.09057186181853898,0.09108647466978068,0,65,0,,-4.074245720961687,-4.075677110385949
257,P3,177,0.09006303113416517,0.09057186181853898,0,65,0,,-4.072779280980205,-4.074201138224925
257,P3,178,0.08955988570883462,0.09006303113416517,0,65,0,,-4.071322544351644,-4.072734994185852
257,P3,179,0.08906233078822999,0.08955988570883462,0,65,0,,-4.069875384849544,-4.071278549642132
257,P3,180,0.08857027371205192,0.08906233078822999,0,65,0,,-4.068437678680897,-4.069831678434759
257,P3,181,0.0880836238564912,0.08857027371205192,0,65,0,,-4.067009304410699,-4.068394256845175
257,P3,182,0.08760229257858687,0.0880836238564912,0,65,0,,-4.065590142918709,-4.066966163515961
257,P3,183,0.0871261931623989,0.08760229257858687,0,65,0,,-4.06418007732753,-4.065547279382963
257,P3,184,0.08665524076692648,0.0871261931623989,0,65,0,,-4.062778992949899,-4.064137487641559
257,P3,185,0.08618935237570645,0.08665524076692648,0,65,0,,-4.0613867772329915,-4.062736673672686
257,P3,186,0.08572844674802887,0.08618935237570645,0,65,0,,-4.060003319726665,-4.061344724989743
257,P3,187,0.08527244437170957,0.08572844674802887,0,65,0,,-4.058628511995709,-4.059961531200124
257,P3,188,0.0848212674173619,0.08527244437170957,0,65,0,,-4.057262247600231,-4.058586983931822
257,P3,189,0.08437483969411262,0.0848212674173619,0,65,0,,-4.055904422037079,-4.057220976802005
257,P3,190,0.0839330866067089,0.08437483969411262,0,65,0,,-4.054554932689362,-4.055863405367397
257,P3,191,0.08349593511396562,0.0839330866067089,0,65,0,,-4.053213678795654,-4.05451416707274
257,P3,192,0.08306331368850466,0.08349593511396562,0,65,0,,-4.05188056138685,-4.053173161198783
257,P3,193,0.08263515227773917,0.08306331368850466,0,65,0,,-4.050555483257121,-4.0518402888427305
257,P3,194,0.08221138226605845,0.08263515227773917,0,65,0,,-4.049238348925164,-4.050515452846344
257,P3,195,0.0817919364381704,0.08221138226605845,0,65,0,,-4.047929064575131,-4.049198557777433
257,P3,196,0.0813767489435604,0.0817919364381704,0,65,0,,-4.0466275380405685,-4.047889509872695
257,P3,197,0.08096575526202726,0.0813767489435604,0,65,0,,-4.045333678756702,-4.046588217016805
257,P3,198,0.08055889217025829,0.08096575526202726,0,65,0,,-4.044047397722898,-4.045294588694367
257,P3,199,0.08015609770940699,0.08055889217025829,0,65,0,,-4.042768607463202,-4.04400853594397
257,P3,200,0.0797573111536388,0.08015609770940699,0,65,0,,-4.04149722200215,-4.042729971343594
257,P3,201,0.07936247297961088,0.0797573111536388,0,65,0,,-4.040233156823343,-4.041458808959302
257,P3,202,0.07897152483685418,0.07936247297961088,0,65,0,,-4.0389763288461396,-4.040194964317523
257,P3,203,0.07858440951902647,0.07897152483685418,0,65,0,,-4.03772665636996,-4.0389383543788275
257,P3,204,0.07820107093600683,0.07858440951902647,0,65,0,,-4.0364840590739535,-4.037688897490947
257,P3,205,0.07782145408680291,0.07820107093600683,0,65,0,,-4.035248457969878,-4.036446513367963
257,P3,206,0.07744550503324348,0.07782145408680291,0,65,0,,-4.034019775375834,-4.035211123063556
257,P3,207,0.0770731708744298,0.07744550503324348,0,65,0,,-4.032797934883814,-4.033982648931434
257,P3,208,0.07670439972192057,0.0770731708744298,0,65,0,,-4.031582861337688,-4.032761014613824
257,P3,209,0.07633914067562571,0.07670439972192057,0,65,0,,-4.030374480813375,-4.031546144979962
257,P3,210,0.07597734380038577,0.07633914067562571,0,65,0,,-4.029172720567842,-4.030337966143309
257,P3,211,0.07561896010321414,0.07597734380038577,0,65,0,,-4.02797750904266,-4.029136405401862
257,P3,212,0.07526394151118028,0.07561896010321414,0,65,0,,-4.026788775820684,-4.027941391227111
257,P3,213,0.07491224084991308,0.07526394151118028,0,65,0,,-4.025606451599451,-4.026752853239582
257,P3,214,0.07456381182270418,0.07491224084991308,0,65,0,,-4.024430468196491,-4.025570722177284
257,P3,215,0.07421860899019166,0.07456381182270418,0,65,0,,-4.02326075848452,-4.0243949298755535
257,P3,216,0.07387658775060553,0.07421860899019166,0,65,0,,-4.0220972563940895,-4.023225409246145
257,P3,217,0.07353770432055687,0.07387658775060553,0,65,0,,-4.020939896893293,-4.0220620942582554
257,P3,218,0.07320191571635341,0.07353770432055687,0,65,0,,-4.01978861595809,-4.02090491990229
257,P3,219,0.07286917973582453,0.07320191571635341,0,65,0,,-4.01864335054928,-4.019753822186011
257,P3,220,0.07253945494063982,0.07286917973582453,0,65,0,,-4.017504038606992,-4.018608738104806
257,P3,221,0.0722127006391054,0.07253945494063982,0,65,0,,-4.016370619006369,-4.017469605618567
257,P3,222,0.07188887686942332,0.0722127006391054,0,65,0,,-4.015243031569958,-4.016336363643132
257,P3,223,0.0715679443833991,0.07188887686942332,0,65,0,,-4.014121217015016,-4.015208952013037
257,P3,224,0.071249864630584,0.0715679443833991,0,65,0,,-4.013005116965522,-4.014087311489656
257,P3,225,0.07093459974283804,0.071249864630584,0,65,0,,-4.01189467391855,-4.01297138371253
257,P3,226,0.07062211251930131,0.07093459974283804,0,65,0,,-4.010789831227483,-4.011861111210908
257,P3,227,0.07031236641176052,0.07062211251930131,0,65,0,,-4.009690533082809,-4.010756437359963
257,P3,228,0.07000532551039912,0.07031236641176052,0,65,0,,-4.008596724508551,-4.0096573063773775
257,P3,229,0.06970095452991912,0.07000532551039912,0,65,0,,-4.0075083513376475,-4.008563663316376
257,P3,230,0.06939921879602337,0.06970095452991912,0,65,0,,-4.006425360183259,-4.007475454022001
257,P3,231,0.06910008423224741,0.06939921879602337,0,65,0,,-4.005347698455934,-4.006392625145485
257,P3,232,0.06880351734713047,0.06910008423224741,0,65,0,,-4.004275314310794,-4.005315124107807
257,P3,233,0.06850948522171538,0.06880351734713047,0,65,0,,-4.003208156666927,-4.0042428990989585
257,P3,234,0.06821795549736766,0.06850948522171538,0,65,0,,-4.002146175165551,-4.003175899050096
257,P3,235,0.06792889636390423,0.06821795549736766,0,65,0,,-4.001089320170602,-4.002114073628868
257,P3,236,0.06764227654802278,0.06792889636390423,0,65,0,,-4.000037542756644,-4.001057373224286
257,P3,237,0.06735806530202268,0.06764227654802278,0,65,0,,-3.9989907946955063,-4.000005748930103
257,P3,238,0.0670762323928092,0.06735806530202268,0,65,0,,-3.9979490284224717,-3.998959152530167
257,P3,239,0.06679674809117249,0.0670762323928092,0,65,0,,-3.9969121970555985,-3.9979175364910247
257,P3,240,0.0665195831613336,0.06679674809117249,0,65,0,,-3.9958802543670453,-3.9968808539520317
257,P3,241,0.06624470885074958,0.0665195831613336,0,65,0,,-3.994853154761256,-3.9958490586967397
257,P3,242,0.06597209688017036,0.06624470885074958,0,65,0,,-3.993830853290384,-3.994822105151804
257,P3,243,0.06570171943394015,0.06597209688017036,0,65,0,,-3.992813305609178,-3.9937999483885016
257,P3,244,0.06543354915053633,0.06570171943394015,0,65,0,,-3.9918004679919337,-3.992782544082337
257,P3,245,0.06516755911333902,0.06543354915053633,0,65,0,,-3.990792297307475,-3.9917698485263133
257,P3,246,0.0649037228416251,0.06516755911333902,0,65,0,,-3.989788751012154,-3.9907618186034304
257,P3,247,0.06464201428177983,0.0649037228416251,0,65,0,,-3.988789787134302,-3.9897584117872795
257,P3,248,0.06438240779872048,0.06464201428177983,0,65,0,,-3.987795364275694,-3.988759586130794
257,P3,249,0.0641248781675256,0.06438240779872048,0,65,0,,-3.9868054415886967,-3.9877653002432663
257,P3,250,0.06386940056526454,0.0641248781675256,0,65,0,,-3.9858199787672555,-3.9867755132948135
257,P3,251,0.06361595056302143,0.06386940056526454,0,65,0,,-3.984838936049003,-3.985790185003063
257,P3,252,0.06336450411810829,0.06361595056302143,0,65,0,,-3.9838622741966687,-3.9848092756183524
257,P3,253,0.0631150375664622,0.06336450411810829,0,65,0,,-3.9828899544909575,-3.983832745920699
257,P3,254,0.06286752761522117,0.0631150375664622,0,65,0,,-3.9819219387163765,-3.9828605572004845
257,P3,255,0.06262195133547421,0.06286752761522117,0,65,0,,-3.9809581891631964,-3.9818926712635196
257,P3,256,0.06237828615518054,0.06262195133547421,0,65,0,,-3.979998668608054,-3.9809290504108468
