m,level,r,point,u,sign,log10_abs,value_float64
13,P1,1,0,3.605551275463989,-1,-29.07097968886118,-8.492201905440182e-30
13,P1,2,0,1.8027756377319946,-1,-1.9995540295106595,-0.010010274124275926
13,P1,3,0,1.2018504251546631,-1,-0.27181886859570914,-0.5347873569059409
13,P1,4,0,0.9013878188659973,-1,-0.17031308337028367,-0.6755957620678766
13,P1,5,0,0.7211102550927978,-1,-0.6168464506056424,-0.24163149970877898
13,P1,6,0,0.6009252125773316,-1,-1.448292147548687,-0.03562114313091867
13,P1,7,0,0.5150787536377127,-1,-2.642916327192423,-0.0022755358018238716
13,P1,8,0,0.45069390943299864,-1,-4.224350175654591,-5.965540855388453e-05
13,P1,9,0,0.40061680838488767,-1,-6.253784572880233,-5.574622035071433e-07
13,P1,10,0,0.3605551275463989,-1,-8.848791041470289,-1.4164751456705393e-09
13,P1,11,0,0.32777738867854445,-1,-12.255920433665384,-5.547273342761565e-13
13,P1,12,0,0.3004626062886658,1,-13.822750228367719,1.5040067023945676e-14
13,P1,13,0,0.2773500981126146,-1,-14.1218191881233,-7.554066642365062e-15
13,P2,1,0,3.605551275463989,-1,-29.070979689832097,-8.492201886454817e-30
13,P2,2,0,1.8027756377319946,-1,-1.9995540295106595,-0.010010274124275926
13,P2,3,0,1.2018504251546631,-1,-0.27181886859570914,-0.5347873569059409
13,P2,4,0,0.9013878188659973,-1,-0.17031308337029594,-0.6755957620678575
13,P2,5,0,0.7211102550927978,-1,-0.6168464506056663,-0.24163149970876566
13,P2,6,0,0.6009252125773316,-1,-1.448292147548687,-0.03562114313091867
13,P2,7,0,0.5150787536377127,-1,-2.642916327195833,-0.002275535801806003
13,P2,8,0,0.45069390943299864,-1,-4.224350175618636,-5.965540855882333e-05
13,P2,9,0,0.40061680838488767,-1,-6.253784566055175,-5.574622122678157e-07
13,P2,10,0,0.3605551275463989,-1,-8.848797480081577,-1.4164541459442306e-09
13,P2,11,0,0.32777738867854445,-1,-12.250126642436664,-5.621773675622291e-13
13,P2,12,0,0.3004626062886658,1,-13.84433536997208,1.431082365055512e-14
13,P2,13,0,0.2773500981126146,1,-13.86576173162581,1.3621918211614244e-14
13,P3,1,0,3.605551275463989,-1,-29.070979689842268,-8.492201886255935e-30
13,P3,2,0,1.8027756377319946,-1,-1.9995540295106473,-0.01001027412427621
13,P3,3,0,1.2018504251546631,-1,-0.2718188685956968,-0.5347873569059561
13,P3,4,0,0.9013878188659973,-1,-0.17031308337029583,-0.6755957620678577
13,P3,5,0,0.7211102550927978,-1,-0.6168464506057022,-0.2416314997087457
13,P3,6,0,0.6009252125773316,-1,-1.448292147548554,-0.03562114313092959
13,P3,7,0,0.5150787536377127,-1,-2.642916327192423,-0.0022755358018238694
13,P3,8,0,0.45069390943299864,-1,-4.22435017544957,-5.965540858204661e-05
13,P3,9,0,0.40061680838488767,-1,-6.25378455035559,-5.574622324198693e-07
13,P3,10,0,0.3605551275463989,-1,-8.848801752415628,-1.4164402117687678e-09
13,P3,11,0,0.32777738867854445,-1,-12.2428165315409,-5.717201098174898e-13
13,P3,12,0,0.3004626062886658,-1,-14.091771251771394,-8.095221721607404e-15
13,P3,13,0,0.2773500981126146,-1,-14.560528035287593,-2.7508820198239032e-15
53,P1,1,0,7.280109889280518,-1,-136.5223493925682,-3.0036588683988364e-137
53,P1,2,0,3.640054944640259,-1,-15.188271171384912,-6.482295557438351e-16
53,P1,3,0,2.4267032964268394,-1,-4.994147837547597,-1.0135663003873115e-05
53,P1,4,0,1.8200274723201295,-1,-1.9397589670384372,-0.011487910223607126
53,P1,5,0,1.4560219778561037,-1,-0.7627357937026619,-0.17268881378141027
53,P1,6,0,1.2133516482134197,-1,-0.2868717615204561,-0.5165688792189101
53,P1,7,0,1.0400156984686455,-1,-0.13560659534663455,-0.7318016841958721
53,P1,8,0,0.9100137361600648,-1,-0.16605298336698793,-0.6822554547781676
53,P1,9,0,0.8089010988089465,-1,-0.3197257822256415,-0.4789323994639038
53,P1,10,0,0.7280109889280518,-1,-0.5708598484892259,-0.2686211175101653
53,P1,11,0,0.6618281717527744,-1,-0.9066991510450555,-0.12396550357873906
53,P1,12,0,0.6066758241067098,-1,-1.3201459416531756,-0.04784692790162154
53,P1,13,0,0.5600084530215783,-1,-1.806936818487349,-0.015597794042915315
53,P1,14,0,0.5200078492343227,-1,-2.3644266741977575,-0.004320891149103057
53,P1,15,0,0.48534065928536785,-1,-2.9909939766253166,-0.0010209536435552954
53,P1,16,0,0.4550068680800324,-1,-3.6857195073800133,-0.0002061961217713703
53,P1,17,0,0.42824175819297167,-1,-4.4482001087479555,-3.562869301897882e-05
53,P1,18,0,0.4044505494044732,-1,-5.2784353626332505,-5.267015996593681e-06
53,P1,19,0,0.38316367838318516,-1,-6.1767583448467915,-6.656434381862332e-07
53,P1,20,0,0.3640054944640259,-1,-7.143785025150866,-7.181496858784906e-08
53,P1,21,0,0.34667189948954846,-1,-8.180316373002967,-6.6021232411045466e-09
53,P1,22,0,0.3309140858763872,-1,-9.287836432842704,-5.154227303007594e-10
53,P1,23,0,0.3165265169252399,-1,-10.4461694913659,-3.579567106847403e-11
53,P1,24,0,0.3033379120533549,-1,-11.753421829236446,-1.7643233049796582e-12
53,P1,25,0,0.29120439557122074,-1,-12.675536200483291,-2.1108812366173013e-13
53,P1,26,0,0.28000422651078916,1,-12.804260223418092,1.5694221458847055e-13
53,P1,27,0,0.26963369960298217,-1,-12.158150551781429,-6.947834234053861e-13
53,P1,28,0,0.2600039246171614,-1,-14.477912077183698,-3.3272690696041246e-15
53,P1,29,0,0.2510382720441558,-1,-12.251311364060019,-5.606458811946602e-13
53,P1,30,0,0.24267032964268392,1,-12.96329655987449,1.0881867665073715e-13
53,P1,31,0,0.23484225449291993,-1,-12.177286253049603,-6.64834804504752e-13
53,P1,32,0,0.2275034340400162,1,-12.509603214842354,3.0931201142031617e-13
53,P1,33,0,0.22060939058425813,-1,-12.0618178654819,-8.67325538677049e-13
53,P1,34,0,0.21412087909648583,-1,-14.50124827741231,-3.15320148620409e-15
53,P1,35,0,0.20800313969372908,-1,-12.315497420075802,-4.836181372246342e-13
53,P1,36,0,0.2022252747022366,-1,-11.988688685906386,-1.0263874050149383e-12
53,P1,37,0,0.1967597267373113,-1,-13.02557348015388,-9.428150790204054e-14
53,P1,38,0,0.19158183919159258,1,-11.998513395085777,1.0034288995870516e-12
53,P1,39,0,0.1866694843405261,-1,-11.752977651776897,-1.766128701009001e-12
53,P1,40,0,0.18200274723201296,1,-12.742611606306847,1.8087910219456496e-13
53,P1,41,0,0.1775636558361102,1,-12.565103349046515,2.722053464005517e-13
53,P1,42,0,0.17333594974477423,-1,-12.099034546029822,-7.960960223025768e-13
53,P1,43,0,0.16930488114605857,1,-12.12852894905363,7.438254795896011e-13
53,P1,44,0,0.1654570429381936,-1,-12.647058801097673,-2.2539340211527012e-13
53,P1,45,0,0.1617802197617893,1,-11.973359517587639,1.0632624640437875e-12
53,P1,46,0,0.15826325846261996,-1,-11.929466759232922,-1.1763410180215604e-12
53,P1,47,0,0.15489595509107484,-1,-13.866852328085747,-1.3587753885670014e-14
53,P1,48,0,0.15166895602667746,1,-12.024119503441279,9.459768240936253e-13
53,P1,49,0,0.1485736712098065,-1,-12.318237037286114,-4.805769786513071e-13
53,P1,50,0,0.14560219778561037,-1,-13.559127888189584,-2.7597650590451067e-14
53,P1,51,0,0.14274725273099054,-1,-12.48914579177977,-3.2423075546874544e-13
53,P1,52,0,0.14000211325539458,1,-12.730290423755061,1.8608423279446974e-13
53,P1,53,0,0.137360563948689,1,-11.93450595936645,1.1627705954158222e-12
53,P2,1,0,7.280109889280518,-1,-136.52234939590744,-3.0036588453039285e-137
53,P2,2,0,3.640054944640259,-1,-15.188271171647234,-6.482295553522926e-16
53,P2,3,0,2.4267032964268394,-1,-4.994147837539648,-1.0135663004058634e-05
53,P2,4,0,1.8200274723201295,-1,-1.9397589670397208,-0.011487910223573171
53,P2,5,0,1.4560219778561037,-1,-0.76273579370281,-0.17268881378135137
53,P2,6,0,1.2133516482134197,-1,-0.2868717615206041,-0.5165688792187341
53,P2,7,0,1.0400156984686455,-1,-0.1356065953467959,-0.7318016841956002
53,P2,8,0,0.9100137361600648,-1,-0.16605298336680807,-0.6822554547784501
53,P2,9,0,0.8089010988089465,-1,-0.3197257822257502,-0.47893239946378396
53,P2,10,0,0.7280109889280518,-1,-0.5708598484894565,-0.2686211175100227
53,P2,11,0,0.6618281717527744,-1,-0.906699151045485,-0.12396550357861646
53,P2,12,0,0.6066758241067098,-1,-1.3201459416551522,-0.04784692790140378
53,P2,13,0,0.5600084530215783,-1,-1.8069368185022368,-0.01559779404238062
53,P2,14,0,0.5200078492343227,-1,-2.364426674219371,-0.004320891148888021
53,P2,15,0,0.48534065928536785,-1,-2.9909939765484097,-0.001020953643736091
53,P2,16,0,0.4550068680800324,-1,-3.685719506175131,-0.00020619612234342935
53,P2,17,0,0.42824175819297167,-1,-4.44820011474936,-3.562869252663499e-05
53,P2,18,0,0.4044505494044732,-1,-5.278435499062702,-5.267014342011312e-06
53,P2,19,0,0.38316367838318516,-1,-6.176757521662592,-6.656446998823927e-07
53,P2,20,0,0.3640054944640259,-1,-7.143786140591914,-7.18147841386694e-08
53,P2,21,0,0.34667189948954846,-1,-8.180403399461504,-6.600800401728249e-09
53,P2,22,0,0.3309140858763872,-1,-9.28775229614969,-5.155225937961428e-10
53,P2,23,0,0.3165265169252399,-1,-10.467176284647806,-3.410544459741817e-11
53,P2,24,0,0.3033379120533549,-1,-11.71450892772922,-1.9297056670999706e-12
53,P2,25,0,0.29120439557122074,-1,-13.1093088515182,-7.77483441673793e-14
53,P2,26,0,0.28000422651078916,1,-13.965207538741485,1.083409055529236e-14
53,P2,27,0,0.26963369960298217,-1,-13.438832272456208,-3.640556097839771e-14
53,P2,28,0,0.2600039246171614,1,-13.443952486364193,3.597886953932338e-14
53,P2,29,0,0.2510382720441558,-1,-13.474528772553986,-3.3532908774209484e-14
53,P2,30,0,0.24267032964268392,-1,-13.724324916472812,-1.8865793807179116e-14
53,P2,31,0,0.23484225449291993,1,-13.0532762798261,8.845527156874408e-14
53,P2,32,0,0.2275034340400162,1,-13.512309108218574,3.073908188025896e-14
53,P2,33,0,0.22060939058425813,1,-13.36305170742016,4.334592673362644e-14
53,P2,34,0,0.21412087909648583,1,-13.132271964675587,7.374422830638624e-14
53,P2,35,0,0.20800313969372908,1,-13.131189614897993,7.392824305959168e-14
53,P2,36,0,0.2022252747022366,1,-13.449311290224227,3.553765032489336e-14
53,P2,37,0,0.1967597267373113,1,-13.972153096250725,1.066220194075314e-14
53,P2,38,0,0.19158183919159258,1,-14.481471005876084,3.300114392134824e-15
53,P2,39,0,0.1866694843405261,1,-13.793551905846591,1.6086001103287847e-14
53,P2,40,0,0.18200274723201296,1,-13.480632478823786,3.306492341867332e-14
53,P2,41,0,0.1775636558361102,1,-13.593906906897608,2.5473762363635818e-14
53,P2,42,0,0.17333594974477423,1,-13.205586698810107,6.228927860649676e-14
53,P2,43,0,0.16930488114605857,1,-13.009483863948011,9.783993061761998e-14
53,P2,44,0,0.1654570429381936,-1,-13.92906555944842,-1.1774282200046086e-14
53,P2,45,0,0.1617802197617893,-1,-13.70722523670116,-1.9623422898331226e-14
53,P2,46,0,0.15826325846261996,-1,-14.41126756877114,-3.879113002547816e-15
53,P2,47,0,0.15489595509107484,-1,-13.922607560341365,-1.1950675104263981e-14
53,P2,48,0,0.15166895602667746,1,-13.215171959532126,6.092955979932088e-14
53,P2,49,0,0.1485736712098065,1,-13.166193772934708,6.820343170783488e-14
53,P2,50,0,0.14560219778561037,1,-13.388300869126212,4.089772316416708e-14
53,P2,51,0,0.14274725273099054,1,-13.320233117351211,4.7837324577355864e-14
53,P2,52,0,0.14000211325539458,1,-13.173601711773385,6.704992373822865e-14
53,P2,53,0,0.137360563948689,-1,-14.175947899602232,-6.668867678857136e-15
53,P3,1,0,7.280109889280518,-1,-136.5223493959362,-3.003658845105018e-137
53,P3,2,0,3.640054944640259,-1,-15.188271171648962,-6.482295553497132e-16
53,P3,3,0,2.4267032964268394,-1,-4.994147837539945,-1.013566300405172e-05
53,P3,4,0,1.8200274723201295,-1,-1.9397589670397208,-0.011487910223573171
53,P3,5,0,1.4560219778561037,-1,-0.76273579370281,-0.17268881378135137
53,P3,6,0,1.2133516482134197,-1,-0.2868717615206041,-0.5165688792187341
53,P3,7,0,1.0400156984686455,-1,-0.1356065953467959,-0.7318016841956002
53,P3,8,0,0.9100137361600648,-1,-0.16605298336685687,-0.6822554547783735
53,P3,9,0,0.8089010988089465,-1,-0.31972578222579073,-0.4789323994637392
53,P3,10,0,0.7280109889280518,-1,-0.5708598484893759,-0.26862111751007256
53,P3,11,0,0.6618281717527744,-1,-0.9066991510454356,-0.12396550357863055
53,P3,12,0,0.6066758241067098,-1,-1.3201459416551524,-0.04784692790140376
53,P3,13,0,0.5600084530215783,-1,-1.8069368185037071,-0.01559779404232781
53,P3,14,0,0.5200078492343227,-1,-2.36442667421996,-0.004320891148882165
53,P3,15,0,0.48534065928536785,-1,-2.990993976578278,-0.0010209536436658756
53,P3,16,0,0.4550068680800324,-1,-3.6857195062503685,-0.00020619612230770773
53,P3,17,0,0.42824175819297167,-1,-4.448200114428871,-3.562869255292731e-05
53,P3,18,0,0.4044505494044732,-1,-5.2784355016712725,-5.267014310375233e-06
53,P3,19,0,0.38316367838318516,-1,-6.176757536975,-6.656446764130112e-07
53,P3,20,0,0.3640054944640259,-1,-7.14378551884989,-7.181488694978717e-08
53,P3,21,0,0.34667189948954846,-1,-8.180403442677424,-6.600799744893654e-09
53,P3,22,0,0.3309140858763872,-1,-9.28778681878108,-5.154816158655487e-10
53,P3,23,0,0.3165265169252399,-1,-10.46717565881204,-3.410549374476692e-11
53,P3,24,0,0.3033379120533549,-1,-11.724584014466314,-1.8854541922318514e-12
53,P3,25,0,0.29120439557122074,-1,-12.972082064511484,-1.0663945957124782e-13
53,P3,26,0,0.28000422651078916,1,-13.458185598549624,3.481884826408913e-14
53,P3,27,0,0.26963369960298217,1,-13.14574206798304,7.149207989236063e-14
53,P3,28,0,0.2600039246171614,-1,-14.340136115870177,-4.569449522256852e-15
53,P3,29,0,0.2510382720441558,-1,-13.497572020581341,-3.180006292973212e-14
53,P3,30,0,0.24267032964268392,-1,-13.451622231207931,-3.534905179850715e-14
53,P3,31,0,0.23484225449291993,1,-12.964217406970958,1.0858818971734847e-13
53,P3,32,0,0.2275034340400162,1,-13.252065066612586,5.5967374410274175e-14
53,P3,33,0,0.22060939058425813,1,-13.12558349218538,7.488873726748605e-14
53,P3,34,0,0.21412087909648583,1,-13.30776460960217,4.92306296555736e-14
53,P3,35,0,0.20800313969372908,1,-13.558944344815098,2.7609316491475426e-14
53,P3,36,0,0.2022252747022366,1,-13.220665171276583,6.016374040918555e-14
53,P3,37,0,0.1967597267373113,1,-13.193332154937307,6.407193573656269e-14
53,P3,38,0,0.19158183919159258,1,-13.462721569863243,3.4457076741407875e-14
53,P3,39,0,0.1866694843405261,1,-13.724773420198735,1.8846320819236647e-14
53,P3,40,0,0.18200274723201296,-1,-13.85476957282325,-1.3971094402254689e-14
53,P3,41,0,0.1775636558361102,1,-13.9691829309337,1.0735371281818008e-14
53,P3,42,0,0.17333594974477423,1,-13.324382553911358,4.7382442700668457e-14
53,P3,43,0,0.16930488114605857,1,-13.364360286464246,4.321551705725261e-14
53,P3,44,0,0.1654570429381936,1,-13.504650655244761,3.1285949845836714e-14
53,P3,45,0,0.1617802197617893,1,-13.42847163574833,3.7284503506829346e-14
53,P3,46,0,0.15826325846261996,-1,-13.934146314051475,-1.1637339007643503e-14
53,P3,47,0,0.15489595509107484,1,-13.09396531769441,8.054427604518565e-14
53,P3,48,0,0.15166895602667746,-1,-14.606107066635508,-2.476811373956126e-15
53,P3,49,0,0.1485736712098065,1,-13.517584505080348,3.0367951344364433e-14
53,P3,50,0,0.14560219778561037,1,-13.85495669016766,1.3965076202400091e-14
53,P3,51,0,0.14274725273099054,1,-12.982358064279726,1.041458420486185e-13
53,P3,52,0,0.14000211325539458,1,-13.133673764873434,7.350658306116908e-14
53,P3,53,0,0.137360563948689,1,-13.147416811016067,7.121692027421528e-14
257,P1,1,0,16.0312195418814,-1,-691.2972414396451,-0.0
257,P1,2,0,8.0156097709407,-1,-88.20985510651698,-6.1680075050933056e-89
257,P1,3,0,5.3437398472938,-1,-35.25608141971887,-5.545217437876696e-36
257,P1,4,0,4.00780488547035,-1,-18.016745929620896,-9.621750041038864e-19
257,P1,5,0,3.2062439083762797,-1,-10.374470431951526,-4.222110234436245e-11
257,P1,6,0,2.6718699236469,-1,-6.387503199132603,-4.097290916252436e-07
257,P1,7,0,2.290174220268771,-1,-4.0888183359342065,-8.150451436394548e-05
257,P1,8,0,2.003902442735175,-1,-2.6736983907426906,-0.0021198328077303807
257,P1,9,0,1.7812466157645999,-1,-1.763718809280607,-0.017229837865766134
257,P1,10,0,1.6031219541881399,-1,-1.1623423120174887,-0.06881097127101751
257,P1,11,0,1.4573835947164908,-1,-0.759628030762146,-0.17392898767968631
257,P1,12,0,1.33593496182345,-1,-0.49047114202716424,-0.32324279844346415
257,P1,13,0,1.2331707339908768,-1,-0.3145936013757702,-0.48462565235991095
257,P1,14,0,1.1450871101343856,-1,-0.20625472641263878,-0.6219353948753893
257,P1,15,0,1.0687479694587598,-1,-0.14863333102089626,-0.7101771078832739
257,P1,16,0,1.0019512213675874,-1,-0.13057961810011706,-0.740321533750119
257,P1,17,0,0.9430129142283176,-1,-0.144627634979766,-0.7167576964162843
257,P1,18,0,0.8906233078822999,-1,-0.18572191096708288,-0.6520457807572362
257,P1,19,0,0.8437483969411262,-1,-0.25038305968047264,-0.5618455433502837
257,P1,20,0,0.8015609770940699,-1,-0.3361616606863312,-0.46114588682224933
257,P1,21,0,0.763391406756257,-1,-0.4412856089325403,-0.362004851656242
257,P1,22,0,0.7286917973582454,-1,-0.5644352396075619,-0.2726244236112317
257,P1,23,0,0.6970095452991912,-1,-0.7046003606542149,-0.19742386019727146
257,P1,24,0,0.667967480911725,-1,-0.8609885018467679,-0.13772459316531852
257,P1,25,0,0.6412487816752559,-1,-1.0329648469643147,-0.0926904846668485
257,P1,26,0,0.6165853669954384,-1,-1.2200118695500273,-0.06025431179548803
257,P1,27,0,0.5937488719215332,-1,-1.4217014367453056,-0.03787028410674681
257,P1,28,0,0.5725435550671928,-1,-1.637674996847288,-0.02303164740034383
257,P1,29,0,0.5528006738579793,-1,-1.8676291669699405,-0.01356347068354119
257,P1,30,0,0.5343739847293799,-1,-2.111305000828173,-0.007739180916896279
257,P1,31,0,0.5171361142542387,-1,-2.3684798811725933,-0.004280752498464193
257,P1,32,0,0.5009756106837937,-1,-2.6389612050378384,-0.0022963537692511434
257,P1,33,0,0.48579453157216357,-1,-2.9225814823781295,-0.0011951392724763323
257,P1,34,0,0.4715064571141588,-1,-3.2191945748526836,-0.0006036781058031418
257,P1,35,0,0.4580348440537542,-1,-3.5286723390719787,-0.00029602450319340674
257,P1,36,0,0.44531165394114997,-1,-3.850902021194481,-0.00014096067762360358
257,P1,37,0,0.4332762038346324,-1,-4.18578476274109,-6.519514225040255e-05
257,P1,38,0,0.4218741984705631,-1,-4.5332335566075725,-2.9293174816140366e-05
257,P1,39,0,0.41105691133029226,-1,-4.8931701502525735,-1.278880159373581e-05
257,P1,40,0,0.40078048854703496,-1,-5.265524299289948,-5.425948916537206e-06
257,P1,41,0,0.3910053546800341,-1,-5.650250035940289,-2.2374326127778673e-06
257,P1,42,0,0.3816957033781285,-1,-6.047270651915125,-8.968696919491597e-07
257,P1,43,0,0.3728190591135209,-1,-6.456553713765954,-3.4949928067371993e-07
257,P1,44,0,0.3643458986791227,-1,-6.8781351412315495,-1.3239294984074334e-07
257,P1,45,0,0.35624932315291996,-1,-7.311480203423795,-4.881123505127974e-08
257,P1,46,0,0.3485047726495956,-1,-7.757208986348934,-1.749004849475447e-08
257,P1,47,0,0.3410897774868383,-1,-8.220892521913775,-6.013225328313091e-09
257,P1,48,0,0.3339837404558625,-1,-8.680299170960629,-2.0878573801546416e-09
257,P1,49,0,0.3271677457526816,-1,-9.170428269603537,-6.754166001965423e-10
257,P1,50,0,0.32062439083762795,-1,-9.645475945514008,-2.2621638319009702e-10
257,P1,51,0,0.3143376380761059,-1,-10.169062303558597,-6.775443006442174e-11
257,P1,52,0,0.3082926834977192,-1,-10.280835810390936,-5.237984266765863e-11
257,P1,53,0,0.3024758404128566,1,-11.060449496994405,8.70062604559806e-12
257,P1,54,0,0.2968744359607666,1,-10.369884077449685,4.2669339725973306e-11
257,P1,55,0,0.29147671894329813,-1,-10.87683014135761,-1.3279137217954152e-11
257,P1,56,0,0.2862717775335964,-1,-10.252785405383959,-5.5874621553804905e-11
257,P1,57,0,0.28124946564704206,-1,-10.075627794624499,-8.401797411137031e-11
257,P1,58,0,0.27640033692898963,-1,-11.762905778430484,-1.7262123586308543e-12
257,P1,59,0,0.2717155854556169,1,-12.399640816285817,3.9843656170613017e-13
257,P1,60,0,0.26718699236468996,-1,-10.160733799464968,-6.906630155930605e-11
257,P1,61,0,0.2628068777357606,1,-10.408382480079418,3.904968365065489e-11
257,P1,62,0,0.25856805712711933,1,-10.62809806072504,2.3545175898962472e-11
257,P1,63,0,0.2544638022520857,1,-10.712794944805584,1.937336475076928e-11
257,P1,64,0,0.25048780534189685,1,-10.838513617026049,1.4503952973740256e-11
257,P1,65,0,0.24663414679817536,1,-10.369623112660163,4.269498716550789e-11
257,P1,66,0,0.24289726578608178,-1,-10.383783715957943,-4.132532560022954e-11
257,P1,67,0,0.2392719334609164,-1,-10.295710398222147,-5.061620749332029e-11
257,P1,68,0,0.2357532285570794,-1,-10.191489376676152,-6.434438041476218e-11
257,P1,69,0,0.2323365150997304,-1,-10.157390864369617,-6.959998333614645e-11
257,P1,70,0,0.2290174220268771,1,-10.270726279850749,5.361344572635526e-11
257,P1,71,0,0.22579182453354082,1,-10.530127524123966,2.950342775128291e-11
257,P1,72,0,0.22265582697057498,-1,-10.703318180592028,-1.9800758157003892e-11
257,P1,73,0,0.21960574714906025,-1,-10.471465890293914,-3.377023709138022e-11
257,P1,74,0,0.2166381019173162,-1,-10.636500851842758,-2.3093999291644147e-11
257,P1,75,0,0.213749593891752,-1,-10.755564705463136,-1.7556393023026418e-11
257,P1,76,0,0.21093709923528156,1,-11.386326422007944,4.108408111383642e-12
257,P1,77,0,0.2081976563880701,1,-10.311481800817505,4.881105551730057e-11
257,P1,78,0,0.20552845566514613,-1,-11.098245585461843,-7.97543563659307e-12
257,P1,79,0,0.20292682964406833,-1,-12.371341004706279,-4.252643676762959e-13
257,P1,80,0,0.20039024427351748,-1,-10.234954463358918,-5.821642556521023e-11
257,P1,81,0,0.19791629064051108,1,-11.170132793929689,6.758762815602703e-12
257,P1,82,0,0.19550267734001706,1,-10.794821002904362,1.60390631416044e-11
257,P1,83,0,0.19314722339616142,-1,-10.491660174261977,-3.223590192055069e-11
257,P1,84,0,0.19084785168906426,-1,-10.62635127737706,-2.3640068064007613e-11
257,P1,85,0,0.1886025828456635,-1,-10.39627985240586,-4.015319866879599e-11
257,P1,86,0,0.18640952955676046,-1,-11.170988570708401,-6.745457794292592e-12
257,P1,87,0,0.18426689128599308,1,-10.158356325483286,6.944543050344354e-11
257,P1,88,0,0.18217294933956135,1,-10.555684616940193,2.7817326184724018e-11
257,P1,89,0,0.18012606226833033,-1,-10.637629338767576,-2.3034068881886525e-11
257,P1,90,0,0.17812466157645998,-1,-10.49287967754811,-3.214551015267016e-11
257,P1,91,0,0.1761672477129824,-1,-10.122356739783303,-7.544722316831332e-11
257,P1,92,0,0.1742523863247978,-1,-10.791023013705606,-1.6179942962105485e-11
257,P1,93,0,0.1723787047514129,1,-10.525795580240555,2.9799187289172157e-11
257,P1,94,0,0.17054488874341914,1,-10.30849571491962,4.91478229474163e-11
257,P1,95,0,0.16874967938822524,-1,-11.045863413394148,-8.997805200626345e-12
257,P1,96,0,0.16699187022793124,1,-10.852391111067686,1.4047818548076069e-11
257,P1,97,0,0.16527030455547834,1,-10.920960518339909,1.199608354446296e-11
257,P1,98,0,0.1635838728763408,-1,-11.05873741445771,-8.734993487856301e-12
257,P1,99,0,0.16193151052405452,-1,-10.197339366861502,-6.348346647931571e-11
257,P1,100,0,0.16031219541881397,-1,-10.28891067550142,-5.141493895451966e-11
257,P1,101,0,0.15872494595922176,1,-10.747531366556947,1.788416357562492e-11
257,P1,102,0,0.15716881903805294,1,-10.408093057134309,3.9075715851519857e-11
257,P1,103,0,0.15564290817360582,-1,-10.980273593468118,-1.046469093873351e-11
257,P1,104,0,0.1541463417488596,-1,-10.797227168192018,-1.5950446024833764e-11
257,P1,105,0,0.15267828135125142,1,-10.771852698967106,1.691014381083938e-11
257,P1,106,0,0.1512379202064283,1,-10.831926281933288,1.4725624370920002e-11
257,P1,107,0,0.14982448169982615,-1,-11.209548035577072,-6.1723701799310445e-12
257,P1,108,0,0.1484372179803833,1,-10.242479422861926,5.7216406349324425e-11
257,P1,109,0,0.14707540864111374,1,-10.255779036516307,5.549079712331824e-11
257,P1,110,0,0.14573835947164906,-1,-10.711683085853396,-1.942302701189684e-11
257,P1,111,0,0.1444254012782108,-1,-10.5871285406037,-2.5874469804355202e-11
257,P1,112,0,0.1431358887667982,-1,-10.37073995498147,-4.258533274675318e-11
257,P1,113,0,0.14186919948567608,-1,-10.194694711293184,-6.387123133005519e-11
257,P1,114,0,0.14062473282352103,-1,-10.135591611498315,-7.318269329500078e-11
257,P1,115,0,0.13940190905983824,-1,-10.523804445704517,-2.9936122981325907e-11
257,P1,116,0,0.13820016846449482,1,-11.058546441630043,8.73883538154207e-12
257,P1,117,0,0.13701897044343075,1,-10.387636745259968,4.096031187572694e-11
257,P1,118,0,0.13585779272780846,1,-10.54216374915251,2.8696983686980018e-11
257,P1,119,0,0.13471613060404536,-1,-10.30015344763132,-5.0101018231255304e-11
257,P1,120,0,0.13359349618234498,-1,-10.18831755222932,-6.48160331219823e-11
257,P1,121,0,0.13248941770149916,-1,-10.323644272158216,-4.746305929787147e-11
257,P1,122,0,0.1314034388678803,1,-10.751174387467525,1.7734772123399914e-11
257,P1,123,0,0.13033511822667804,1,-10.478115551100666,3.3257105559048336e-11
257,P1,124,0,0.12928402856355967,1,-10.921038421912096,1.199393188473479e-11
257,P1,125,0,0.1282497563350512,-1,-10.823860648362418,-1.5001661150906455e-11
257,P1,126,0,0.12723190112604285,1,-12.837403386507095,1.4541078316041493e-13
257,P1,127,0,0.1262300751329244,1,-11.401372606052535,3.968509222854367e-12
257,P1,128,0,0.12524390267094843,1,-11.6381191242439,2.300810632967075e-12
257,P1,129,0,0.12427301970450697,1,-10.676206559615403,2.1076254803758828e-11
257,P1,130,0,0.12331707339908768,1,-10.588635852516152,2.5784822581235694e-11
257,P1,131,0,0.12237572169375113,-1,-10.748040737290006,-1.786320008253104e-11
257,P1,132,0,0.12144863289304089,-1,-10.244176652020839,-5.69932401525999e-11
257,P1,133,0,0.12053548527730375,-1,-10.148169288737797,-7.10936335425313e-11
257,P1,134,0,0.1196359667304582,-1,-10.262271689131772,-5.4667386364784576e-11
257,P1,135,0,0.11874977438430666,-1,-10.250872603345108,-5.612125789062657e-11
257,P1,136,0,0.1178766142785397,-1,-10.08949553543401,-8.137752263801844e-11
257,P1,137,0,0.11701620103563065,-1,-10.055395850887342,-8.802461801458602e-11
257,P1,138,0,0.1161682575498652,-1,-10.292806385693245,-5.0955798821513846e-11
257,P1,139,0,0.11533251468979423,-1,-11.00099321774284,-9.97715644750977e-12
257,P1,140,0,0.11450871101343855,1,-10.538934689189464,2.8911146261864627e-11
257,P1,141,0,0.11369659249561276,1,-10.155842313580516,6.984859687965049e-11
257,P1,142,0,0.11289591226677041,1,-10.367206068937525,4.293326638286449e-11
257,P1,143,0,0.11210643036280699,-1,-10.923969042077779,-1.1913269266560994e-11
257,P1,144,0,0.11132791348528749,-1,-11.005115908207586,-9.882892963974446e-12
257,P1,145,0,0.11056013477159585,1,-10.863791766357979,1.3683847755479816e-11
257,P1,146,0,0.10980287357453013,1,-10.829607577810053,1.4804454930413993e-11
257,P1,147,0,0.10905591525089386,1,-10.973886441901026,1.0619732026626805e-11
257,P1,148,0,0.1083190509586581,-1,-10.832578190581192,-1.470353668412064e-11
257,P1,149,0,0.10759207746229127,-1,-10.822409834435632,-1.5051859838742245e-11
257,P1,150,0,0.106874796945876,-1,-10.830598734330014,-1.477070639977481e-11
257,P1,151,0,0.10616701683365165,1,-11.19370250624678,6.401732069659387e-12
257,P1,152,0,0.10546854961764078,1,-10.171257186661682,6.741286943832882e-11
257,P1,153,0,0.10477921269203529,1,-9.973341651987061,1.0633062044411599e-10
257,P1,154,0,0.10409882819403506,1,-10.1531671348691,7.028018000017133e-11
257,P1,155,0,0.10342722285084774,1,-10.538745670894246,2.89237320192018e-11
257,P1,156,0,0.10276422783257307,1,-10.724431634318885,1.88611585432726e-11
257,P1,157,0,0.10210967861070955,1,-10.484824073778695,3.274733225761414e-11
257,P1,158,0,0.10146341482203416,1,-10.421311404207184,3.790431004597403e-11
257,P1,159,0,0.10082528013761886,1,-10.999006232907556,1.0022908532967812e-11
257,P1,160,0,0.10019512213675874,-1,-11.071270284962903,-8.486521484837377e-12
257,P1,161,0,0.09957279218559875,1,-11.487084514233123,3.2577329895390117e-12
257,P1,162,0,0.09895814532025554,1,-10.358828979507058,4.376944305822154e-11
257,P1,163,0,0.09835104013424172,1,-10.147328366341439,7.123142517589605e-11
257,P1,164,0,0.09775133867000853,1,-10.351723582893309,4.449143537490777e-11
257,P1,165,0,0.09715890631443272,-1,-11.380506720537383,-4.1638327760681115e-12
257,P1,166,0,0.09657361169808071,-1,-10.318755732175598,-4.800033493874917e-11
257,P1,167,0,0.0959953265980922,-1,-10.208280555601425,-6.190410434185359e-11
257,P1,168,0,0.09542392584453213,-1,-10.347087505832222,-4.496892380485544e-11
257,P1,169,0,0.09485928723006745,-1,-10.269052989750898,-5.382041103908753e-11
257,P1,170,0,0.09430129142283175,-1,-10.184949136313724,-6.532070504487403e-11
257,P1,171,0,0.09374982188234736,-1,-10.25146631448746,-5.6044588596801164e-11
257,P1,172,0,0.09320476477838023,-1,-10.646237372788281,-2.2582011654840303e-11
257,P1,173,0,0.09266600891260925,1,-10.674095764565905,2.11789407527357e-11
257,P1,174,0,0.09213344564299654,1,-10.348844535792175,4.478736006031e-11
257,P1,175,0,0.09160696881075085,1,-10.23969052181878,5.758501418867686e-11
257,P1,176,0,0.09108647466978068,1,-10.3837719510483,4.1326445106295756e-11
257,P1,177,0,0.09057186181853898,1,-10.870658627356924,1.3469186694196395e-11
257,P1,178,0,0.09006303113416517,-1,-10.630599067840231,-2.3409974043484256e-11
257,P1,179,0,0.08955988570883462,-1,-10.329569683057969,-4.681988222974164e-11
257,P1,180,0,0.08906233078822999,-1,-10.300690321975264,-5.003912167568233e-11
257,P1,181,0,0.08857027371205192,-1,-10.233542123502462,-5.840605545899398e-11
257,P1,182,0,0.0880836238564912,-1,-10.172119194802935,-6.727919790284916e-11
257,P1,183,0,0.08760229257858687,-1,-10.381215507472044,-4.1570427674370555e-11
257,P1,184,0,0.0871261931623989,-1,-11.72596775966558,-1.8794563351582344e-12
257,P1,185,0,0.08665524076692648,1,-11.109022296449915,7.779966080784757e-12
257,P1,186,0,0.08618935237570645,1,-10.740798113815716,1.816359819791375e-11
257,P1,187,0,0.08572844674802887,1,-10.497410946187356,3.1811859362962315e-11
257,P1,188,0,0.08527244437170957,1,-10.332632246034011,4.6490878628324166e-11
257,P1,189,0,0.0848212674173619,1,-10.4853318751341,3.2709064625103115e-11
257,P1,190,0,0.08437483969411262,1,-12.6242480454691,2.3754831518767997e-13
257,P1,191,0,0.0839330866067089,-1,-11.30890048605796,-4.910203753377758e-12
257,P1,192,0,0.08349593511396562,1,-10.941426374536217,1.1443888703540838e-11
257,P1,193,0,0.08306331368850466,1,-11.020707033316498,9.534391187823118e-12
257,P1,194,0,0.08263515227773917,1,-11.138755883987002,7.26514214793103e-12
257,P1,195,0,0.08221138226605845,1,-10.78473950007049,1.6415741322876824e-11
257,P1,196,0,0.0817919364381704,1,-10.833739183662336,1.4664282427030402e-11
257,P1,197,0,0.0813767489435604,-1,-11.009664825876817,-9.77991711443044e-12
257,P1,198,0,0.08096575526202726,-1,-10.39485698472659,-4.0284967283070466e-11
257,P1,199,0,0.08055889217025829,-1,-10.345979137031595,-4.508383617371417e-11
257,P1,200,0,0.08015609770940699,-1,-10.376133366746748,-4.205974480024425e-11
257,P1,201,0,0.0797573111536388,-1,-10.3488051169977,-4.47914253752948e-11
257,P1,202,0,0.07936247297961088,-1,-10.377245231364597,-4.195220272361183e-11
257,P1,203,0,0.07897152483685418,-1,-10.432415925179868,-3.6947416372720715e-11
257,P1,204,0,0.07858440951902647,-1,-10.582053960708711,-2.6178577214837988e-11
257,P1,205,0,0.07820107093600683,-1,-10.322803825177465,-4.7554998774919215e-11
257,P1,206,0,0.07782145408680291,-1,-10.173933827640845,-6.699866858279153e-11
257,P1,207,0,0.07744550503324348,-1,-10.164642100210548,-6.844754875558697e-11
257,P1,208,0,0.0770731708744298,-1,-10.212814959633404,-6.126113521746209e-11
257,P1,209,0,0.07670439972192057,-1,-10.491580805574186,-3.224179367175861e-11
257,P1,210,0,0.07633914067562571,1,-10.960459423117173,1.095318888119803e-11
257,P1,211,0,0.07597734380038577,1,-10.564647454679728,2.7249124006593584e-11
257,P1,212,0,0.07561896010321414,1,-10.762878796169378,1.726319609727628e-11
257,P1,213,0,0.07526394151118028,-1,-11.416704495467597,-3.830853152264486e-12
257,P1,214,0,0.07491224084991308,-1,-10.715991386868383,-1.923129868944427e-11
257,P1,215,0,0.07456381182270418,-1,-11.033154318719205,-9.265005496050621e-12
257,P1,216,0,0.07421860899019166,1,-10.699517886824271,1.997478498729073e-11
257,P1,217,0,0.07387658775060553,1,-10.457761365817724,3.4852877045533205e-11
257,P1,218,0,0.07353770432055687,1,-10.621673797114141,2.3896054653422652e-11
257,P1,219,0,0.07320191571635341,-1,-10.943138385302145,-1.1398865117642223e-11
257,P1,220,0,0.07286917973582453,-1,-10.32368298258251,-4.745882891190293e-11
257,P1,221,0,0.07253945494063982,-1,-10.235471210114879,-5.81471977482905e-11
257,P1,222,0,0.0722127006391054,-1,-10.363477520295978,-4.33034481642514e-11
257,P1,223,0,0.07188887686942332,-1,-10.594622906636173,-2.5431799637481794e-11
257,P1,224,0,0.0715679443833991,-1,-10.678143823427082,-2.0982449018547205e-11
257,P1,225,0,0.071249864630584,-1,-10.3796919391237,-4.171651889907688e-11
257,P1,226,0,0.07093459974283804,-1,-10.116553127273011,-7.646221464391466e-11
257,P1,227,0,0.07062211251930131,-1,-10.049344581456042,-8.92596991145311e-11
257,P1,228,0,0.07031236641176052,-1,-10.122946639783088,-7.534481315365229e-11
257,P1,229,0,0.07000532551039912,-1,-10.245286237355309,-5.684781314425576e-11
257,P1,230,0,0.06970095452991912,-1,-10.398796683909913,-3.9921175064026994e-11
257,P1,231,0,0.06939921879602337,-1,-10.584662922852182,-2.602178457310786e-11
257,P1,232,0,0.06910008423224741,-1,-10.673427332818608,-2.1211562802920133e-11
257,P1,233,0,0.06880351734713047,-1,-10.781374792929212,-1.6543416626194554e-11
257,P1,234,0,0.06850948522171538,-1,-11.014777348334746,-9.665462755274411e-12
257,P1,235,0,0.06821795549736766,1,-11.353118259113774,4.434878650006582e-12
257,P1,236,0,0.06792889636390423,1,-11.103006135901884,7.888489723374352e-12
257,P1,237,0,0.06764227654802278,-1,-11.1460384079817,-7.144331404963089e-12
257,P1,238,0,0.06735806530202268,-1,-10.618554188374931,-2.406832191812317e-11
257,P1,239,0,0.0670762323928092,-1,-10.543821002035836,-2.85876856505262e-11
257,P1,240,0,0.06679674809117249,-1,-10.641669576303764,-2.2820776818100364e-11
257,P1,241,0,0.0665195831613336,-1,-10.794237835200088,-1.6060614753970633e-11
257,P1,242,0,0.06624470885074958,-1,-10.838793393685977,-1.449461239744955e-11
257,P1,243,0,0.06597209688017036,1,-11.726719795507867,1.876204634903102e-12
257,P1,244,0,0.06570171943394015,1,-10.555180864503045,2.78496111357977e-11
257,P1,245,0,0.06543354915053633,1,-10.349348290724999,4.473543959073571e-11
257,P1,246,0,0.06516755911333902,1,-10.32683792921809,4.711531193468889e-11
257,P1,247,0,0.0649037228416251,1,-10.389204340446197,4.0812731265153604e-11
257,P1,248,0,0.06464201428177983,1,-10.487433502985095,3.255116204057903e-11
257,P1,249,0,0.06438240779872048,1,-10.843819748226348,1.4327824451406247e-11
257,P1,250,0,0.0641248781675256,-1,-11.119320931885001,-7.597646239186554e-12
257,P1,251,0,0.06386940056526454,-1,-10.639343902546731,-2.2943311283542927e-11
257,P1,252,0,0.06361595056302143,-1,-10.798591085503707,-1.59004316572011e-11
257,P1,253,0,0.06336450411810829,-1,-11.175497725775564,-6.675783967930347e-12
257,P1,254,0,0.0631150375664622,-1,-12.090438668805271,-8.120099131182713e-13
257,P1,255,0,0.06286752761522117,1,-11.52224810973529,3.004359440403673e-12
257,P1,256,0,0.06262195133547421,1,-10.959370279113587,1.098069227303178e-11
257,P1,257,0,0.06237828615518054,1,-10.557136387567889,2.772449296909568e-11
257,P2,1,0,16.0312195418814,-1,-691.2972414534858,-0.0
257,P2,2,0,8.0156097709407,-1,-88.20985510824445,-6.168007480558976e-89
257,P2,3,0,5.3437398472938,-1,-35.256081420429844,-5.5452174287986736e-36
257,P2,4,0,4.00780488547035,-1,-18.0167459298411,-9.62175003616022e-19
257,P2,5,0,3.2062439083762797,-1,-10.37447043216087,-4.2221102324010524e-11
257,P2,6,0,2.6718699236469,-1,-6.387503199329899,-4.097290914391067e-07
257,P2,7,0,2.290174220268771,-1,-4.08881833598279,-8.150451435482774e-05
257,P2,8,0,2.003902442735175,-1,-2.6736983907626373,-0.0021198328076330176
257,P2,9,0,1.7812466157645999,-1,-1.7637188093163536,-0.01722983786434796
257,P2,10,0,1.6031219541881399,-1,-1.1623423120249934,-0.06881097126982842
257,P2,11,0,1.4573835947164908,-1,-0.759628030816062,-0.1739289876580937
257,P2,12,0,1.33593496182345,-1,-0.49047114206686077,-0.32324279841391823
257,P2,13,0,1.2331707339908768,-1,-0.31459360143087206,-0.48462565229842325
257,P2,14,0,1.1450871101343856,-1,-0.2062547264215297,-0.621935394862657
257,P2,15,0,1.0687479694587598,-1,-0.14863333103342122,-0.7101771078627926
257,P2,16,0,1.0019512213675874,-1,-0.13057961810922383,-0.7403215337345951
257,P2,17,0,0.9430129142283176,-1,-0.1446276349851308,-0.7167576964074303
257,P2,18,0,0.8906233078822999,-1,-0.1857219109689137,-0.6520457807544874
257,P2,19,0,0.8437483969411262,-1,-0.2503830596753066,-0.5618455433569669
257,P2,20,0,0.8015609770940699,-1,-0.3361616607316433,-0.4611458867741357
257,P2,21,0,0.763391406756257,-1,-0.4412856089454408,-0.36200485164548885
257,P2,22,0,0.7286917973582454,-1,-0.5644352395763536,-0.2726244236308225
257,P2,23,0,0.6970095452991912,-1,-0.7046003607857972,-0.19742386013745608
257,P2,24,0,0.667967480911725,-1,-0.8609885019326284,-0.13772459313809016
257,P2,25,0,0.6412487816752559,-1,-1.0329648470297377,-0.0926904846528854
257,P2,26,0,0.6165853669954384,-1,-1.2200118699192757,-0.06025431174425827
257,P2,27,0,0.5937488719215332,-1,-1.4217014368527179,-0.0378702840973805
257,P2,28,0,0.5725435550671928,-1,-1.6376749971514373,-0.023031647384214076
257,P2,29,0,0.5528006738579793,-1,-1.8676291665890334,-0.013563470695437315
257,P2,30,0,0.5343739847293799,-1,-2.111305003764963,-0.007739180864562311
257,P2,31,0,0.5171361142542387,-1,-2.368479878635685,-0.004280752523469987
257,P2,32,0,0.5009756106837937,-1,-2.6389612015486037,-0.0022963537877006453
257,P2,33,0,0.48579453157216357,-1,-2.922581512785886,-0.001195139188796931
257,P2,34,0,0.4715064571141588,-1,-3.219194588160398,-0.0006036780873051502
257,P2,35,0,0.4580348440537542,-1,-3.5286723099959403,-0.00029602452301226347
257,P2,36,0,0.44531165394114997,-1,-3.8509021289480354,-0.00014096064264961056
257,P2,37,0,0.4332762038346324,-1,-4.185784985161127,-6.519510886130172e-05
257,P2,38,0,0.4218741984705631,-1,-4.533233578798446,-2.9293173319365406e-05
257,P2,39,0,0.41105691133029226,-1,-4.893170931081818,-1.2788778600440423e-05
257,P2,40,0,0.40078048854703496,-1,-5.265529254865141,-5.425887003375592e-06
257,P2,41,0,0.3910053546800341,-1,-5.65024873944737,-2.237439292162456e-06
257,P2,42,0,0.3816957033781285,-1,-6.047277170568248,-8.968562302571836e-07
257,P2,43,0,0.3728190591135209,-1,-6.456568595821152,-3.494873045177064e-07
257,P2,44,0,0.3643458986791227,-1,-6.878080940639695,-1.324094737072214e-07
257,P2,45,0,0.35624932315291996,-1,-7.311788933773529,-4.877654855335183e-08
257,P2,46,0,0.3485047726495956,-1,-7.757616117212209,-1.7473660071227992e-08
257,P2,47,0,0.3410897774868383,-1,-8.215641054297153,-6.086378344645715e-09
257,P2,48,0,0.3339837404558625,-1,-8.685722558933785,-2.061946729471995e-09
257,P2,49,0,0.3271677457526816,-1,-9.167823817003795,-6.794792253584013e-10
257,P2,50,0,0.32062439083762795,-1,-9.66195128969169,-2.1779540371730823e-10
257,P2,51,0,0.3143376380761059,-1,-10.168317332708632,-6.787075295972612e-11
257,P2,52,0,0.3082926834977192,-1,-10.696829916675547,-2.009879790386419e-11
257,P2,53,0,0.3024758404128566,-1,-11.219139294582616,-6.037549513862435e-12
257,P2,54,0,0.2968744359607666,-1,-11.67689582526394,-2.1042831361420346e-12
257,P2,55,0,0.29147671894329813,-1,-12.170950939740804,-6.746042303449227e-13
257,P2,56,0,0.2862717775335964,-1,-12.576373450454454,-2.6523238439721173e-13
257,P2,57,0,0.28124946564704206,1,-12.86390589154333,1.3680252346018908e-13
257,P2,58,0,0.27640033692898963,-1,-12.521259019072422,-3.011209562623588e-13
257,P2,59,0,0.2717155854556169,-1,-11.97297875991287,-1.0641950636545186e-12
257,P2,60,0,0.26718699236468996,1,-12.574448536947362,2.664105769422885e-13
257,P2,61,0,0.2628068777357606,-1,-12.292765646763593,-5.096057894688303e-13
257,P2,62,0,0.25856805712711933,1,-11.982971445312666,1.03998854240912e-12
257,P2,63,0,0.2544638022520857,-1,-13.208609080377444,-6.185729430220885e-14
257,P2,64,0,0.25048780534189685,-1,-12.628880450009456,-2.350279702765549e-13
257,P2,65,0,0.24663414679817536,-1,-12.19479170296204,-6.385696846036398e-13
257,P2,66,0,0.24289726578608178,-1,-12.453310452134058,-3.521190713928798e-13
257,P2,67,0,0.2392719334609164,1,-12.777214661215726,1.6702648388990336e-13
257,P2,68,0,0.2357532285570794,-1,-12.806017966209016,-1.5630829785534425e-13
257,P2,69,0,0.2323365150997304,-1,-13.224335047180618,-5.965748666229352e-14
257,P2,70,0,0.2290174220268771,1,-12.682526668147725,2.0771761712422663e-13
257,P2,71,0,0.22579182453354082,-1,-12.713488405343751,-1.934245497802391e-13
257,P2,72,0,0.22265582697057498,-1,-12.855394702816477,-1.3950998665877448e-13
257,P2,73,0,0.21960574714906025,-1,-12.322279151073344,-4.761248500868809e-13
257,P2,74,0,0.2166381019173162,1,-12.45450534134162,3.5115160571349985e-13
257,P2,75,0,0.213749593891752,-1,-13.378514500638037,-4.182977218953584e-14
257,P2,76,0,0.21093709923528156,1,-12.75544995468172,1.7561032446457338e-13
257,P2,77,0,0.2081976563880701,-1,-12.883982375852298,-1.3062238950585027e-13
257,P2,78,0,0.20552845566514613,-1,-12.688591338897917,-2.0483712002651095e-13
257,P2,79,0,0.20292682964406833,1,-12.669001589350966,2.1428827589780103e-13
257,P2,80,0,0.20039024427351748,-1,-13.059325327916225,-8.72317674587393e-14
257,P2,81,0,0.19791629064051108,-1,-12.106068779240694,-7.833055807952318e-13
257,P2,82,0,0.19550267734001706,-1,-12.30298686220322,-4.97752142198986e-13
257,P2,83,0,0.19314722339616142,1,-12.336717395209236,4.605561699317282e-13
257,P2,84,0,0.19084785168906426,-1,-13.09965306090253,-7.949630427578607e-14
257,P2,85,0,0.1886025828456635,-1,-12.329974467879968,-4.677626401878672e-13
257,P2,86,0,0.18640952955676046,1,-12.798495472833714,1.590393262290602e-13
257,P2,87,0,0.18426689128599308,-1,-12.474173330044303,-3.3560364568747983e-13
257,P2,88,0,0.18217294933956135,-1,-12.551589618104096,-2.808085855164746e-13
257,P2,89,0,0.18012606226833033,-1,-12.517429952157137,-3.0378760348576716e-13
257,P2,90,0,0.17812466157645998,1,-12.275908054410598,5.297755921577524e-13
257,P2,91,0,0.1761672477129824,1,-12.583084917750204,2.611650647517385e-13
257,P2,92,0,0.1742523863247978,-1,-12.094942537544439,-8.036324455232245e-13
257,P2,93,0,0.1723787047514129,-1,-12.411974709063085,-3.8728019734689175e-13
257,P2,94,0,0.17054488874341914,-1,-13.882706068068352,-1.3100682815358113e-14
257,P2,95,0,0.16874967938822524,-1,-12.449994670804115,-3.548177431494865e-13
257,P2,96,0,0.16699187022793124,1,-13.12688637473077,7.466440787303849e-14
257,P2,97,0,0.16527030455547834,-1,-12.703750185848294,-1.978107156438669e-13
257,P2,98,0,0.1635838728763408,-1,-12.08945219656272,-8.138564382330864e-13
257,P2,99,0,0.16193151052405452,-1,-13.876385722604354,-1.329273287348203e-14
257,P2,100,0,0.16031219541881397,-1,-12.578592408735092,-2.638806780021429e-13
257,P2,101,0,0.15872494595922176,-1,-13.640123656153182,-2.290215469587811e-14
257,P2,102,0,0.15716881903805294,-1,-12.178081504064673,-6.63618517398258e-13
257,P2,103,0,0.15564290817360582,1,-12.18296583151409,6.561968911178167e-13
257,P2,104,0,0.1541463417488596,1,-12.896673724887124,1.268604580379714e-13
257,P2,105,0,0.15267828135125142,1,-12.501832486290079,3.148962680677343e-13
257,P2,106,0,0.1512379202064283,-1,-12.606160548293722,-2.4765063831514724e-13
257,P2,107,0,0.14982448169982615,-1,-12.185514280025757,-6.523575904922977e-13
257,P2,108,0,0.1484372179803833,-1,-12.403187490994556,-3.9519597161362417e-13
257,P2,109,0,0.14707540864111374,-1,-12.264824426226834,-5.434699976336248e-13
257,P2,110,0,0.14573835947164906,-1,-12.209369204587198,-6.174912322201943e-13
257,P2,111,0,0.1444254012782108,1,-14.260448318735538,5.4897387989136385e-15
257,P2,112,0,0.1431358887667982,1,-12.696394686467169,2.0118950102556263e-13
257,P2,113,0,0.14186919948567608,-1,-14.199833436640066,-6.311993796325069e-15
257,P2,114,0,0.14062473282352103,1,-12.409377565041897,3.8960312793255153e-13
257,P2,115,0,0.13940190905983824,1,-13.622736451974289,2.3837655990286896e-14
257,P2,116,0,0.13820016846449482,1,-13.271576128175953,5.350863494059782e-14
257,P2,117,0,0.13701897044343075,-1,-12.351149626723995,-4.4550273367041886e-13
257,P2,118,0,0.13585779272780846,-1,-12.037225952705553,-9.178549349560185e-13
257,P2,119,0,0.13471613060404536,-1,-12.459650585978403,-3.470159317517979e-13
257,P2,120,0,0.13359349618234498,-1,-14.67390904210765,-2.1188048476394978e-15
257,P2,121,0,0.13248941770149916,1,-13.069906594968174,8.513211147292178e-14
257,P2,122,0,0.1314034388678803,-1,-12.253763778400888,-5.574888960263567e-13
257,P2,123,0,0.13033511822667804,-1,-12.769562746343547,-1.69995432854553e-13
257,P2,124,0,0.12928402856355967,1,-12.255418010359397,5.553694543807833e-13
257,P2,125,0,0.1282497563350512,1,-13.39841990012589,3.995582477479e-14
257,P2,126,0,0.12723190112604285,1,-13.155551839236518,6.989533017435835e-14
257,P2,127,0,0.1262300751329244,-1,-12.219092693072595,-6.038197401486841e-13
257,P2,128,0,0.12524390267094843,-1,-12.349416421743348,-4.4728422158730543e-13
257,P2,129,0,0.12427301970450697,1,-12.88034416751445,1.3172124668972233e-13
257,P2,130,0,0.12331707339908768,-1,-12.125422877865823,-7.491643835174623e-13
257,P2,131,0,0.12237572169375113,-1,-12.07631323087781,-8.388547520553133e-13
257,P2,132,0,0.12144863289304089,-1,-12.296124158190239,-5.056800750903695e-13
257,P2,133,0,0.12053548527730375,-1,-12.26560020784708,-5.425000619983772e-13
257,P2,134,0,0.1196359667304582,1,-12.83000711643296,1.4790841514120778e-13
257,P2,135,0,0.11874977438430666,1,-13.44029590554389,3.628307566322093e-14
257,P2,136,0,0.1178766142785397,1,-12.858737615681674,1.3844025300668488e-13
257,P2,137,0,0.11701620103563065,-1,-12.50609177650414,-3.118230559970377e-13
257,P2,138,0,0.1161682575498652,-1,-12.60741342554971,-2.4693723129641786e-13
257,P2,139,0,0.11533251468979423,-1,-12.28128207719605,-5.232604649884867e-13
257,P2,140,0,0.11450871101343855,1,-13.340966184560726,4.560724257025401e-14
257,P2,141,0,0.11369659249561276,1,-12.775816726693781,1.6756498550741735e-13
257,P2,142,0,0.11289591226677041,1,-13.005647833286895,9.870795779257995e-14
257,P2,143,0,0.11210643036280699,-1,-12.33156214232713,-4.660557362492375e-13
257,P2,144,0,0.11132791348528749,1,-12.363919890981874,4.325936189566641e-13
257,P2,145,0,0.11056013477159585,1,-12.09011229131631,8.126203776209566e-13
257,P2,146,0,0.10980287357453013,-1,-13.144098461077363,-7.176315749779806e-14
257,P2,147,0,0.10905591525089386,-1,-12.414868294186606,-3.8470843251404197e-13
257,P2,148,0,0.1083190509586581,-1,-13.2246936201338,-5.960825110076112e-14
257,P2,149,0,0.10759207746229127,-1,-12.34295326202726,-4.5399047164021484e-13
257,P2,150,0,0.106874796945876,1,-12.768489622295215,1.7041600406676286e-13
257,P2,151,0,0.10616701683365165,1,-12.526467905130247,2.975309129578208e-13
257,P2,152,0,0.10546854961764078,1,-13.189517436348309,6.463720424970665e-14
257,P2,153,0,0.10477921269203529,1,-13.821118966729742,1.509666553021225e-14
257,P2,154,0,0.10409882819403506,-1,-12.504804454286859,-3.1274872345630894e-13
257,P2,155,0,0.10342722285084774,-1,-12.715586576632525,-1.9249232732498157e-13
257,P2,156,0,0.10276422783257307,1,-12.782546756298798,1.6498833647267658e-13
257,P2,157,0,0.10210967861070955,1,-12.5513890312238,2.809383120734483e-13
257,P2,158,0,0.10146341482203416,1,-12.737463124406062,1.8303615142320592e-13
257,P2,159,0,0.10082528013761886,-1,-12.816745990108313,-1.524944401570149e-13
257,P2,160,0,0.10019512213675874,-1,-12.30070552319955,-5.003737023137139e-13
257,P2,161,0,0.09957279218559875,-1,-12.432364237205643,-3.6951813966597214e-13
257,P2,162,0,0.09895814532025554,-1,-12.165029481378049,-6.838652226218324e-13
257,P2,163,0,0.09835104013424172,-1,-12.043818152409205,-9.040279286525955e-13
257,P2,164,0,0.09775133867000853,-1,-12.077666418383892,-8.362450915134967e-13
257,P2,165,0,0.09715890631443272,1,-12.680838943884376,2.085264050329385e-13
257,P2,166,0,0.09657361169808071,1,-13.146337353300652,7.139415317804264e-14
257,P2,167,0,0.0959953265980922,-1,-12.804340964666439,-1.5691303960927194e-13
257,P2,168,0,0.09542392584453213,-1,-12.649899248592405,-2.2392405567980582e-13
257,P2,169,0,0.09485928723006745,-1,-12.84486272550473,-1.4293456835701445e-13
257,P2,170,0,0.09430129142283175,-1,-12.261361890802636,-5.478202845956695e-13
257,P2,171,0,0.09374982188234736,-1,-13.646618168125068,-2.256222011642995e-14
257,P2,172,0,0.09320476477838023,1,-12.662759782115076,2.1739032803716839e-13
257,P2,173,0,0.09266600891260925,-1,-12.521251238803544,-3.0112635081165125e-13
257,P2,174,0,0.09213344564299654,-1,-12.230167254778772,-5.886169245144521e-13
257,P2,175,0,0.09160696881075085,-1,-12.684412687010438,-2.06817513761213e-13
257,P2,176,0,0.09108647466978068,-1,-12.242469476986669,-5.721771669007282e-13
257,P2,177,0,0.09057186181853898,-1,-12.007576498592025,-9.827057595219977e-13
257,P2,178,0,0.09006303113416517,1,-13.050487837494604,8.902503693039675e-14
257,P2,179,0,0.08955988570883462,1,-12.43398932674933,3.681380209163496e-13
257,P2,180,0,0.08906233078822999,1,-12.052570038979091,8.859923275263346e-13
257,P2,181,0,0.08857027371205192,1,-12.349917961346375,4.4676797908980245e-13
257,P2,182,0,0.0880836238564912,1,-12.83461687455537,1.4634676454924773e-13
257,P2,183,0,0.08760229257858687,-1,-12.25052194021148,-5.616659027246301e-13
257,P2,184,0,0.0871261931623989,-1,-12.09232223447246,-8.08495795096854e-13
257,P2,185,0,0.08665524076692648,-1,-13.107055828219012,-7.815273333977989e-14
257,P2,186,0,0.08618935237570645,1,-12.236850149405779,5.79628659169887e-13
257,P2,187,0,0.08572844674802887,1,-12.534531658622186,2.920574852261476e-13
257,P2,188,0,0.08527244437170957,1,-12.658139974899036,2.1971516076461327e-13
257,P2,189,0,0.0848212674173619,-1,-12.814225290270006,-1.5338211066611234e-13
257,P2,190,0,0.08437483969411262,-1,-13.19877872179405,-6.327341548409525e-14
257,P2,191,0,0.0839330866067089,-1,-12.226999840080829,-5.929255429114468e-13
257,P2,192,0,0.08349593511396562,-1,-12.766569497299168,-1.7117112408556368e-13
257,P2,193,0,0.08306331368850466,1,-12.730860254079028,1.8584023497917504e-13
257,P2,194,0,0.08263515227773917,-1,-13.129514322644974,-7.421397222286435e-14
257,P2,195,0,0.08221138226605845,-1,-12.249310563061172,-5.632347438138819e-13
257,P2,196,0,0.0817919364381704,-1,-12.05659823152525,-8.778125153474146e-13
257,P2,197,0,0.0813767489435604,-1,-12.194669307929901,-6.387496748516523e-13
257,P2,198,0,0.08096575526202726,-1,-12.617704387581028,-2.4115463440399357e-13
257,P2,199,0,0.08055889217025829,-1,-12.459260168288107,-3.473280289098693e-13
257,P2,200,0,0.08015609770940699,-1,-13.170422987201436,-6.754248154604117e-14
257,P2,201,0,0.0797573111536388,-1,-12.975949096481907,-1.0569413857174006e-13
257,P2,202,0,0.07936247297961088,1,-13.313241397797498,4.861369167367735e-14
257,P2,203,0,0.07897152483685418,-1,-12.370568167464235,-4.2602180936050987e-13
257,P2,204,0,0.07858440951902647,-1,-12.269694755166485,-5.374093830298701e-13
257,P2,205,0,0.07820107093600683,-1,-13.137591877977961,-7.28464046642297e-14
257,P2,206,0,0.07782145408680291,-1,-13.513594653366582,-3.0648226364095423e-14
257,P2,207,0,0.07744550503324348,1,-12.366884255915734,4.2965091803289824e-13
257,P2,208,0,0.0770731708744298,-1,-12.89476778025287,-1.2741842124949787e-13
257,P2,209,0,0.07670439972192057,1,-12.551598024931746,2.8080314983485607e-13
257,P2,210,0,0.07633914067562571,1,-12.154656740827683,7.003953581911264e-13
257,P2,211,0,0.07597734380038577,-1,-12.62463930655789,-2.373344014448944e-13
257,P2,212,0,0.07561896010321414,-1,-12.585770531196564,-2.595550414600405e-13
257,P2,213,0,0.07526394151118028,-1,-12.085791534875218,-8.207454147219526e-13
257,P2,214,0,0.07491224084991308,-1,-12.259371214807786,-5.503370926522341e-13
257,P2,215,0,0.07456381182270418,-1,-12.104479928290093,-7.861765248874627e-13
257,P2,216,0,0.07421860899019166,-1,-12.059299721060718,-8.723691096668608e-13
257,P2,217,0,0.07387658775060553,-1,-12.423592345463723,-3.7705756149772404e-13
257,P2,218,0,0.07353770432055687,-1,-12.327014159045293,-4.709619716529491e-13
257,P2,219,0,0.07320191571635341,-1,-12.1955066001777,-6.375193922789467e-13
257,P2,220,0,0.07286917973582453,-1,-12.163505610258518,-6.862690130640982e-13
257,P2,221,0,0.07253945494063982,-1,-12.173153174325876,-6.711920837942603e-13
257,P2,222,0,0.0722127006391054,-1,-13.332193529083987,-4.6537866657906046e-14
257,P2,223,0,0.07188887686942332,-1,-12.610243631038061,-2.4533322563167273e-13
257,P2,224,0,0.0715679443833991,-1,-12.579592471729107,-2.632737310966606e-13
257,P2,225,0,0.071249864630584,-1,-12.529478495409588,-2.954755192956406e-13
257,P2,226,0,0.07093459974283804,1,-12.730513963380936,1.8598847634829142e-13
257,P2,227,0,0.07062211251930131,1,-12.176692515584326,6.657443423873376e-13
257,P2,228,0,0.07031236641176052,1,-12.394059355250107,4.0359023031387806e-13
257,P2,229,0,0.07000532551039912,-1,-12.433153634354822,-3.688470935509895e-13
257,P2,230,0,0.06970095452991912,-1,-12.04594887859441,-8.996034688694084e-13
257,P2,231,0,0.06939921879602337,-1,-12.090344492855577,-8.121860150488732e-13
257,P2,232,0,0.06910008423224741,-1,-12.268288019849493,-5.391529429689382e-13
257,P2,233,0,0.06880351734713047,-1,-12.07645384459706,-8.385831957767705e-13
257,P2,234,0,0.06850948522171538,-1,-12.12996525971359,-7.41369542906713e-13
257,P2,235,0,0.06821795549736766,-1,-12.355508988292685,-4.4105323485305286e-13
257,P2,236,0,0.06792889636390423,-1,-12.414593451950573,-3.8495197138933216e-13
257,P2,237,0,0.06764227654802278,-1,-13.185614596735302,-6.522069212758075e-14
257,P2,238,0,0.06735806530202268,-1,-12.264469811882408,-5.439139382501951e-13
257,P2,239,0,0.0670762323928092,-1,-12.42769507986159,-3.735123104540115e-13
257,P2,240,0,0.06679674809117249,1,-13.592748643637503,2.5541791557233714e-14
257,P2,241,0,0.0665195831613336,1,-13.085476159583786,8.213416388070894e-14
257,P2,242,0,0.06624470885074958,-1,-12.831475241773578,-1.4740925735345803e-13
257,P2,243,0,0.06597209688017036,-1,-12.033329097226455,-9.261277615317283e-13
257,P2,244,0,0.06570171943394015,-1,-12.177408140049218,-6.646482413486591e-13
257,P2,245,0,0.06543354915053633,-1,-12.431393921919293,-3.703446524450504e-13
257,P2,246,0,0.06516755911333902,-1,-12.787073906529761,-1.6327740651708503e-13
257,P2,247,0,0.0649037228416251,1,-12.493380629343902,3.2108452193616483e-13
257,P2,248,0,0.06464201428177983,1,-12.343370255688725,4.5355477581356137e-13
257,P2,249,0,0.06438240779872048,1,-12.811367211300036,1.5439484246343393e-13
257,P2,250,0,0.0641248781675256,1,-12.497724704109856,3.1788885047838157e-13
257,P2,251,0,0.06386940056526454,1,-12.503719330100799,3.135311315834086e-13
257,P2,252,0,0.06361595056302143,1,-12.856526416340452,1.3914691549462023e-13
257,P2,253,0,0.06336450411810829,-1,-13.835373079392603,-1.4609216348324902e-14
257,P2,254,0,0.0631150375664622,-1,-12.438357873611189,-3.6445350091630587e-13
257,P2,255,0,0.06286752761522117,-1,-12.53437744468111,-2.921612105442575e-13
257,P2,256,0,0.06262195133547421,-1,-14.305276576473696,-4.9513476832413394e-15
257,P2,257,0,0.06237828615518054,1,-12.571476265902641,2.6824011962348904e-13
257,P3,1,0,16.0312195418814,-1,-691.2972414536285,-0.0
257,P3,2,0,8.0156097709407,-1,-88.20985510825828,-6.1680074803626345e-89
257,P3,3,0,5.3437398472938,-1,-35.25608142043676,-5.545217428710415e-36
257,P3,4,0,4.00780488547035,-1,-18.01674592984505,-9.62175003607271e-19
257,P3,5,0,3.2062439083762797,-1,-10.374470432163436,-4.222110232376092e-11
257,P3,6,0,2.6718699236469,-1,-6.3875031993306886,-4.097290914383614e-07
257,P3,7,0,2.290174220268771,-1,-4.0888183359851595,-8.150451435438298e-05
257,P3,8,0,2.003902442735175,-1,-2.6736983907638225,-0.0021198328076272336
257,P3,9,0,1.7812466157645999,-1,-1.763718809316551,-0.017229837864340125
257,P3,10,0,1.6031219541881399,-1,-1.1623423120253884,-0.06881097126976585
257,P3,11,0,1.4573835947164908,-1,-0.759628030816457,-0.17392898765793552
257,P3,12,0,1.33593496182345,-1,-0.4904711420672558,-0.32324279841362424
257,P3,13,0,1.2331707339908768,-1,-0.31459360143106957,-0.48462565229820287
257,P3,14,0,1.1450871101343856,-1,-0.20625472642172737,-0.6219353948623739
257,P3,15,0,1.0687479694587598,-1,-0.14863333103342158,-0.710177107862792
257,P3,16,0,1.0019512213675874,-1,-0.13057961810922625,-0.740321533734591
257,P3,17,0,0.9430129142283176,-1,-0.14462763498493733,-0.7167576964077496
257,P3,18,0,0.8906233078822999,-1,-0.18572191096852977,-0.6520457807550638
257,P3,19,0,0.8437483969411262,-1,-0.25038305967476915,-0.5618455433576622
257,P3,20,0,0.8015609770940699,-1,-0.3361616607309785,-0.46114588677484164
257,P3,21,0,0.763391406756257,-1,-0.4412856089446981,-0.36200485164610796
257,P3,22,0,0.7286917973582454,-1,-0.5644352395760981,-0.2726244236309828
257,P3,23,0,0.6970095452991912,-1,-0.7046003607853032,-0.19742386013768065
257,P3,24,0,0.667967480911725,-1,-0.8609885019311823,-0.1377245931385488
257,P3,25,0,0.6412487816752559,-1,-1.0329648470278556,-0.09269048465328707
257,P3,26,0,0.6165853669954384,-1,-1.2200118699158418,-0.060254311744734675
257,P3,27,0,0.5937488719215332,-1,-1.4217014368489445,-0.03787028409770955
257,P3,28,0,0.5725435550671928,-1,-1.637674997151783,-0.023031647384195747
257,P3,29,0,0.5528006738579793,-1,-1.8676291665828932,-0.013563470695629075
257,P3,30,0,0.5343739847293799,-1,-2.1113050037397567,-0.007739180865011498
257,P3,31,0,0.5171361142542387,-1,-2.3684798786699433,-0.00428075252313231
257,P3,32,0,0.5009756106837937,-1,-2.6389612014661097,-0.0022963537881368385
257,P3,33,0,0.48579453157216357,-1,-2.922581512821666,-0.0011951391886984666
257,P3,34,0,0.4715064571141588,-1,-3.2191945882057165,-0.0006036780872421562
257,P3,35,0,0.4580348440537542,-1,-3.5286723098906627,-0.0002960245230840229
257,P3,36,0,0.44531165394114997,-1,-3.850902128214231,-0.00014096064288778435
257,P3,37,0,0.4332762038346324,-1,-4.18578498083306,-6.519510951101935e-05
257,P3,38,0,0.4218741984705631,-1,-4.533233573219841,-2.9293173695642405e-05
257,P3,39,0,0.41105691133029226,-1,-4.893170940564944,-1.2788778321188433e-05
257,P3,40,0,0.40078048854703496,-1,-5.2655292607180595,-5.425886930251776e-06
257,P3,41,0,0.3910053546800341,-1,-5.650248799078091,-2.2374389849513018e-06
257,P3,42,0,0.3816957033781285,-1,-6.047277058109336,-8.968564624947372e-07
257,P3,43,0,0.3728190591135209,-1,-6.456567809037987,-3.494879376617781e-07
257,P3,44,0,0.3643458986791227,-1,-6.878081200639213,-1.3240939443753111e-07
257,P3,45,0,0.35624932315291996,-1,-7.311783502492686,-4.877715855601439e-08
257,P3,46,0,0.3485047726495956,-1,-7.757644834596173,-1.747250467728154e-08
257,P3,47,0,0.3410897774868383,-1,-8.215626911238084,-6.0865765544173356e-09
257,P3,48,0,0.3339837404558625,-1,-8.685761864771752,-2.0617601213524513e-09
257,P3,49,0,0.3271677457526816,-1,-9.167969542041716,-6.792512682243657e-10
257,P3,50,0,0.32062439083762795,-1,-9.662376889672654,-2.1758207308713463e-10
257,P3,51,0,0.3143376380761059,-1,-10.168258755571774,-6.78799079056894e-11
257,P3,52,0,0.3082926834977192,-1,-10.681994920659573,-2.0797210105746786e-11
257,P3,53,0,0.3024758404128566,-1,-11.204488614555586,-6.244697211357602e-12
257,P3,54,0,0.2968744359607666,-1,-11.737553349673364,-1.829981293643463e-12
257,P3,55,0,0.29147671894329813,-1,-12.118442363239499,-7.613031675442361e-13
257,P3,56,0,0.2862717775335964,-1,-12.794213797283337,-1.6061503723139896e-13
257,P3,57,0,0.28124946564704206,-1,-12.765497793290239,-1.7159404290272473e-13
257,P3,58,0,0.27640033692898963,-1,-15.147334350520174,-7.123044367909886e-16
257,P3,59,0,0.2717155854556169,1,-12.638065430339319,2.3010951107786477e-13
257,P3,60,0,0.26718699236468996,-1,-12.740567641680908,-1.8173239845215723e-13
257,P3,61,0,0.2628068777357606,1,-13.03792927534641,9.16369708350726e-14
257,P3,62,0,0.25856805712711933,1,-12.827751875186207,1.4867848422277702e-13
257,P3,63,0,0.2544638022520857,-1,-14.552646841089663,-2.801258316581105e-15
257,P3,64,0,0.25048780534189685,-1,-12.907677421860196,-1.2368657912485658e-13
257,P3,65,0,0.24663414679817536,-1,-12.794969521430684,-1.6033579095971282e-13
257,P3,66,0,0.24289726578608178,-1,-12.89352761061935,-1.2778279680478142e-13
257,P3,67,0,0.2392719334609164,-1,-13.24924895315634,-5.633146511161705e-14
257,P3,68,0,0.2357532285570794,1,-13.323042611300286,4.752885901708293e-14
257,P3,69,0,0.2323365150997304,1,-12.805170983367688,1.566134355740248e-13
257,P3,70,0,0.2290174220268771,-1,-13.491606676986812,-3.2239873048914394e-14
257,P3,71,0,0.22579182453354082,-1,-13.60578791225199,-2.4786322023736853e-14
257,P3,72,0,0.22265582697057498,-1,-14.068469528125329,-8.541427754618852e-15
257,P3,73,0,0.21960574714906025,-1,-12.653405100702983,-2.221237001154997e-13
257,P3,74,0,0.2166381019173162,-1,-13.080789016009591,-8.30254014089066e-14
257,P3,75,0,0.213749593891752,1,-12.619444319543803,2.401904193852786e-13
257,P3,76,0,0.21093709923528156,-1,-13.532347105199094,-2.9353027050469535e-14
257,P3,77,0,0.2081976563880701,-1,-12.981313420867835,-1.0439665393844402e-13
257,P3,78,0,0.20552845566514613,1,-13.717547661349696,1.916250753572372e-14
257,P3,79,0,0.20292682964406833,1,-13.439690898178647,3.6333656147559335e-14
257,P3,80,0,0.20039024427351748,1,-13.062317035373937,8.663292237325003e-14
257,P3,81,0,0.19791629064051108,-1,-13.651403390529463,-2.23149855253339e-14
257,P3,82,0,0.19550267734001706,-1,-13.400240734676313,-3.978865560911787e-14
257,P3,83,0,0.19314722339616142,1,-12.856412687687246,1.391833586551525e-13
257,P3,84,0,0.19084785168906426,-1,-13.913096368168683,-1.2215285778962235e-14
257,P3,85,0,0.1886025828456635,1,-12.65834960971741,2.1960912940821033e-13
257,P3,86,0,0.18640952955676046,-1,-12.6067399943516,-2.473204372558354e-13
257,P3,87,0,0.18426689128599308,-1,-12.89924786652983,-1.2611075724692771e-13
257,P3,88,0,0.18217294933956135,1,-12.841357120141467,1.4409299882005966e-13
257,P3,89,0,0.18012606226833033,1,-13.501475277246065,3.151553781219772e-14
257,P3,90,0,0.17812466157645998,-1,-13.72082321031558,-1.901852315650887e-14
257,P3,91,0,0.1761672477129824,1,-12.798169438833657,1.5915876522266584e-13
257,P3,92,0,0.1742523863247978,1,-13.122263154664887,7.546348286861865e-14
257,P3,93,0,0.1723787047514129,1,-12.706121922288094,1.9673339098497048e-13
257,P3,94,0,0.17054488874341914,-1,-13.728383553774645,-1.8690307483252756e-14
257,P3,95,0,0.16874967938822524,-1,-13.091844938412072,-8.09384832379306e-14
257,P3,96,0,0.16699187022793124,1,-14.044084615633684,9.034734286015169e-15
257,P3,97,0,0.16527030455547834,1,-12.79106466478711,1.6178391296504578e-13
257,P3,98,0,0.1635838728763408,-1,-12.949346909758194,-1.1237070103065078e-13
257,P3,99,0,0.16193151052405452,1,-13.534450739173714,2.9211190759036526e-14
257,P3,100,0,0.16031219541881397,1,-13.028585654622677,9.362985382773316e-14
257,P3,101,0,0.15872494595922176,1,-12.6500225344174,2.2386049801323152e-13
257,P3,102,0,0.15716881903805294,1,-13.39503446095005,4.026850802905993e-14
257,P3,103,0,0.15564290817360582,-1,-12.658899751257803,-2.193311161699421e-13
257,P3,104,0,0.1541463417488596,-1,-13.074735853693436,-8.419070501100755e-14
257,P3,105,0,0.15267828135125142,1,-13.42706731615197,3.7405260518773255e-14
257,P3,106,0,0.1512379202064283,-1,-13.30166541870002,-4.9926897711064325e-14
257,P3,107,0,0.14982448169982615,-1,-12.809293521046955,-1.5513381725121706e-13
257,P3,108,0,0.1484372179803833,-1,-12.611856638049588,-2.444237269811995e-13
257,P3,109,0,0.14707540864111374,1,-13.214573282554918,6.101360940092704e-14
257,P3,110,0,0.14573835947164906,-1,-12.951607899079999,-1.1178720583301692e-13
257,P3,111,0,0.1444254012782108,-1,-13.875872271621482,-1.3308457694336094e-14
257,P3,112,0,0.1431358887667982,1,-12.726101613300001,1.8788771583387534e-13
257,P3,113,0,0.14186919948567608,-1,-12.705898682910952,-1.9683454338531026e-13
257,P3,114,0,0.14062473282352103,1,-13.888165979129022,1.2937013188054083e-14
257,P3,115,0,0.13940190905983824,1,-12.848118122145944,1.4186716099787816e-13
257,P3,116,0,0.13820016846449482,1,-12.815041404237673,1.5309414996907204e-13
257,P3,117,0,0.13701897044343075,-1,-12.89513740224806,-1.273100233372977e-13
257,P3,118,0,0.13585779272780846,1,-12.649384900039125,2.2418941305482712e-13
257,P3,119,0,0.13471613060404536,-1,-12.707915732408363,-1.9592247914793906e-13
257,P3,120,0,0.13359349618234498,-1,-12.909330598913082,-1.2321665113970715e-13
257,P3,121,0,0.13248941770149916,1,-12.840262080852641,1.4445677637928475e-13
257,P3,122,0,0.1314034388678803,1,-13.096101196983568,8.0149128240384e-14
257,P3,123,0,0.13033511822667804,-1,-13.444360206182822,-3.5945108082317734e-14
257,P3,124,0,0.12928402856355967,-1,-13.704143101501895,-1.976318329233766e-14
257,P3,125,0,0.1282497563350512,-1,-14.542821116503424,-2.8653579519782833e-15
257,P3,126,0,0.12723190112604285,1,-13.902855455859664,1.2506752171629256e-14
257,P3,127,0,0.1262300751329244,1,-12.585487347357116,2.5972434078357246e-13
257,P3,128,0,0.12524390267094843,1,-13.077606908748447,8.363596866840372e-14
257,P3,129,0,0.12427301970450697,1,-13.649865085749513,2.239416708776538e-14
257,P3,130,0,0.12331707339908768,-1,-13.052830867056269,-8.854603790344382e-14
257,P3,131,0,0.12237572169375113,1,-14.10625374545315,7.829720416332459e-15
257,P3,132,0,0.12144863289304089,-1,-12.976005445456666,-1.0568042582558118e-13
257,P3,133,0,0.12053548527730375,1,-12.951081350965069,1.1192282127777293e-13
257,P3,134,0,0.1196359667304582,-1,-12.97091187995835,-1.0692718166288433e-13
257,P3,135,0,0.11874977438430666,1,-13.137482357139492,7.286477746358761e-14
257,P3,136,0,0.1178766142785397,1,-14.983986451897708,1.0375607827048734e-15
257,P3,137,0,0.11701620103563065,-1,-12.708147141933507,-1.958181115981346e-13
257,P3,138,0,0.1161682575498652,1,-12.773321351931223,1.685305538652113e-13
257,P3,139,0,0.11533251468979423,1,-13.380331847365722,4.16550972406292e-14
257,P3,140,0,0.11450871101343855,-1,-13.301100676662791,-4.999186321143406e-14
257,P3,141,0,0.11369659249561276,1,-12.657227710758136,2.2017717199224365e-13
257,P3,142,0,0.11289591226677041,1,-12.990157800428973,1.0229212474224825e-13
257,P3,143,0,0.11210643036280699,1,-12.614538298793358,2.429191211357962e-13
257,P3,144,0,0.11132791348528749,1,-13.2613088406796,5.4788720625775483e-14
257,P3,145,0,0.11056013477159585,1,-12.716658873475014,1.92017639490986e-13
257,P3,146,0,0.10980287357453013,1,-13.625379866163698,2.369300433194814e-14
257,P3,147,0,0.10905591525089386,1,-12.592466602428969,2.555838439397882e-13
257,P3,148,0,0.1083190509586581,1,-13.345887289371127,4.509337182969972e-14
257,P3,149,0,0.10759207746229127,1,-12.684949056869918,2.065622440954805e-13
257,P3,150,0,0.106874796945876,1,-12.54151763157741,2.8739709131795834e-13
257,P3,151,0,0.10616701683365165,-1,-13.36983766816935,-4.267389967145171e-14
257,P3,152,0,0.10546854961764078,-1,-13.356653852751064,-4.3989208447717e-14
257,P3,153,0,0.10477921269203529,-1,-12.824432626920922,-1.498191652856426e-13
257,P3,154,0,0.10409882819403506,1,-13.2110939201521,6.15043849471364e-14
257,P3,155,0,0.10342722285084774,1,-15.104510871356077,7.86120512558291e-16
257,P3,156,0,0.10276422783257307,1,-13.530866208478116,2.945328850799496e-14
257,P3,157,0,0.10210967861070955,1,-12.533134831290475,2.9299834598442705e-13
257,P3,158,0,0.10146341482203416,-1,-13.544148581839915,-2.8566130650590843e-14
257,P3,159,0,0.10082528013761886,1,-14.126840028898789,7.46723761270478e-15
257,P3,160,0,0.10019512213675874,1,-13.143817340485162,7.180962512051278e-14
257,P3,161,0,0.09957279218559875,1,-12.443079833550238,3.605123662698595e-13
257,P3,162,0,0.09895814532025554,1,-13.248844857724364,5.638390391103446e-14
257,P3,163,0,0.09835104013424172,1,-12.700282813804295,1.9939634174319326e-13
257,P3,164,0,0.09775133867000853,1,-13.15626937608768,6.977994517795673e-14
257,P3,165,0,0.09715890631443272,-1,-12.957358551868364,-1.1031674729746245e-13
257,P3,166,0,0.09657361169808071,1,-12.896683285980071,1.2685766520654084e-13
257,P3,167,0,0.0959953265980922,-1,-12.993388540890042,-1.0153399141205576e-13
257,P3,168,0,0.09542392584453213,1,-13.106505995291982,7.825174025975772e-14
257,P3,169,0,0.09485928723006745,-1,-13.923422218429636,-1.1928278806303576e-14
257,P3,170,0,0.09430129142283175,1,-13.020538394984811,9.538094149985991e-14
257,P3,171,0,0.09374982188234736,1,-12.44148200623685,3.6184118228752665e-13
257,P3,172,0,0.09320476477838023,-1,-13.14734390780956,-7.122887616557729e-14
257,P3,173,0,0.09266600891260925,-1,-13.312701511997789,-4.867416253664815e-14
257,P3,174,0,0.09213344564299654,1,-13.077510161924016,8.365460214417982e-14
257,P3,175,0,0.09160696881075085,1,-12.942642798364039,1.1411880141598618e-13
257,P3,176,0,0.09108647466978068,1,-12.740313533877782,1.818387620718844e-13
257,P3,177,0,0.09057186181853898,1,-12.372760616336777,4.238765429518897e-13
257,P3,178,0,0.09006303113416517,1,-12.838881025566788,1.449168797160909e-13
257,P3,179,0,0.08955988570883462,1,-13.130245459534859,7.408913774592333e-14
257,P3,180,0,0.08906233078822999,1,-12.784225996892342,1.6435162524697655e-13
257,P3,181,0,0.08857027371205192,1,-13.031202996383385,9.306727620310518e-14
257,P3,182,0,0.0880836238564912,1,-12.79110113138402,1.6177032895396163e-13
257,P3,183,0,0.08760229257858687,1,-12.512855238214838,3.07004514473577e-13
257,P3,184,0,0.0871261931623989,-1,-13.051647526926365,-8.878763194484931e-14
257,P3,185,0,0.08665524076692648,1,-13.923744900682571,1.1919419346957356e-14
257,P3,186,0,0.08618935237570645,1,-12.627183351733976,2.359481889805223e-13
257,P3,187,0,0.08572844674802887,-1,-13.246968860713357,-5.662798903362297e-14
257,P3,188,0,0.08527244437170957,1,-13.191467091953658,6.434768216854981e-14
257,P3,189,0,0.0848212674173619,1,-13.478734385309311,3.320975064307149e-14
257,P3,190,0,0.08437483969411262,1,-13.096871220419136,8.000714617811226e-14
257,P3,191,0,0.0839330866067089,1,-12.736785071065828,1.833221444833908e-13
257,P3,192,0,0.08349593511396562,1,-13.325775897461291,4.7230669581099906e-14
257,P3,193,0,0.08306331368850466,1,-13.277402917556763,5.2795521300950105e-14
257,P3,194,0,0.08263515227773917,1,-13.43411105335782,3.6803485148849964e-14
257,P3,195,0,0.08221138226605845,-1,-13.339449361232514,-4.576680959078631e-14
257,P3,196,0,0.0817919364381704,1,-13.587007457184395,2.5881684738441065e-14
257,P3,197,0,0.0813767489435604,1,-12.416316482011272,3.834277296116822e-13
257,P3,198,0,0.08096575526202726,-1,-13.369170816457094,-4.273947504295699e-14
257,P3,199,0,0.08055889217025829,-1,-13.099112316596186,-7.959534754870508e-14
257,P3,200,0,0.08015609770940699,1,-12.705791390129304,1.968831775160728e-13
257,P3,201,0,0.0797573111536388,1,-12.993640132217388,1.0147518874497258e-13
257,P3,202,0,0.07936247297961088,1,-12.715197787081152,1.9266472766030106e-13
257,P3,203,0,0.07897152483685418,-1,-12.887800465682929,-1.294790589543559e-13
257,P3,204,0,0.07858440951902647,-1,-15.391431321424143,-4.0603986861510514e-16
257,P3,205,0,0.07820107093600683,1,-12.638742316328537,2.297511445952401e-13
257,P3,206,0,0.07782145408680291,-1,-12.702275039730088,-1.9848375169137453e-13
257,P3,207,0,0.07744550503324348,1,-12.809491399989867,1.5506314924906477e-13
257,P3,208,0,0.0770731708744298,-1,-12.981053990106211,-1.0445903510044726e-13
257,P3,209,0,0.07670439972192057,1,-13.008775460544266,9.799965334365823e-14
257,P3,210,0,0.07633914067562571,1,-13.379608788082912,4.17245068063609e-14
257,P3,211,0,0.07597734380038577,-1,-13.177389435828905,-6.646768670746689e-14
257,P3,212,0,0.07561896010321414,-1,-12.605627153868417,-2.4795498623467066e-13
257,P3,213,0,0.07526394151118028,1,-12.821614915919845,1.5079435503277487e-13
257,P3,214,0,0.07491224084991308,1,-13.115362813620392,7.66720696187438e-14
257,P3,215,0,0.07456381182270418,-1,-12.813046086125363,-1.5379914242607577e-13
257,P3,216,0,0.07421860899019166,-1,-13.937960441321586,-1.1535583274606287e-14
257,P3,217,0,0.07387658775060553,1,-12.644203641130078,2.268800759412338e-13
257,P3,218,0,0.07353770432055687,1,-14.010360520399592,9.764263247194306e-15
257,P3,219,0,0.07320191571635341,-1,-13.136148335753258,-7.308894014087868e-14
257,P3,220,0,0.07286917973582453,-1,-12.856103207429873,-1.3928257670798303e-13
257,P3,221,0,0.07253945494063982,-1,-13.238697209941654,-5.771687251103474e-14
257,P3,222,0,0.0722127006391054,1,-12.919124288577965,1.2046911264714816e-13
257,P3,223,0,0.07188887686942332,1,-12.782152163236464,1.6513831037403145e-13
257,P3,224,0,0.0715679443833991,1,-13.488196299028639,3.249403926844828e-14
257,P3,225,0,0.071249864630584,1,-12.608159103806663,2.465136069057574e-13
257,P3,226,0,0.07093459974283804,-1,-13.19145054742705,-6.435013355179913e-14
257,P3,227,0,0.07062211251930131,-1,-12.917538810611056,-1.209097127471363e-13
257,P3,228,0,0.07031236641176052,1,-14.425625601331587,3.752964001465775e-15
257,P3,229,0,0.07000532551039912,-1,-14.236565913908965,-5.8000813662440785e-15
257,P3,230,0,0.06970095452991912,1,-12.908721828565973,1.2338949063940627e-13
257,P3,231,0,0.06939921879602337,-1,-13.437774162487798,-3.6494367198322005e-14
257,P3,232,0,0.06910008423224741,1,-12.66840878845793,2.14580973646963e-13
257,P3,233,0,0.06880351734713047,-1,-12.947505854750194,-1.1284807243082755e-13
257,P3,234,0,0.06850948522171538,-1,-12.739664571296899,-1.8211068531588156e-13
257,P3,235,0,0.06821795549736766,1,-13.32316689740705,4.751525918582343e-14
257,P3,236,0,0.06792889636390423,1,-12.793115141273583,1.6102186732529007e-13
257,P3,237,0,0.06764227654802278,1,-13.1208506820083,7.570931520632876e-14
257,P3,238,0,0.06735806530202268,-1,-13.245403688943473,-5.6832441170989733e-14
257,P3,239,0,0.0670762323928092,1,-13.098748611619435,7.966203351998407e-14
257,P3,240,0,0.06679674809117249,-1,-14.35858379562947,-4.37941603688809e-15
257,P3,241,0,0.0665195831613336,1,-12.731145103437004,1.8571838421345769e-13
257,P3,242,0,0.06624470885074958,1,-12.501091095908727,3.154342911369294e-13
257,P3,243,0,0.06597209688017036,1,-13.164506146456654,6.846897927863055e-14
257,P3,244,0,0.06570171943394015,1,-13.213642630463392,6.114449599690969e-14
257,P3,245,0,0.06543354915053633,1,-12.71109936765439,1.9449150293285047e-13
257,P3,246,0,0.06516755911333902,-1,-12.87222472084183,-1.342070342093417e-13
257,P3,247,0,0.0649037228416251,1,-13.76231089028447,1.7285785109763015e-14
257,P3,248,0,0.06464201428177983,1,-14.506992363099307,3.1117710559168188e-15
257,P3,249,0,0.06438240779872048,1,-12.689684764995887,2.0432204892168642e-13
257,P3,250,0,0.0641248781675256,-1,-13.218028200379221,-6.053015689632288e-14
257,P3,251,0,0.06386940056526454,1,-12.854795364857193,1.3970264706607634e-13
257,P3,252,0,0.06361595056302143,1,-12.763794200663929,1.722684711036074e-13
257,P3,253,0,0.06336450411810829,-1,-13.142670059444233,-7.199957627254687e-14
257,P3,254,0,0.0631150375664622,1,-12.400498856457702,3.976501435271497e-13
257,P3,255,0,0.06286752761522117,1,-12.632366232739786,2.3314911284457415e-13
257,P3,256,0,0.06262195133547421,1,-13.638789970665783,2.2972593580646155e-14
257,P3,257,0,0.06237828615518054,-1,-12.408729435191534,-3.901849956364964e-13
