m,level,degree,mode_inner_product,route_A_L2_norm,route_A_integral,route_A_integral_scale,route_A_B_L2_difference,canonical_packet_pass,old_018_packet_L2_norm,old_018_vs_canonical_L2_difference,old_018_vs_canonical_relative_difference,identity_code,repeat_320_bands_required
13,P1,180,1.2925702903293833e-13,0.999999999999945,4.457990698097516e-15,1.5243914537185497,1.4208627551616174e-16,True,0.033767493503215,0.9665736408799918,0.9665736408800448,018_CANONICAL_IDENTITY_REJECTED_REPEAT_REQUIRED,True
13,P2,208,1.357118126145144e-13,0.9999999999999408,2.4954036847865216e-15,1.5243914537185514,1.4410195083938053e-16,True,0.03376749350321528,0.9665736408799873,0.9665736408800445,018_CANONICAL_IDENTITY_REJECTED_REPEAT_REQUIRED,True
13,P3,260,1.3765387696944009e-13,0.999999999999933,-6.303498772958825e-16,1.5243914537185554,1.3238776773984303e-16,True,0.033767493503217005,0.966573640879978,0.9665736408800427,018_CANONICAL_IDENTITY_REJECTED_REPEAT_REQUIRED,True
53,P1,636,2.5448573694884727e-13,0.9999999999998938,-1.356496992619213e-14,1.530230606823645,1.7647293814656393e-16,True,0.013058967228574914,0.9869489135109182,0.9869489135110231,018_CANONICAL_IDENTITY_REJECTED_REPEAT_REQUIRED,True
53,P2,848,2.452413253949652e-13,0.9999999999998972,-2.7507361122211038e-14,1.5302306068236318,1.8491896870691404e-16,True,0.01305896722857439,0.9869489135109218,0.9869489135110233,018_CANONICAL_IDENTITY_REJECTED_REPEAT_REQUIRED,True
53,P3,1060,2.669000218634185e-13,0.9999999999999309,3.1557963270044695e-15,1.5302306068236717,1.7848954720198472e-16,True,0.013058967228572983,0.9869489135109571,0.9869489135110253,018_CANONICAL_IDENTITY_REJECTED_REPEAT_REQUIRED,True
257,P1,3084,4.643289471859e-13,0.9999999999996434,7.696485646695187e-14,1.5316753547278348,1.5624108674341978e-16,True,0.0056137458232578975,0.994386397586745,0.9943863975870996,018_CANONICAL_IDENTITY_REJECTED_REPEAT_REQUIRED,True
257,P2,4112,5.953753609867617e-13,0.9999999999996546,-4.028374919566407e-14,1.5316753547276822,1.3216724105238932e-16,True,0.005613745823256771,0.9943863975867573,0.9943863975871008,018_CANONICAL_IDENTITY_REJECTED_REPEAT_REQUIRED,True
257,P3,5140,1.0383833219402459e-13,0.9999999999998799,8.008264552620902e-14,1.5316753547280941,1.3999599815743467e-16,True,0.005613745823257691,0.9943863975869818,0.9943863975871012,018_CANONICAL_IDENTITY_REJECTED_REPEAT_REQUIRED,True
