label,role,lambda_sq,N,delta_over_L,delta,edge_mass_eL,edge_mass_squared
portable_k1_m12_N120,portable_k1,12,120,0.0025,0.00621226662447000077557427,2.33462708457990575810998762332281196313293527e-25,5.45048362405407043443855020091757324449808512e-50
portable_k1_m12_N120,portable_k1,12,120,0.005,0.0124245332489400015511485,5.84882243450880015734139360895504037540778223e-24,3.42087238704134479056210230738715537829084291e-47
portable_k1_m12_N120,portable_k1,12,120,0.01,0.0248490664978800031022971,5.25396755487677486819146807228249042052838906e-22,2.76041750676978363360499339922904289951839934e-43
portable_k1_m12_N120,portable_k1,12,120,0.02,0.0496981329957600062045942,2.54836540524197305155887985211044916155210769e-19,6.4941662386340855321284124290202860918488297e-38
portable_k1_m12_N120,portable_k1,12,120,0.03,0.0745471994936400093068913,2.43588021149872776937376093720733006595707802e-17,5.93351240477108672943616164712082510146556111e-34
portable_k1_m12_N120,portable_k1,12,120,0.04,0.0993962659915200124091884,9.78422364977345395095469384464715293253190564e-16,9.57310324287861680782850342989502375172742391e-31
portable_k1_m12_N120,portable_k1,12,120,0.05,0.124245332489400015511485,0.00000000000002226082394278438629206094177815900521132226,4.9554428261164258966478889637179318483701044e-28
portable_k1_m12_N120,portable_k1,12,120,0.06,0.149094398987280018613783,0.000000000000335243292309379401576024084328982955228275067,1.12388065038432002218388218723006487519583303e-25
portable_k1_m12_N120,portable_k1,12,120,0.07,0.17394346548516002171608,0.00000000000367173004926301183674699829023347823768311213,1.34816015546609593295224472918728002223416363e-23
portable_k1_m12_N120,portable_k1,12,120,0.08,0.198792531983040024818377,0.0000000000311294724742218700023050263753593039307434172,9.69044056523337072935170496505105719552869498e-22
portable_k1_m12_N120,portable_k1,12,120,0.09,0.223641598480920027920674,0.000000000213504179606863789158784244339001911408186258,4.55840347095999515066343200436253388806205189e-20
portable_k1_m12_N120,portable_k1,12,120,0.1,0.248490664978800031022971,0.00000000122390184880813689986313608404143500043907773,1.49793573551597559501205164958799164970803733e-18
portable_k1_m12_N120,portable_k1,12,120,0.11,0.273339731476680034125268,0.00000000601266709964500097348577316576600405165653558,3.61521656511534280656177855725542464465805973e-17
portable_k1_m12_N120,portable_k1,12,120,0.12,0.298188797974560037227565,0.0000000258197687554233319853659945394108232647096209,6.66660458583534917962669256066194295892822968e-16
portable_k1_m12_N120,portable_k1,12,120,0.13,0.323037864472440040329862,0.0000000984770854704350716384357757008318375551282765,9.69773636275137429474781492892370322436715916e-15
portable_k1_m12_N120,portable_k1,12,120,0.14,0.347886930970320043432159,0.00000033800383127086493599428718544956063111417817,0.000000000000114246589953783333172645539143507194871603419
portable_k1_m12_N120,portable_k1,12,120,0.15,0.372735997468200046534456,0.00000105555852194972749940107954025288896099670902,0.00000000000111420379326069335114364613374402641378358263
portable_k1_m12_N120,portable_k1,12,120,0.16,0.397585063966080049636754,0.00000302732854762949894284795523315979871687547455,0.00000000000916471813529253144937614163489209254573613077
portable_k1_m12_N120,portable_k1,12,120,0.17,0.422434130463960052739051,0.00000803744187454727280151833481499683527092263777,0.0000000000646004718867259785391490175608969406613744276
portable_k1_m12_N120,portable_k1,12,120,0.18,0.447283196961840055841348,0.0000198909696483434729761139859944002869023166115,0.000000000395650673551321264989701022491147008266394286
portable_k1_m12_N120,portable_k1,12,120,0.19,0.472132263459720058943645,0.0000461627798226478168202783432603421558780290316,0.00000000213100224095426040216341427599686067565615859
portable_k1_m12_N120,portable_k1,12,120,0.2,0.496981329957600062045942,0.000101001736036578340502650131207588533352480787,0.0000000102013506824026477828715266991162515379576411
portable_k1_m12_N120,portable_k1,12,120,0.21,0.521830396455480065148239,0.000209317710716223032748833431986693407249264227,0.0000000438139040194804306414570709497273557567289547
portable_k1_m12_N120,portable_k1,12,120,0.22,0.546679462953360068250536,0.000412610204085001796191500386139614068576314396,0.000000170247180515066832941108100138071236182879948
portable_k1_m12_N120,portable_k1,12,120,0.23,0.571528529451240071352833,0.000776528672765977854620645714602605685245369295,0.00000060299677962769111704668023485495186252287506
portable_k1_m12_N120,portable_k1,12,120,0.24,0.59637759594912007445513,0.0013999808233190645023520438145334417046600526,0.00000195994630566112569828760162706633153028152748
portable_k1_m12_N120,portable_k1,12,120,0.25,0.621226662447000077557427,0.00242524723522001180085487935604464918365316731,0.00000588182415194231124842973878152713903094296944
portable_k1_m12_N120,portable_k1,12,120,0.26,0.646075728944880080659724,0.00404816808209111915835086031578876570942798182,0.0000163876648208612900609976156762516131553885608
portable_k1_m12_N120,portable_k1,12,120,0.27,0.670924795442760083762022,0.00652711193057069820259669415540799916700182693,0.0000426031901541983469935225752390967481283619251
portable_k1_m12_N120,portable_k1,12,120,0.28,0.695773861940640086864319,0.0101891978553925012118516442205965668729718558,0.000103819752936335146036921404942756381302473687
portable_k1_m12_N120,portable_k1,12,120,0.29,0.720622928438520089966616,0.0154321916294717795877516390370421483323512831,0.000238152538488738859650890405736362031307878169
portable_k1_m12_N120,portable_k1,12,120,0.3,0.745471994936400093068913,0.0227206792497276654589422104468372855661403501,0.000516229265569005310987934181799431441441732776
portable_k1_m12_N120,portable_k1,12,120,0.31,0.77032106143428009617121,0.032575542300714592097616612046136706081765375,0.00106116595618564574020682199164920775069797926
portable_k1_m12_N120,portable_k1,12,120,0.32,0.795170127932160099273507,0.0455563822772263737598015675059058780088140472,0.00207538396618878524380705521500486596528217146
portable_k1_m12_N120,portable_k1,12,120,0.33,0.820019194430040102375804,0.0622372896992942997136510206981047004405588364,0.00387348022911388434367474925267142999588398884
portable_k1_m12_N120,portable_k1,12,120,0.34,0.844868260927920105478101,0.0831771286052666269007967401429169093490290249,0.00691843472301706376605931715356856017221608585
portable_k1_m12_N120,portable_k1,12,120,0.35,0.869717327425800108580398,0.108886200840275831105502730670291856614646845,0.0118562047334288851079034552046664167000556985
portable_k1_m12_N120,portable_k1,12,120,0.36,0.894566393923680111682695,0.139791672085115990729583458587295626124645652,0.0195417115843525973232946749568001643313575525
portable_k1_m12_N120,portable_k1,12,120,0.37,0.919415460421560114784993,0.176204414287839893006099953275855138191562742,0.0310479956145207154287768853905619387443581597
portable_k1_m12_N120,portable_k1,12,120,0.38,0.94426452691944011788729,0.218289914880602380633315238581564215157329804,0.0476504869385806326487438507067804821958167743
portable_k1_m12_N120,portable_k1,12,120,0.39,0.969113593417320120989587,0.266045628512195728517402834015946592422646227,0.0707802764504492527670043561209775731349134632
portable_k1_m12_N120,portable_k1,12,120,0.4,0.993962659915200124091884,0.319286643430849501162024242151084999663471888,0.10194396067333843091412593137364318548806027
portable_k1_m12_N120,portable_k1,12,120,0.41,1.01881172641308012719418,0.377640869439755974829707740632065786417588479,0.142612626271214818158651233775066413618214886
portable_k1_m12_N120,portable_k1,12,120,0.42,1.04366079291096013029648,0.440554209102281856603843928773961618178449923,0.194088011157737085872777354991259292889226742
portable_k1_m12_N120,portable_k1,12,120,0.43,1.06850985940884013339878,0.507305432180074088433106543650381321593698572,0.257358801519411750481553313782181382528574858
portable_k1_m12_N120,portable_k1,12,120,0.44,1.09335892590672013650107,0.577029809579233424480441366011269989318811695,0.332963401143046385924241371365703598730846088
portable_k1_m12_N120,portable_k1,12,120,0.45,1.11820799240460013960337,0.648750033762853058087987041182867541191229327,0.420876606307302982799409807976109083634064372
portable_k1_m12_N120,portable_k1,12,120,0.46,1.14305705890248014270567,0.721412590206880938477907263013950352948245812,0.520436125309001127340755195486909910430689158
portable_k1_m12_N120,portable_k1,12,120,0.47,1.16790612540036014580796,0.793927555478752402468225243893514882318240656,0.630320963348467473913151929016411426351414115
portable_k1_m12_N120,portable_k1,12,120,0.48,1.19275519189824014891026,0.865209764016001000684770988229798287677405916,0.748587935748624140052725122263615150132186272
portable_k1_m12_N120,portable_k1,12,120,0.49,1.21760425839612015201256,0.934219371274055481467643773789346462469692177,0.872765833663691520106715053325561117282701638
portable_k1_m12_N120,portable_k1,12,120,0.5,1.24245332489400015511485,1.0,1.0
portable_k1_m13_N90,portable_k1,13,90,0.0025,0.00641237339365384184013372,1.1531089426687956490462271091065375879488086e-27,1.32966023366274785101908412193028042652050344e-54
portable_k1_m13_N90,portable_k1,13,90,0.005,0.0128247467873076836802674,4.06942195525081741813669973966810853145939013e-26,1.65601950498773858411867116009371306179956419e-51
portable_k1_m13_N90,portable_k1,13,90,0.01,0.0256494935746153673605349,5.87022378219091712197403278214613895682393245e-24,3.44595272529998359836423733958666275186517008e-47
portable_k1_m13_N90,portable_k1,13,90,0.02,0.0512989871492307347210697,5.42620996114982441389421609686779089492519472e-21,2.94437545424815789751700117252198410816327501e-41
portable_k1_m13_N90,portable_k1,13,90,0.03,0.0769484807238461020816046,8.29509313427054759452069707277202453578884939e-19,6.88085701062223769435308966193911736649569975e-37
portable_k1_m13_N90,portable_k1,13,90,0.04,0.102597974298461469442139,4.85106285605164625831969490652559431352748717e-17,2.3532810833363955226774773204595829830705641e-33
portable_k1_m13_N90,portable_k1,13,90,0.05,0.128247467873076836802674,1.51080103207187219164112305221880392982217141e-15,2.28251975850943418661218657379361605230016876e-30
portable_k1_m13_N90,portable_k1,13,90,0.06,0.153896961447692204163209,0.0000000000000297802066565417165306695559371750498026248871,8.86860708506331562800914932513250131876825338e-28
portable_k1_m13_N90,portable_k1,13,90,0.07,0.179546455022307571523744,0.000000000000412419572788394582358550609484437463033239366,1.7008990401896189706843040330013511823908396e-25
portable_k1_m13_N90,portable_k1,13,90,0.08,0.205195948596922938884279,0.00000000000430036124142377698337339904400027900302917917,1.84931068067398483094333202901275649654080792e-23
portable_k1_m13_N90,portable_k1,13,90,0.09,0.230845442171538306244814,0.0000000000354544473991655230368343039883132144800676541,1.25701784038019492080655653834057639739520864e-21
portable_k1_m13_N90,portable_k1,13,90,0.1,0.256494935746153673605349,0.000000000239646547464665239598501777292480023888500255,5.7430467711734049577331019494144757715987582e-20
portable_k1_m13_N90,portable_k1,13,90,0.11,0.282144429320769040965884,0.00000000136547621039621982174327036018615827829540162,1.86452528115802158119874295600692954030144168e-18
portable_k1_m13_N90,portable_k1,13,90,0.12,0.307793922895384408326418,0.00000000670418977457508491120616048042582278533963858,4.49461605335171278381108008524444540501377094e-17
portable_k1_m13_N90,portable_k1,13,90,0.13,0.333443416469999775686953,0.0000000288709973466130477379114839756342098776435473,8.33534487788137642944803342415871991635487111e-16
portable_k1_m13_N90,portable_k1,13,90,0.14,0.359092910044615143047488,0.000000110655346332479577281103317448642408117473361,0.000000000000012244605671961001434491123017075879037286216
portable_k1_m13_N90,portable_k1,13,90,0.15,0.384742403619230510408023,0.00000038210365533538613451686413830781683377445128,0.000000000000146003203420663560782914751997848741079239077
portable_k1_m13_N90,portable_k1,13,90,0.16,0.410391897193845877768558,0.0000012011077537820368818350875633185810468525958,0.00000000000144265983619533013341971876402199891712349563
portable_k1_m13_N90,portable_k1,13,90,0.17,0.436041390768461245129093,0.00000346757915164634587049396635797024047624970295,0.000000000012024105172932391731137410612690620238829577
portable_k1_m13_N90,portable_k1,13,90,0.18,0.461690884343076612489628,0.00000926506076193900600035271542945230575711206865,0.0000000000858413509224217944183047240391340473916078397
portable_k1_m13_N90,portable_k1,13,90,0.19,0.487340377917691979850163,0.0000230652445641919489114357625418496405059256326,0.000000000532005506805986247268155723191785860581225964
portable_k1_m13_N90,portable_k1,13,90,0.2,0.512989871492307347210697,0.0000538165251876835227127363105564594145887775935,0.0000000028962183832765750195411876488011305464418421
portable_k1_m13_N90,portable_k1,13,90,0.21,0.538639365066922714571232,0.00011830076015632659206979995260255102702148889,0.0000000139950698535647093245726182698491702999540425
portable_k1_m13_N90,portable_k1,13,90,0.22,0.564288858641538081931767,0.000246145678226969570061920972018630225314915844,0.0000000605876949098148414680352650139827836728007232
portable_k1_m13_N90,portable_k1,13,90,0.23,0.589938352216153449292302,0.000486784488151999837348360690105709122282144264,0.000000236959137905404470022514022898796667281991743
portable_k1_m13_N90,portable_k1,13,90,0.24,0.615587845790768816652837,0.000918430645052401576009245264548860924251304636,0.000000843514849771370451509121233733864654216723676
portable_k1_m13_N90,portable_k1,13,90,0.25,0.641237339365384184013372,0.00165878103939452022716207435445558362835722827,0.00000275155453665476486579248964779818933204324468
portable_k1_m13_N90,portable_k1,13,90,0.26,0.666886832939999551373907,0.00287670718059258839990717166633699379725766521,0.0000082754442028729590099465051437929307249417428
portable_k1_m13_N90,portable_k1,13,90,0.27,0.692536326514614918734442,0.00480371034603760368456868071477271573135570327,0.0000230756330886287141332219982313418800305745092
portable_k1_m13_N90,portable_k1,13,90,0.28,0.718185820089230286094976,0.0077434995362638671663136651992687545554769471,0.0000599617850681187258559006284834523003297733811
portable_k1_m13_N90,portable_k1,13,90,0.29,0.743835313663845653455511,0.0120778044564963254082640234485329851489198468,0.000145873360489362498391360822173248798944911008
portable_k1_m13_N90,portable_k1,13,90,0.3,0.769484807238461020816046,0.0182665466054447389396071851802292671431089794,0.000333666724888884715159983649699449389216222805
portable_k1_m13_N90,portable_k1,13,90,0.31,0.795134300813076388176581,0.0268408067762382860144867086859989942205010464,0.00072042890839935909192057854954689968074738729
portable_k1_m13_N90,portable_k1,13,90,0.32,0.820783794387691755537116,0.0383876388643900105563606615241729465257546624,0.00147361081758282637927759369368625450775817798
portable_k1_m13_N90,portable_k1,13,90,0.33,0.846433287962307122897651,0.0535266225640637228086148526667760279838190821,0.00286509932311573566754689451327431639036721637
portable_k1_m13_N90,portable_k1,13,90,0.34,0.872082781536922490258186,0.072879009409713907323138460271121440992061497,0.00531135001254116824632183336268369510001619177
portable_k1_m13_N90,portable_k1,13,90,0.35,0.897732275111537857618721,0.097031259938339811119875562729441218482709098,0.00941506540522166836604905268242606235623785173
portable_k1_m13_N90,portable_k1,13,90,0.36,0.923381768686153224979255,0.126495556622405695626093424557117832987032755,0.0160011258452122454389677616423945995672186587
portable_k1_m13_N90,portable_k1,13,90,0.37,0.94903126226076859233979,0.16167039424176991097340330467798899152683333,0.0261373163742893095872827614284724064545255605
portable_k1_m13_N90,portable_k1,13,90,0.38,0.974680755835383959700325,0.202804526003097469619412680163975461095614611,0.04112967576734103771593837231613247585995685
portable_k1_m13_N90,portable_k1,13,90,0.39,1.00033024940999932706086,0.249967361493219921297467098439202803867978964,0.0624836818118820854819769839270291263264109229
portable_k1_m13_N90,portable_k1,13,90,0.4,1.02597974298461469442139,0.303028404241499520349043003323263833687247663,0.0918262137771496444945940667776485068320204486
portable_k1_m13_N90,portable_k1,13,90,0.41,1.05162923655923006178193,0.361647557063188522402297541923871686756201259,0.130788955529772198518454143811132209312347169
portable_k1_m13_N90,portable_k1,13,90,0.42,1.07727873013384542914246,0.425277214430191202227880077369730337599375691,0.180860709113502828126631335334075544654087798
portable_k1_m13_N90,portable_k1,13,90,0.43,1.102928223708460796503,0.493176114778461263874731971353728689192947735,0.243222680187977998640539732201027548871146452
portable_k1_m13_N90,portable_k1,13,90,0.44,1.12857771728307616386353,0.56443404705534132891560698492598603699734841,0.318585793475271269495451006612629986437906431
portable_k1_m13_N90,portable_k1,13,90,0.45,1.15422721085769153122407,0.6380057792870831220162348042119073514751422,0.40705137440371822288185659276284922226413959
portable_k1_m13_N90,portable_k1,13,90,0.46,1.1798767044323068985846,0.71275205619497384282835555569328053800439623,0.508015493610163150722277354226072712852139787
portable_k1_m13_N90,portable_k1,13,90,0.47,1.20552619800692226594514,0.787485216207401576372787950149448814593750562,0.620132965745218006380346244773189256971188322
portable_k1_m13_N90,portable_k1,13,90,0.48,1.23117569158153763330567,0.861016889600125986815458565195276351156903804,0.741350084176675541711953501876908990361671405
portable_k1_m13_N90,portable_k1,13,90,0.49,1.25682518515615300066621,0.932205315705749028260133953371453627124915663,0.869006750630055215898445838779785834514820214
portable_k1_m13_N90,portable_k1,13,90,0.5,1.28247467873076836802674,1.0,1.0
portable_k1_m13_N120,portable_k1,13,120,0.0025,0.00641237339365384184013372,1.15307445798196957754021992204424512952305001e-27,1.32958070565041292478968121575801855136472941e-54
portable_k1_m13_N120,portable_k1,13,120,0.005,0.0128247467873076836802674,4.06941177332473440189353220861108699409191157e-26,1.65601121808739595254327593563264488790430693e-51
portable_k1_m13_N120,portable_k1,13,120,0.01,0.0256494935746153673605349,5.87022393670920340154023658299552775525637378e-24,3.445952906711369766293120157796263726501858e-47
portable_k1_m13_N120,portable_k1,13,120,0.02,0.0512989871492307347210697,5.42620996133448739660624536460947403222981587e-21,2.94437545444856192076994142029964334203706443e-41
portable_k1_m13_N120,portable_k1,13,120,0.03,0.0769484807238461020816046,8.29509313427186949177590695924192150139798998e-19,6.88085701062443074652227035890194517241738256e-37
portable_k1_m13_N120,portable_k1,13,120,0.04,0.102597974298461469442139,4.85106285605165553551182187866435227931258476e-17,2.35328108333640452352590444233025695581406203e-33
portable_k1_m13_N120,portable_k1,13,120,0.05,0.128247467873076836802674,1.51080103207187229958491325263688952811511514e-15,2.28251975850943451277536585487620236239990358e-30
portable_k1_m13_N120,portable_k1,13,120,0.06,0.153896961447692204163209,0.0000000000000297802066565417166587102801738993396743382776,8.86860708506331570427073388959088135856068609e-28
portable_k1_m13_N120,portable_k1,13,120,0.07,0.179546455022307571523744,0.000000000000412419572788394582449660277520291694210447507,1.70089904018961897143581224036614020960278376e-25
portable_k1_m13_N120,portable_k1,13,120,0.08,0.205195948596922938884279,0.00000000000430036124142377698337810405702470324905874075,1.8493106806739848309473786801428821145792897e-23
portable_k1_m13_N120,portable_k1,13,120,0.09,0.230845442171538306244814,0.0000000000354544473991655230367699966507273477546210359,1.25701784038019492080199657610493941377725389e-21
portable_k1_m13_N120,portable_k1,13,120,0.1,0.256494935746153673605349,0.000000000239646547464665239598433900967681404382754352,5.74304677117340495772984868403595989086986496e-20
portable_k1_m13_N120,portable_k1,13,120,0.11,0.282144429320769040965884,0.00000000136547621039621982174324585741110609104939979,1.86452528115802158119867604009408463694535307e-18
portable_k1_m13_N120,portable_k1,13,120,0.12,0.307793922895384408326418,0.00000000670418977457508491120617301629751389451534402,4.49461605335171278381109689381700678889639901e-17
portable_k1_m13_N120,portable_k1,13,120,0.13,0.333443416469999775686953,0.0000000288709973466130477379115012469266352209304952,8.33534487788137642944804339694747560963621837e-16
portable_k1_m13_N120,portable_k1,13,120,0.14,0.359092910044615143047488,0.000000110655346332479577281103325787032661132514618,0.0000000000000122446056719610014344911248624508016427890161
portable_k1_m13_N120,portable_k1,13,120,0.15,0.384742403619230510408023,0.000000382103655335386134516864150288166083666246806,0.000000000000146003203420663560782914761153319222235651977
portable_k1_m13_N120,portable_k1,13,120,0.16,0.410391897193845877768558,0.00000120110775378203688183508758964497019471698944,0.00000000000144265983619533013341971882726365918628988337
portable_k1_m13_N120,portable_k1,13,120,0.17,0.436041390768461245129093,0.00000346757915164634587049396638766797413712456272,0.0000000000120241051729323917311374108186491044260207284
portable_k1_m13_N120,portable_k1,13,120,0.18,0.461690884343076612489628,0.00000926506076193900600035271544299847175294355234,0.0000000000858413509224217944183047242901461494769892401
portable_k1_m13_N120,portable_k1,13,120,0.19,0.487340377917691979850163,0.0000230652445641919489114357625351582050833873966,0.000000000532005506805986247268155722883106671568542953
portable_k1_m13_N120,portable_k1,13,120,0.2,0.512989871492307347210697,0.0000538165251876835227127363105427414825531007543,0.00000000289621838327657501954118764732462767659997547
portable_k1_m13_N120,portable_k1,13,120,0.21,0.538639365066922714571232,0.000118300760156326592069799952592471552311898227,0.0000000139950698535647093245726182674643512597119532
portable_k1_m13_N120,portable_k1,13,120,0.22,0.564288858641538081931767,0.00024614567822696957006192097200771840439220028,0.0000000605876949098148414680352650086109885493746041
portable_k1_m13_N120,portable_k1,13,120,0.23,0.589938352216153449292302,0.000486784488151999837348360690085111171760114727,0.000000236959137905404470022514022878743141678299012
portable_k1_m13_N120,portable_k1,13,120,0.24,0.615587845790768816652837,0.000918430645052401576009245264522637656929384142,0.00000084351484977137045150912123368569614957301767
portable_k1_m13_N120,portable_k1,13,120,0.25,0.641237339365384184013372,0.0016587810393945202271620743544399373975406439,0.00000275155453665476486579248964774628199001016388
portable_k1_m13_N120,portable_k1,13,120,0.26,0.666886832939999551373907,0.00287670718059258839990717166634210936254535711,0.0000082754442028729590099465051438223626917335297
portable_k1_m13_N120,portable_k1,13,120,0.27,0.692536326514614918734442,0.00480371034603760368456868071479076313999005538,0.0000230756330886287141332219982315152690777265205
portable_k1_m13_N120,portable_k1,13,120,0.28,0.718185820089230286094976,0.0077434995362638671663136651992828633972427584,0.0000599617850681187258559006284836708039491149414
portable_k1_m13_N120,portable_k1,13,120,0.29,0.743835313663845653455511,0.0120778044564963254082640234485354017045883895,0.000145873360489362498391360822173307172318556801
portable_k1_m13_N120,portable_k1,13,120,0.3,0.769484807238461020816046,0.0182665466054447389396071851802271973847711099,0.000333666724888884715159983649699373774541941403
portable_k1_m13_N120,portable_k1,13,120,0.31,0.795134300813076388176581,0.0268408067762382860144867086860036877303774529,0.000720428908399359091920578549547151635930777275
portable_k1_m13_N120,portable_k1,13,120,0.32,0.820783794387691755537116,0.0383876388643900105563606615241872385629734138,0.00147361081758282637927759369368735178288495768
portable_k1_m13_N120,portable_k1,13,120,0.33,0.846433287962307122897651,0.0535266225640637228086148526667940563585579362,0.00286509932311573566754689451327624638638739666
portable_k1_m13_N120,portable_k1,13,120,0.34,0.872082781536922490258186,0.0728790094097139073231384602711372468306886377,0.00531135001254116824632183336268599892774026337
portable_k1_m13_N120,portable_k1,13,120,0.35,0.897732275111537857618721,0.0970312599383398111198755627294537478270693778,0.00941506540522166836604905268242849383237681029
portable_k1_m13_N120,portable_k1,13,120,0.36,0.923381768686153224979255,0.126495556622405695626093424557127785682525371,0.0160011258452122454389677616423971175107311221
portable_k1_m13_N120,portable_k1,13,120,0.37,0.94903126226076859233979,0.161670394241769910973403304677994454614908562,0.0261373163742893095872827614284741728937313612
portable_k1_m13_N120,portable_k1,13,120,0.38,0.974680755835383959700325,0.202804526003097469619412680163973143197496437,0.0411296757673410377159383723161315356994984903
portable_k1_m13_N120,portable_k1,13,120,0.39,1.00033024940999932706086,0.249967361493219921297467098439192574725225076,0.0624836818118820854819769839270240124227618696
portable_k1_m13_N120,portable_k1,13,120,0.4,1.02597974298461469442139,0.303028404241499520349043003323249846610050427,0.0918262137771496444945940667776400298686542863
portable_k1_m13_N120,portable_k1,13,120,0.41,1.05162923655923006178193,0.361647557063188522402297541923858676932917138,0.130788955529772198518454143811122799370730117
portable_k1_m13_N120,portable_k1,13,120,0.42,1.07727873013384542914246,0.425277214430191202227880077369720147378652133,0.180860709113502828126631335334066877316720311
portable_k1_m13_N120,portable_k1,13,120,0.43,1.102928223708460796503,0.493176114778461263874731971353721005608161769,0.243222680187977998640539732201019970150161826
portable_k1_m13_N120,portable_k1,13,120,0.44,1.12857771728307616386353,0.564434047055341328915606984925981325169287097,0.318585793475271269495451006612624667405543079
portable_k1_m13_N120,portable_k1,13,120,0.45,1.15422721085769153122407,0.638005779287083122016234804211907570898907245,0.407051374403718222881856592762849502251400013
portable_k1_m13_N120,portable_k1,13,120,0.46,1.1798767044323068985846,0.71275205619497384282835555569328683758667594,0.508015493610163150722277354226081692932585853
portable_k1_m13_N120,portable_k1,13,120,0.47,1.20552619800692226594514,0.787485216207401576372787950149459363643445329,0.620132965745218006380346244773205871412547655
portable_k1_m13_N120,portable_k1,13,120,0.48,1.23117569158153763330567,0.861016889600125986815458565195286878700656195,0.741350084176675541711953501876927119147625032
portable_k1_m13_N120,portable_k1,13,120,0.49,1.25682518515615300066621,0.932205315705749028260133953371459910801542738,0.869006750630055215898445838779797549868328084
portable_k1_m13_N120,portable_k1,13,120,0.5,1.28247467873076836802674,1.0,1.0
portable_k1_m14_N120,portable_k1,14,120,0.0025,0.00659764332403814653630646,5.69348304191740864921748306953907881651303761e-30,3.24157491486011088538145541839097847562183983e-59
portable_k1_m14_N120,portable_k1,14,120,0.005,0.0131952866480762930726129,2.83827228532452933617351756641249051753010898e-28,8.05578956564132646616680500945566140471650117e-56
portable_k1_m14_N120,portable_k1,14,120,0.01,0.0263905732961525861452258,6.60594017036528550489796587613146215475389349e-26,4.3638445534445737280781842564940701949928311e-51
portable_k1_m14_N120,portable_k1,14,120,0.02,0.0527811465923051722904517,1.17057048050603481115654959965722909581216892e-22,1.37023524983212922384053447013138581148348407e-44
portable_k1_m14_N120,portable_k1,14,120,0.03,0.0791717198884577584356775,2.87256332959750209022600591208818807385231696e-20,8.2516200825482874281251565582278998597077949e-40
portable_k1_m14_N120,portable_k1,14,120,0.04,0.105562293184610344580903,2.45203657410079817535035785494731925012936702e-18,6.01248336072797910111324572079198877901688394e-36
portable_k1_m14_N120,portable_k1,14,120,0.05,0.131952866480762930726129,1.04713664723990152996528964675235338145997752e-16,1.09649515799282197645359959824783428474152867e-32
portable_k1_m14_N120,portable_k1,14,120,0.06,0.158343439776915516871355,2.70474129986355810650340956842393005521477388e-15,7.31562549918760995123775729136369398360781252e-30
portable_k1_m14_N120,portable_k1,14,120,0.07,0.184734013073068103016581,0.000000000000047396791785708868472803275371295584738598546,2.2464558715778396690423180505903652390450942e-27
portable_k1_m14_N120,portable_k1,14,120,0.08,0.211124586369220689161807,0.000000000000608053929632689149956588481743581605912509046,3.697295813417552883338431719934496388446204e-25
portable_k1_m14_N120,portable_k1,14,120,0.09,0.237515159665373275307033,0.00000000000602676741159546989444850174423085383438794098,3.63219254334691600295422646550088441079803447e-23
portable_k1_m14_N120,portable_k1,14,120,0.1,0.263905732961525861452258,0.0000000000480281953582987486017844934204036129239585144,2.30670754937490946058295924554748887926708026e-21
portable_k1_m14_N120,portable_k1,14,120,0.11,0.290296306257678447597484,0.000000000317304837421013933513088123015804777895042596,1.00682359850776084273451260692494753503818391e-19
portable_k1_m14_N120,portable_k1,14,120,0.12,0.31668687955383103374271,0.00000000178044853905793848513256492853376250201300674,3.16999700023354750341565376472061016502841721e-18
portable_k1_m14_N120,portable_k1,14,120,0.13,0.343077452849983619887936,0.00000000865250002943178721552673749908617551023181713,7.48657567593170786309202911217293754123701969e-17
portable_k1_m14_N120,portable_k1,14,120,0.14,0.369468026146136206033162,0.0000000370084386167082609061429975506244438352632407,1.36962452884666325599471295785221666427850107e-15
portable_k1_m14_N120,portable_k1,14,120,0.15,0.395858599442288792178388,0.000000141205162133660595078322239880630156825432624,0.0000000000000199388978131933759799669438177857032877311236
portable_k1_m14_N120,portable_k1,14,120,0.16,0.422249172738441378323614,0.000000486119829143468211848941601007455018844734229,0.000000000000236312488286474726242469657636593310172720542
portable_k1_m14_N120,portable_k1,14,120,0.17,0.448639746034593964468839,0.00000152483814613098963612737448475222669207331373,0.00000000000232513137189619330381251894312736320782855692
portable_k1_m14_N120,portable_k1,14,120,0.18,0.475030319330746550614065,0.0000043950695936041683657882834424771413244425405,0.0000000000193166367326239096764221914816125819280596777
portable_k1_m14_N120,portable_k1,14,120,0.19,0.501420892626899136759291,0.0000117267173418091577824350142309549283820644893,0.000000000137515899614687639479426309492317025119442529
portable_k1_m14_N120,portable_k1,14,120,0.2,0.527811465923051722904517,0.000029152535721964079533544505695477048336328658,0.000000000849870339020391715921011889408364591203448841
portable_k1_m14_N120,portable_k1,14,120,0.21,0.554202039219204309049743,0.0000679144509809119724404828351634326148438817423,0.00000000461237265203869517560939664620892943702051389
portable_k1_m14_N120,portable_k1,14,120,0.22,0.580592612515356895194969,0.000149024326363914338876330010111062689884894558,0.0000000222082498482184542779950002605449607738425153
portable_k1_m14_N120,portable_k1,14,120,0.23,0.606983185811509481340195,0.000309421849789010255228469148008639355456936119,0.0000000957418811268528257280468652882697411913635393
portable_k1_m14_N120,portable_k1,14,120,0.24,0.63337375910766206748542,0.000610425524582474545724839191572174253930602249,0.000000372619321061789235920770443079719487693525796
portable_k1_m14_N120,portable_k1,14,120,0.25,0.659764332403814653630646,0.00114846456210420724497320697284453513880233067,0.0000013189708504092084999216208455113958544670113
portable_k1_m14_N120,portable_k1,14,120,0.26,0.686154905699967239775872,0.00206761467684406995401731668369963108991271917,0.00000427503045190100782570615235398880953540668764
portable_k1_m14_N120,portable_k1,14,120,0.27,0.712545478996119825921098,0.00357289163781272065760522760647215828965277674,0.0000127655546555520654512102311925900764581807396
portable_k1_m14_N120,portable_k1,14,120,0.28,0.738936052292272412066324,0.0059426813278319029388650882048239163592260618,0.0000353154613641619490510320269937224488251577844
portable_k1_m14_N120,portable_k1,14,120,0.29,0.76532662558842499821155,0.00953823202966182786824811631526797917025568047,0.0000909778702516667923826559664416028472876363579
portable_k1_m14_N120,portable_k1,14,120,0.3,0.791717198884577584356775,0.0148079326818745251418042267664691454703379031,0.000219274870310927666617122731901914531311051089
portable_k1_m14_N120,portable_k1,14,120,0.31,0.818107772180730170502001,0.0222842466801723740692580213781435468379011431,0.00049658765010277347496119201873828128552259185
portable_k1_m14_N120,portable_k1,14,120,0.32,0.844498345476882756647227,0.0325717009098432214190261553464902071775937958,0.00106091570016028173800287601034960506522982483
portable_k1_m14_N120,portable_k1,14,120,0.33,0.870888918773035342792453,0.0463252057313241549992428543178151556020176261,0.00214602468604950833841841982747243161826984338
portable_k1_m14_N120,portable_k1,14,120,0.34,0.897279492069187928937679,0.0642190937237200479540215352741706212365415305,0.00412409199869593965481824520612071785154140063
portable_k1_m14_N120,portable_k1,14,120,0.35,0.923670065365340515082905,0.0869084519104014435326315686066165497501545584,0.00755307901346256032000074354890189195683153972
portable_k1_m14_N120,portable_k1,14,120,0.36,0.950060638661493101228131,0.114985403001404976435849184319067595780668303,0.0132216429033955125633652181710838276473027329
portable_k1_m14_N120,portable_k1,14,120,0.37,0.976451211957645687373356,0.148933800105519779971595943118571714842069662,0.0221812768138709236238017757117194924622268622
portable_k1_m14_N120,portable_k1,14,120,0.38,1.00284178525379827351858,0.189086215802261415245919500606792714922350036,0.0357535970064193745424118035212429536347565393
portable_k1_m14_N120,portable_k1,14,120,0.39,1.02923235854995085966381,0.235587074134123092871566917606282418927621838,0.0555012694990768100288744198695612826937578584
portable_k1_m14_N120,portable_k1,14,120,0.4,1.05562293184610344580903,0.288365306429550862169990138553400213513981078,0.0831545499522087678089400038328491649439706145
portable_k1_m14_N120,portable_k1,14,120,0.41,1.08201350514225603195426,0.347119084494469510226425723917524385684722292,0.120491658820278663155951156304137246178142765
portable_k1_m14_N120,portable_k1,14,120,0.42,1.10840407843840861809949,0.411314117999567913794769151338520118427971893,0.169179303665762477687191199691312594667982801
portable_k1_m14_N120,portable_k1,14,120,0.43,1.13479465173456120424471,0.480195839352103519965099690480444772783090758,0.230588044131071211492965481949608337858849486
portable_k1_m14_N120,portable_k1,14,120,0.44,1.16118522503071379038994,0.552814680098735897669016955764854272123823937,0.305604070532667707358569486119950727300417403
portable_k1_m14_N120,portable_k1,14,120,0.45,1.18757579832686637653516,0.628062686935309549346274024463453795816461736,0.394462738720400652482544768891423204097326616
portable_k1_m14_N120,portable_k1,14,120,0.46,1.21396637162301896268039,0.70471901406148970703684709129399022900915833,0.496628888779798127432092471762414839322233639
portable_k1_m14_N120,portable_k1,14,120,0.47,1.24035694491917154882561,0.781501397203322950885895421306536956761271973,0.610744433830745949360319541050872635570011879
portable_k1_m14_N120,portable_k1,14,120,0.48,1.26674751821532413497084,0.85712055201244546768044561757104397820851728,0.734655640682119236256478304342733244057276938
portable_k1_m14_N120,portable_k1,14,120,0.49,1.29313809151147672111607,0.930334496330309066700090222507244197332314683,0.865522275062169854294421720165894424862493388
portable_k1_m14_N120,portable_k1,14,120,0.5,1.31952866480762930726129,1.0,1.0
float64_k1_diagnostic_m53_N120,float64_k1_diagnostic,53,120,0.0025,0.00992572978388030458536117,1.48404322827247843794039603735608731177271718e-16,2.20238430338139954527717051289511105394995648e-32
float64_k1_diagnostic_m53_N120,float64_k1_diagnostic,53,120,0.005,0.0198514595677606091707223,4.66255192524380282607812277079742062290584363e-16,2.17393904555946922971614228687393740013255066e-31
float64_k1_diagnostic_m53_N120,float64_k1_diagnostic,53,120,0.01,0.0397029191355212183414447,7.46592553485258614318275875378823554701434791e-16,5.57400440919638744693723803484864656095387525e-31
float64_k1_diagnostic_m53_N120,float64_k1_diagnostic,53,120,0.02,0.0794058382710424366828894,1.23034146273031626360012415820084864663234175e-15,1.51374011491337420349367012524354886154339163e-30
float64_k1_diagnostic_m53_N120,float64_k1_diagnostic,53,120,0.03,0.119108757406563655024334,1.87201228927576035661231515392574752411385478e-15,3.50443001119947307387059652805880314334136767e-30
float64_k1_diagnostic_m53_N120,float64_k1_diagnostic,53,120,0.04,0.158811676542084873365779,2.15176780055911497947762447749702357714258978e-15,4.63010466752301121898783590261610429891187517e-30
float64_k1_diagnostic_m53_N120,float64_k1_diagnostic,53,120,0.05,0.198514595677606091707223,2.31063194395303938811907396440940253521154595e-15,5.33901998041620175615849805479440015515908081e-30
float64_k1_diagnostic_m53_N120,float64_k1_diagnostic,53,120,0.06,0.238217514813127310048668,2.4837083441548336570123961752928961418039182e-15,6.16880713882434562773141844536113792195457565e-30
float64_k1_diagnostic_m53_N120,float64_k1_diagnostic,53,120,0.07,0.277920433948648528390113,2.6565270017418272099324877934571379135210961e-15,7.0571357109834220280746060302398153232624772e-30
float64_k1_diagnostic_m53_N120,float64_k1_diagnostic,53,120,0.08,0.317623353084169746731558,2.81948006373721337125161694286102456349983416e-15,7.94946782981160077438538620857151226344001155e-30
float64_k1_diagnostic_m53_N120,float64_k1_diagnostic,53,120,0.09,0.357326272219690965073002,2.956957758216529138362534912179840043905767e-15,8.74359918387692159507519091799207520624228122e-30
float64_k1_diagnostic_m53_N120,float64_k1_diagnostic,53,120,0.1,0.397029191355212183414447,3.01087640172975640010488664075702633988673092e-15,9.06537670649312544864157862636503415814560914e-30
float64_k1_diagnostic_m53_N120,float64_k1_diagnostic,53,120,0.11,0.436732110490733401755892,3.05023785048884826419446860546789082932426849e-15,9.30395094455482945694450842747570011095432407e-30
float64_k1_diagnostic_m53_N120,float64_k1_diagnostic,53,120,0.12,0.476435029626254620097336,3.17084449055260891014793793974588168974267165e-15,1.00542547832678339360403648097852536595080002e-29
float64_k1_diagnostic_m53_N120,float64_k1_diagnostic,53,120,0.13,0.516137948761775838438781,3.32565853689946494628712252162455970773686262e-15,1.10600047040522898497141382314364193614528011e-29
float64_k1_diagnostic_m53_N120,float64_k1_diagnostic,53,120,0.14,0.555840867897297056780226,3.45571635329781430977313094630243777992147552e-15,1.19419755144499441699695260254010446383562007e-29
float64_k1_diagnostic_m53_N120,float64_k1_diagnostic,53,120,0.15,0.59554378703281827512167,3.60738160804724101250659623523751104261250089e-15,1.30132020660774983833214181886183260755471399e-29
float64_k1_diagnostic_m53_N120,float64_k1_diagnostic,53,120,0.16,0.635246706168339493463115,3.84591158496139449815345390279103738988745497e-15,1.47910359193402655314087493297878527379939835e-29
float64_k1_diagnostic_m53_N120,float64_k1_diagnostic,53,120,0.17,0.67494962530386071180456,4.00062180660255643442288992193568806704857015e-15,1.60049748394639024581587191511315292641480486e-29
float64_k1_diagnostic_m53_N120,float64_k1_diagnostic,53,120,0.18,0.714652544439381930146004,4.07511509848665268588880778707054891195690519e-15,1.66065630659138810197322951613051167423696752e-29
float64_k1_diagnostic_m53_N120,float64_k1_diagnostic,53,120,0.19,0.754355463574903148487449,0.0000000000000271293322848434844591690125752124852035191688,7.36000670221450996995083811371087747625572958e-28
float64_k1_diagnostic_m53_N120,float64_k1_diagnostic,53,120,0.2,0.794058382710424366828894,0.000000000000544381051808221561080659095488986802448820632,2.96350729567825607377121880145665550020856532e-25
float64_k1_diagnostic_m53_N120,float64_k1_diagnostic,53,120,0.21,0.833761301845945585170339,0.00000000000839919336811123323595523583885966947014551901,7.05464492349237223394851648380331781636377096e-23
float64_k1_diagnostic_m53_N120,float64_k1_diagnostic,53,120,0.22,0.873464220981466803511783,0.000000000101489579325661223619190379933773902923423918,1.03001347116996820695282085298058447593019884e-20
float64_k1_diagnostic_m53_N120,float64_k1_diagnostic,53,120,0.23,0.913167140116988021853228,0.000000000982803978571045715866842219651806073755855922,9.65903660295076486673673713154163864321553937e-19
float64_k1_diagnostic_m53_N120,float64_k1_diagnostic,53,120,0.24,0.952870059252509240194673,0.00000000778367690806287080786487011753451472635167975,6.05856262091111725747341413750268777512061774e-17
float64_k1_diagnostic_m53_N120,float64_k1_diagnostic,53,120,0.25,0.992572978388030458536117,0.0000000513383742231248573794463519286406541113173733,2.63562866787361080347005543709462559522167219e-15
float64_k1_diagnostic_m53_N120,float64_k1_diagnostic,53,120,0.26,1.03227589752355167687756,0.000000286612123085177845666030060915530968955678259,0.0000000000000821465090993931353650697148739453454008714293
float64_k1_diagnostic_m53_N120,float64_k1_diagnostic,53,120,0.27,1.07197881665907289521901,0.00000137431725637506086805145594152708418034292214,0.00000000000188874792117027478216758064747230920500824639
float64_k1_diagnostic_m53_N120,float64_k1_diagnostic,53,120,0.28,1.11168173579459411356045,0.00000573507068393118987000779921411778314324547335,0.0000000000328910357496869659374437350824798176259183494
float64_k1_diagnostic_m53_N120,float64_k1_diagnostic,53,120,0.29,1.1513846549301153319019,0.0000210773690980710418710529975617276795716781037,0.000000000444255488096320085079198150003099392523557833
float64_k1_diagnostic_m53_N120,float64_k1_diagnostic,53,120,0.3,1.19108757406563655024334,0.0000689597963662289777732692853232164879311578501,0.00000000475545351487176732719003249876337435996897985
float64_k1_diagnostic_m53_N120,float64_k1_diagnostic,53,120,0.31,1.23079049320115776858479,0.000202822897260078135197079526902462631580189187,0.0000000411371276529722107216993075790841913884652735
float64_k1_diagnostic_m53_N120,float64_k1_diagnostic,53,120,0.32,1.27049341233667898692623,0.000541039581670785070308145442112303331781347792,0.000000292723828934498108211101712323304323153687076
float64_k1_diagnostic_m53_N120,float64_k1_diagnostic,53,120,0.33,1.31019633147220020526767,0.0013195703717997516961555163798880780275744238,0.00000174126596613173492644723082171460151581338801
float64_k1_diagnostic_m53_N120,float64_k1_diagnostic,53,120,0.34,1.34989925060772142360912,0.00296424718176926063923242314936966020799388023,0.00000878676135462700412418969857970859067880648129
float64_k1_diagnostic_m53_N120,float64_k1_diagnostic,53,120,0.35,1.38960216974324264195056,0.00617418052894227599510589135985484461053990788,0.0000381205052039699229868571195151512427996719522
float64_k1_diagnostic_m53_N120,float64_k1_diagnostic,53,120,0.36,1.42930508887876386029201,0.0119971338743049741060399147762273013853800074,0.000143931221197995878232621668321254219930693045
float64_k1_diagnostic_m53_N120,float64_k1_diagnostic,53,120,0.37,1.46900800801428507863345,0.0218690170321103412768945356197312808680158542,0.000478253905950732199551490630268654829711846313
float64_k1_diagnostic_m53_N120,float64_k1_diagnostic,53,120,0.38,1.5087109271498062969749,0.0375877947236056104474171837479952721839621108,0.00141284231218391376908860934053885694873194258
float64_k1_diagnostic_m53_N120,float64_k1_diagnostic,53,120,0.39,1.54841384628532751531634,0.061200364103571641238505840405835741309079193,0.00374548456640974029847502136676387379936902954
float64_k1_diagnostic_m53_N120,float64_k1_diagnostic,53,120,0.4,1.58811676542084873365779,0.0947989574736071235751062491757260797584429478,0.00898684233808277190968407467316784567121910478
float64_k1_diagnostic_m53_N120,float64_k1_diagnostic,53,120,0.41,1.62781968455636995199923,0.140246901811339321267490745141652674599669178,0.0196691934676794525926894323393877474075063942
float64_k1_diagnostic_m53_N120,float64_k1_diagnostic,53,120,0.42,1.66752260369189117034068,0.198875049343062922396953418838929917713408486,0.0395512852512057121212467859681575046727584678
float64_k1_diagnostic_m53_N120,float64_k1_diagnostic,53,120,0.43,1.70722552282741238868212,0.271202969279536711200453738321305622417273165,0.0735510505460373331222579888685401999880814492
float64_k1_diagnostic_m53_N120,float64_k1_diagnostic,53,120,0.44,1.74692844196293360702357,0.356738941492953481572304741488988525336762736,0.127262672377512887199737151810377649726713564
float64_k1_diagnostic_m53_N120,float64_k1_diagnostic,53,120,0.45,1.78663136109845482536501,0.453899968026666214283760364114372159421747931,0.20602518097460861162087103136659116827214805
float64_k1_diagnostic_m53_N120,float64_k1_diagnostic,53,120,0.46,1.82633428023397604370646,0.560071300476296752443741667903087066994880611,0.313679861617210282880747742001755429745532463
float64_k1_diagnostic_m53_N120,float64_k1_diagnostic,53,120,0.47,1.8660371993694972620479,0.671800396465430868409668055668000632567468039,0.451315772691110099633103673321203480624838675
float64_k1_diagnostic_m53_N120,float64_k1_diagnostic,53,120,0.48,1.90574011850501848038935,0.785098713589736753108256928147181281294277492,0.616379990080259501095971965890040184645922019
float64_k1_diagnostic_m53_N120,float64_k1_diagnostic,53,120,0.49,1.94544303764053969873079,0.895810312013504334863656816580251919760127492,0.802476115109731988855312147703474267528693564
float64_k1_diagnostic_m53_N120,float64_k1_diagnostic,53,120,0.5,1.98514595677606091707223,1.0,1.0
float64_k1_diagnostic_m101_N120,float64_k1_diagnostic,101,120,0.0025,0.0115378012921031486272105,3.12807536561770254865864005886304819335581399e-16,9.7848554929843234760951679636826815144711133e-32
float64_k1_diagnostic_m101_N120,float64_k1_diagnostic,101,120,0.005,0.023075602584206297254421,4.47588028859332939070195580014692200190971295e-16,2.00335043578183055926199086637205054983513773e-31
float64_k1_diagnostic_m101_N120,float64_k1_diagnostic,101,120,0.01,0.046151205168412594508842,6.00575738533280368659391697667240231105203013e-16,3.60691217714795146221440430512648079249654345e-31
float64_k1_diagnostic_m101_N120,float64_k1_diagnostic,101,120,0.02,0.092302410336825189017684,9.50439081881708556834856450387452883952093985e-16,9.0333444836814510271332444614215091328225445e-31
float64_k1_diagnostic_m101_N120,float64_k1_diagnostic,101,120,0.03,0.138453615505237783526526,1.06959985416729867522638299049732654496301e-15,1.14404384803470659322105417390055049352224977e-30
float64_k1_diagnostic_m101_N120,float64_k1_diagnostic,101,120,0.04,0.184604820673650378035368,1.21867551222402671283833455616855902439369711e-15,1.48517000409449388199005664499717246776206666e-30
float64_k1_diagnostic_m101_N120,float64_k1_diagnostic,101,120,0.05,0.23075602584206297254421,1.3784667954259319421835119764522662505963705e-15,1.90017070609183810364108013142076044694731206e-30
float64_k1_diagnostic_m101_N120,float64_k1_diagnostic,101,120,0.06,0.276907231010475567053052,1.44563975941413751759888776769073287207697935e-15,2.08987431399896540344053862578792718695037695e-30
float64_k1_diagnostic_m101_N120,float64_k1_diagnostic,101,120,0.07,0.323058436178888161561894,1.49630152206531246937448717595243247569664402e-15,2.23891824493497077866551281735000635125505514e-30
float64_k1_diagnostic_m101_N120,float64_k1_diagnostic,101,120,0.08,0.369209641347300756070736,1.69039107665070173114645352373260257681078548e-15,2.85742199202031857535884531404968269602026944e-30
float64_k1_diagnostic_m101_N120,float64_k1_diagnostic,101,120,0.09,0.415360846515713350579578,1.81243439411657663196440612492664044294295843e-15,3.28491843297672223063152900032277232717192977e-30
float64_k1_diagnostic_m101_N120,float64_k1_diagnostic,101,120,0.1,0.46151205168412594508842,1.95069835340529120723823826646645609556286647e-15,3.80522406597811439005428709270001066891890118e-30
float64_k1_diagnostic_m101_N120,float64_k1_diagnostic,101,120,0.11,0.507663256852538539597262,2.13222775993462655827630525029079139467229267e-15,4.54639522023583546558426529669034828174674058e-30
float64_k1_diagnostic_m101_N120,float64_k1_diagnostic,101,120,0.12,0.553814462020951134106104,2.23959078610732202337899967436867598757709319e-15,5.0157668892168126254004865299283367702770326e-30
float64_k1_diagnostic_m101_N120,float64_k1_diagnostic,101,120,0.13,0.599965667189363728614946,2.34440894986957469416592367108371392740403957e-15,5.49625332422856199140921923941294260617141844e-30
float64_k1_diagnostic_m101_N120,float64_k1_diagnostic,101,120,0.14,0.646116872357776323123788,2.43666518217709018469947336800719843889592118e-15,5.93733721003411209829367271263571991422114331e-30
float64_k1_diagnostic_m101_N120,float64_k1_diagnostic,101,120,0.15,0.69226807752618891763263,2.4837485049717934015849720048593909956811807e-15,6.1690066359496188317118733072668769012747905e-30
float64_k1_diagnostic_m101_N120,float64_k1_diagnostic,101,120,0.16,0.738419282694601512141472,2.55352481785578268096248305726805211680627062e-15,6.52048899540540811732535186238734166436165748e-30
float64_k1_diagnostic_m101_N120,float64_k1_diagnostic,101,120,0.17,0.784570487863014106650314,2.64021902409360309988408782783753416896887815e-15,6.97075649518577794604744329619489951105247974e-30
float64_k1_diagnostic_m101_N120,float64_k1_diagnostic,101,120,0.18,0.830721693031426701159156,2.67484913822349471776196371968023601414919079e-15,7.15481791225497235035623377841540569753602966e-30
float64_k1_diagnostic_m101_N120,float64_k1_diagnostic,101,120,0.19,0.876872898199839295667998,2.69988751025176246707692558800648224737033368e-15,7.2893925680134607807589395483448744780535812e-30
float64_k1_diagnostic_m101_N120,float64_k1_diagnostic,101,120,0.2,0.92302410336825189017684,2.71652087820155020706860313410905901529307594e-15,7.37948568170492157497478967017638228872128977e-30
float64_k1_diagnostic_m101_N120,float64_k1_diagnostic,101,120,0.21,0.969175308536664484685682,2.80674015147815776925636417960452663776031024e-15,7.87779027791963202019749636264862284050994502e-30
float64_k1_diagnostic_m101_N120,float64_k1_diagnostic,101,120,0.22,1.01532651370507707919452,2.89240358688440102223865256002630539782093934e-15,8.36599850942174877315245399299310559401419977e-30
float64_k1_diagnostic_m101_N120,float64_k1_diagnostic,101,120,0.23,1.06147771887348967370337,0.0000000000000237453743644548204971952759246439919546845432,5.63842803708108170444851739370564642770012766e-28
float64_k1_diagnostic_m101_N120,float64_k1_diagnostic,101,120,0.24,1.10762892404190226821221,0.000000000000697486525194093747019573960844311087012078682,4.86487452827331171303495880491667588006245171e-25
float64_k1_diagnostic_m101_N120,float64_k1_diagnostic,101,120,0.25,1.15378012921031486272105,0.0000000000147296568588394616442584597088782799678936305,2.16962791179156396095463850602972396792969113e-22
float64_k1_diagnostic_m101_N120,float64_k1_diagnostic,101,120,0.26,1.19993133437872745722989,0.000000000230951325711548787626138225657521961685488166,5.33385148479218961151021328697345458496585865e-20
float64_k1_diagnostic_m101_N120,float64_k1_diagnostic,101,120,0.27,1.24608253954714005173873,0.00000000276573473218314017520007947895645182885055509,7.64928860880414611078439005199295968369381829e-18
float64_k1_diagnostic_m101_N120,float64_k1_diagnostic,101,120,0.28,1.29223374471555264624758,0.0000000259608849586091698713441043116683151839731917,6.73967547834139839664058993665699207689042743e-16
float64_k1_diagnostic_m101_N120,float64_k1_diagnostic,101,120,0.29,1.33838494988396524075642,0.000000195494516368938973020697911441781814869236963,0.0000000000000382181059303253480645527581726112575325064343
float64_k1_diagnostic_m101_N120,float64_k1_diagnostic,101,120,0.3,1.38453615505237783526526,0.00000120589675981463959939508590584414299536208259,0.00000000000145418699533144658699082258567064844345031655
float64_k1_diagnostic_m101_N120,float64_k1_diagnostic,101,120,0.31,1.4306873602207904297741,0.0000062084807762146640086225834102014984071487929,0.000000000038545233548627036917710895319982966859039737
float64_k1_diagnostic_m101_N120,float64_k1_diagnostic,101,120,0.32,1.47683856538920302428294,0.0000271322847106202905434633423817214146966587371,0.000000000736160873618159583356720830256459895551766749
float64_k1_diagnostic_m101_N120,float64_k1_diagnostic,101,120,0.33,1.52298977055761561879179,0.000102191594912059550910118068373548793971731365,0.0000000104431220706704754927108566769541299891088265
float64_k1_diagnostic_m101_N120,float64_k1_diagnostic,101,120,0.34,1.56914097572602821330063,0.000336300331347383958598947297442177432270525418,0.000000113097912864360241642508159454594577663087169
float64_k1_diagnostic_m101_N120,float64_k1_diagnostic,101,120,0.35,1.61529218089444080780947,0.000979039021507571105839528710852064366732011626,0.000000958517405634502278355667571831156403466211323
float64_k1_diagnostic_m101_N120,float64_k1_diagnostic,101,120,0.36,1.66144338606285340231831,0.00254971964294009382853534387883079559467218549,0.00000650107025759455956476286916460893558142489846
float64_k1_diagnostic_m101_N120,float64_k1_diagnostic,101,120,0.37,1.70759459123126599682715,0.00600065510872030264062944429033401123417676952,0.0000360078617338110671041167623260861894455016621
float64_k1_diagnostic_m101_N120,float64_k1_diagnostic,101,120,0.38,1.753745796399678591336,0.0128793764590197399247132002742597020114997808,0.000165878337973151854524307637542333182293460434
float64_k1_diagnostic_m101_N120,float64_k1_diagnostic,101,120,0.39,1.79989700156809118584484,0.025420319140733711727918740876956358771589463,0.000646192625216752712161448815058073728093123403
float64_k1_diagnostic_m101_N120,float64_k1_diagnostic,101,120,0.4,1.84604820673650378035368,0.0464856095526388321990831427046850306844197339,0.00216091189548038664905605711488875655914488656
float64_k1_diagnostic_m101_N120,float64_k1_diagnostic,101,120,0.41,1.89219941190491637486252,0.0792982622676381661103459552580062785828950974,0.00628821439866712690646565690028845314714075258
float64_k1_diagnostic_m101_N120,float64_k1_diagnostic,101,120,0.42,1.93835061707332896937136,0.126969010510326256434180928510199596317075863,0.0161211296299713393733410533137670268284982511
float64_k1_diagnostic_m101_N120,float64_k1_diagnostic,101,120,0.43,1.98450182224174156388021,0.191890974837052671566832211789127876326872868,0.0368221462239143815731802534067511366929834655
float64_k1_diagnostic_m101_N120,float64_k1_diagnostic,101,120,0.44,2.03065302741015415838905,0.275134854969576185762232387773408867698221715,0.0756991884191297215632153534454554346154741369
float64_k1_diagnostic_m101_N120,float64_k1_diagnostic,101,120,0.45,2.07680423257856675289789,0.375996306618242344115633941454710291650745957,0.141373222590559311582741993727976605956935173
float64_k1_diagnostic_m101_N120,float64_k1_diagnostic,101,120,0.46,2.12295543774697934740673,0.491818438904406443252223763023912298649904461,0.24188537684636737329283967690994324851865076
float64_k1_diagnostic_m101_N120,float64_k1_diagnostic,101,120,0.47,2.16910664291539194191557,0.61814730485126843005569701754379720977021549,0.382106090494886986763141302480569019647845901
float64_k1_diagnostic_m101_N120,float64_k1_diagnostic,101,120,0.48,2.21525784808380453642442,0.749200758432275222233926221875069432427185228,0.561301776435496412511413825247146703194209173
float64_k1_diagnostic_m101_N120,float64_k1_diagnostic,101,120,0.49,2.26140905325221713093326,0.878565654889599090513735258448082301185353402,0.771877609951590130301396568485461841070051545
float64_k1_diagnostic_m101_N120,float64_k1_diagnostic,101,120,0.5,2.3075602584206297254421,1.0,1.0
ground_xi1_m13_N120,finite_ground_xi1,13,120,0.0025,0.00641237339365384184013372,8.05116148237457607561556808643095705946146523e-28,6.48212012152719812682898696704662964398643264e-55
ground_xi1_m13_N120,finite_ground_xi1,13,120,0.005,0.0128247467873076836802674,3.0565598674054346834926647934563927106459103e-26,9.34255822303352845367143047570410562586649084e-52
ground_xi1_m13_N120,finite_ground_xi1,13,120,0.01,0.0256494935746153673605349,4.76290768073567410630303650724979852676700999e-24,2.26852895752108781023169543660856536223871021e-47
ground_xi1_m13_N120,finite_ground_xi1,13,120,0.02,0.0512989871492307347210697,4.74221005858707226089109704806501821138795232e-21,2.24885562397644033250857747674838619165620069e-41
ground_xi1_m13_N120,finite_ground_xi1,13,120,0.03,0.0769484807238461020816046,7.53238078451703273981069090622003471526095266e-19,5.67367602829614296043651628135868207311969159e-37
ground_xi1_m13_N120,finite_ground_xi1,13,120,0.04,0.102597974298461469442139,4.51047948801408894035282076614448668512425254e-17,2.03444252117958378969383055955105694164185215e-33
ground_xi1_m13_N120,finite_ground_xi1,13,120,0.05,0.128247467873076836802674,1.42743535125971254471055896745422335555883384e-15,2.03757168202593893590349047210846787465303672e-30
ground_xi1_m13_N120,finite_ground_xi1,13,120,0.06,0.153896961447692204163209,0.00000000000002846247064411766560355057764299044854153264,8.10112235167259882309747561859975629681555475e-28
ground_xi1_m13_N120,finite_ground_xi1,13,120,0.07,0.179546455022307571523744,0.0000000000003975669294089398746610551316306343512215159,1.58059463359652981396513030251963603583254889e-25
ground_xi1_m13_N120,finite_ground_xi1,13,120,0.08,0.205195948596922938884279,0.00000000000417286869865852524516633512297674964647556369,1.74128331762440939692284067746167001433692973e-23
ground_xi1_m13_N120,finite_ground_xi1,13,120,0.09,0.230845442171538306244814,0.000000000034581313777450076970657658716655830615628671,1.19586726257445851162143080553722520425664191e-21
ground_xi1_m13_N120,finite_ground_xi1,13,120,0.1,0.256494935746153673605349,0.000000000234708327075844411664869976969275246271780884,5.50879987987415589540742087147645119416139357e-20
ground_xi1_m13_N120,finite_ground_xi1,13,120,0.11,0.282144429320769040965884,0.00000000134179193562559915273643392226671539735147311,1.80040559850989202076053473502033525730357102e-18
ground_xi1_m13_N120,finite_ground_xi1,13,120,0.12,0.307793922895384408326418,0.00000000660582490807893175813865597262208317456063009,4.36369227161960272118953609056227054940923917e-17
ground_xi1_m13_N120,finite_ground_xi1,13,120,0.13,0.333443416469999775686953,0.0000000285112009908222690093732414765116424302443149,8.12888581939064734088853489653031254686572592e-16
ground_xi1_m13_N120,finite_ground_xi1,13,120,0.14,0.359092910044615143047488,0.000000109480018699411860449971603947608505415428292,0.0000000000000119858744944235706321297091374366535905032328
ground_xi1_m13_N120,finite_ground_xi1,13,120,0.15,0.384742403619230510408023,0.000000378634656504667231547593929315406867451752921,0.000000000000143364203106407343477680164705967574855155458
ground_xi1_m13_N120,finite_ground_xi1,13,120,0.16,0.410391897193845877768558,0.00000119176496086325401293321665833430477174419166,0.0000000000014203037219413933691315963578275349794665884
ground_xi1_m13_N120,finite_ground_xi1,13,120,0.17,0.436041390768461245129093,0.00000344442407180470794986161777132201766819900387,0.0000000000118640571864277239069043896256563502381712492
ground_xi1_m13_N120,finite_ground_xi1,13,120,0.18,0.461690884343076612489628,0.00000921186393494617077880213808897443753142284983,0.0000000000848584371559619493021994543104816528113604631
ground_xi1_m13_N120,finite_ground_xi1,13,120,0.19,0.487340377917691979850163,0.0000229512298953866376875976858291659440443994078,0.000000000526758953710889331933400844171813441437873815
ground_xi1_m13_N120,finite_ground_xi1,13,120,0.2,0.512989871492307347210697,0.0000535872807700602147644043104387181406814666587,0.00000000287159666032926528387326999637351403379168972
ground_xi1_m13_N120,finite_ground_xi1,13,120,0.21,0.538639365066922714571232,0.000117866206734681505894705997775652285994112428,0.0000000138924426900226799761081779902340720078905105
ground_xi1_m13_N120,finite_ground_xi1,13,120,0.22,0.564288858641538081931767,0.000245365675825244381464901361880766569916427683,0.0000000602043148731789150772143120719747523287916277
ground_xi1_m13_N120,finite_ground_xi1,13,120,0.23,0.589938352216153449292302,0.00048545356791006061126312066873458276839818731,0.00000023566516659660782967597492454986199653114828
ground_xi1_m13_N120,finite_ground_xi1,13,120,0.24,0.615587845790768816652837,0.000916264302650965838703435136571510736340256848,0.000000839540272312460724074651683984806646645279808
ground_xi1_m13_N120,finite_ground_xi1,13,120,0.25,0.641237339365384184013372,0.00165540676761407657596641981269235297845067474,0.00000274037156626248532799909188653822938247419483
ground_xi1_m13_N120,finite_ground_xi1,13,120,0.26,0.666886832939999551373907,0.00287166368642607083596599007147270875711029908,0.00000824645232793817089079592919583020217433699058
ground_xi1_m13_N120,finite_ground_xi1,13,120,0.27,0.692536326514614918734442,0.00479645799338199113468168813063353203301587223,0.0000230060092822779969115441623167962693477358253
ground_xi1_m13_N120,finite_ground_xi1,13,120,0.28,0.718185820089230286094976,0.00773344391719790766451512553694822961934187186,0.0000598061548204453185375835161200811216668709429
ground_xi1_m13_N120,finite_ground_xi1,13,120,0.29,0.743835313663845653455511,0.012064333235956555566447879248026178788440964,0.000145548136428205975448757799566160496946271979
ground_xi1_m13_N120,finite_ground_xi1,13,120,0.3,0.769484807238461020816046,0.0182490776825748542151047423467499067126381595,0.000333028836264651611578873619073491745034421369
ground_xi1_m13_N120,finite_ground_xi1,13,120,0.31,0.795134300813076388176581,0.026818843743032733775946086216815377813170454,0.000719250379713206014093433987982442961874453655
ground_xi1_m13_N120,finite_ground_xi1,13,120,0.32,0.820783794387691755537116,0.0383608281185034493298478402652846977715500976,0.00147155313393736488834108403624793586656705421
ground_xi1_m13_N120,finite_ground_xi1,13,120,0.33,0.846433287962307122897651,0.0534948055737709096347947931138650655751847145,0.00286169422337555118038499408842296130829646601
ground_xi1_m13_N120,finite_ground_xi1,13,120,0.34,0.872082781536922490258186,0.0728422637155778548599541613580533042502459948,0.00530599538320979011342088474514913529788305091
ground_xi1_m13_N120,finite_ground_xi1,13,120,0.35,0.897732275111537857618721,0.0969899235095085597502580415739620404093017078,0.00940704526238032121563582582356102305235223345
ground_xi1_m13_N120,finite_ground_xi1,13,120,0.36,0.923381768686153224979255,0.126450231996051410018104985648444516407907356,0.015989661171855223761448590634050080747579991
ground_xi1_m13_N120,finite_ground_xi1,13,120,0.37,0.94903126226076859233979,0.161621931165595522529429995832579223851162815,0.0261216486336964972597428375933617710636160643
ground_xi1_m13_N120,finite_ground_xi1,13,120,0.38,0.974680755835383959700325,0.20275398371494890276787608053792316023410918,0.0411091779122817648664851331279753324657628382
ground_xi1_m13_N120,finite_ground_xi1,13,120,0.39,1.00033024940999932706086,0.249915953957885407055876428625011272915802634,0.0624579840426798986558690168707144239664647305
ground_xi1_m13_N120,finite_ground_xi1,13,120,0.4,1.02597974298461469442139,0.302977433337344396494330602293713683157031293,0.0917953251116849676873742117187107006743262126
ground_xi1_m13_N120,finite_ground_xi1,13,120,0.41,1.05162923655923006178193,0.361598339688041760203679729873246378426777975,0.130753359265148436777975247804447061631888161
ground_xi1_m13_N120,finite_ground_xi1,13,120,0.42,1.07727873013384542914246,0.425231009712543666022638617764278479889439001,0.18082141162114940562644974853752048771112064
ground_xi1_m13_N120,finite_ground_xi1,13,120,0.43,1.102928223708460796503,0.493134057085304601405118512141908363377112958,0.243181198257412457350624859937572209144851173
ground_xi1_m13_N120,finite_ground_xi1,13,120,0.44,1.12857771728307616386353,0.564397089424521169965181534431888889964672817,0.318544074550870946274663602528429265055059141
ground_xi1_m13_N120,finite_ground_xi1,13,120,0.45,1.15422721085769153122407,0.637974650488158439440785765454512698996741201,0.407011654665487919331861650878912963715684818
ground_xi1_m13_N120,finite_ground_xi1,13,120,0.46,1.1798767044323068985846,0.712727233078034055601854158408598096814486377,0.50798010877107028206384464181788087626400892
ground_xi1_m13_N120,finite_ground_xi1,13,120,0.47,1.20552619800692226594514,0.787466911567084191706281381067080527678444287,0.620104136813001994761338917374582066538798592
ground_xi1_m13_N120,finite_ground_xi1,13,120,0.48,1.23117569158153763330567,0.86100505464895310659936834476117969297007523,0.74132970413104672560325393065895141159974128
ground_xi1_m13_N120,finite_ground_xi1,13,120,0.49,1.25682518515615300066621,0.93219965552263694390772558845855411888961274,0.868996197756522982875221665928679365949127315
ground_xi1_m13_N120,finite_ground_xi1,13,120,0.5,1.28247467873076836802674,1.0,1.0
