m,N,M_real,M_imag,abs_M,gTrial_norm,PgTrial_norm,abs_M_over_PgTrial_norm,projection_contraction_ratio,model_degree,last_ten_legendre_mass
13,120,-0.4058907865437782,0.0,0.4058907865437782,0.46934751478189735,0.46934751478189735,0.8647979881866275,1.0,180,2.365594553632021e-49
14,120,-0.40631362861915826,0.0,0.40631362861915826,0.4692577993835694,0.4692577993835694,0.8658644121693951,1.0,180,1.4231101863266195e-49
15,120,-0.40667854670393183,0.0,0.40667854670393183,0.4691814517267042,0.46918145172670417,0.8667830861754101,0.9999999999999999,180,1.576390985474163e-48
16,120,-0.40699668527009353,0.0,0.40699668527009353,0.4691157005645623,0.4691157005645622,0.867582740846851,0.9999999999999998,192,1.6004208235931012e-48
17,120,-0.40727650112094127,0.0,0.40727650112094127,0.4690584892866638,0.46905848928666377,0.8682851081968914,0.9999999999999999,204,1.1055828906760334e-48
18,120,-0.4075245278238739,0.0,0.4075245278238739,0.4690082599531504,0.46900825995315026,0.8689069311158442,0.9999999999999998,216,1.396674701937733e-48
19,120,-0.40774589297280794,0.0,0.40774589297280794,0.46896381106282675,0.46896381106282653,0.8694613173854959,0.9999999999999996,228,4.4451875404803225e-49
20,120,-0.4079446775476336,0.0,0.4079446775476336,0.4689242013039681,0.4689242013039677,0.8699586765051485,0.9999999999999992,240,5.865608767851621e-49
21,120,-0.40812416983902783,0.0,0.40812416983902783,0.4688886828520564,0.46888868285205626,0.8704073797571249,0.9999999999999997,252,1.2164085219078459e-49
22,120,-0.408287048985925,0.0,0.408287048985925,0.46885665415961564,0.4688566541596153,0.8708142357875756,0.9999999999999993,264,1.2408277267190257e-49
23,120,-0.4084355199920969,0.0,0.4084355199920969,0.4688276259086948,0.4688276259086946,0.8711848394182317,0.9999999999999996,276,1.8806169750323304e-48
24,120,-0.4085714139614065,0.0,0.4085714139614065,0.4688011960390893,0.46880119603908893,0.8715238301724375,0.9999999999999992,288,4.4386338213994735e-49
25,120,-0.40869626439569573,0.0,0.40869626439569573,0.4687770311527378,0.4687770311527373,0.8718350884016202,0.9999999999999989,300,2.008714955746888e-49
26,120,-0.40881136509475396,0.0,0.40881136509475396,0.4687548524742039,0.4687548524742035,0.8721218840443932,0.9999999999999992,312,9.736503984189391e-49
27,120,-0.4089178154223029,0.0,0.4089178154223029,0.4687344251171807,0.4687344251171803,0.8723869925279679,0.999999999999999,324,1.944653730521637e-49
28,120,-0.40901655554169614,0.0,0.40901655554169614,0.46871554978382657,0.4687155497838262,0.8726327849168574,0.9999999999999992,336,1.1117507521500027e-49
29,120,-0.40910839372861557,0.0,0.40910839372861557,0.4686980562775582,0.4686980562775577,0.8728612979063566,0.9999999999999989,348,3.84254042788541e-52
30,120,-0.4091940293775287,0.0,0.4091940293775287,0.4686817983836637,0.46868179838366303,0.873074292171599,0.9999999999999986,360,9.528621618294535e-49
31,120,-0.40927407040247216,0.0,0.40927407040247216,0.4686666497929544,0.4686666497929538,0.8732732968801601,0.9999999999999987,372,7.452858490161809e-48
32,120,-0.4093490478336893,0.0,0.4093490478336893,0.46865250082883547,0.4686525008288349,0.8734596467739646,0.9999999999999988,384,1.3570370577952245e-48
33,120,-0.40941942736429837,0.0,0.40941942736429837,0.46863925579907556,0.46863925579907506,0.8736345116164006,0.9999999999999989,396,2.2429211048236288e-49
34,120,-0.40948561937822886,0.0,0.40948561937822886,0.4686268308375422,0.4686268308375414,0.8737989215137043,0.9999999999999983,408,4.151263255295465e-49
35,120,-0.40954798692221056,0.0,0.40954798692221056,0.4686151521333872,0.4686151521333863,0.8739537871486432,0.999999999999998,420,1.2840729787713025e-48
36,120,-0.4096068521867485,0.0,0.4096068521867485,0.4686041544689476,0.4686041544689469,0.8740999162735593,0.9999999999999984,432,1.4951147092240928e-48
37,120,-0.4096625021673098,0.0,0.4096625021673098,0.4685937800053813,0.46859378000538054,0.8742380280049938,0.9999999999999983,444,1.0152461069202768e-49
38,120,-0.4097151933207997,0.0,0.4097151933207997,0.46858397726844897,0.46858397726844814,0.874368764611166,0.9999999999999982,456,8.513089942367703e-53
39,120,-0.40976515545135983,0.0,0.40976515545135983,0.4685747002970057,0.4685747002970047,0.8744927013593167,0.9999999999999979,468,1.0457274067794306e-49
40,120,-0.40981259531070346,0.0,0.40981259531070346,0.46856590792456243,0.4685659079245615,0.8746103555119993,0.999999999999998,480,1.0212094646850146e-48
41,120,-0.4098576992276326,0.0,0.4098576992276326,0.4685575631702858,0.46855756317028474,0.8747221930524698,0.9999999999999978,492,6.3346954223828344e-49
42,120,-0.40990063555050654,0.0,0.40990063555050654,0.4685496327204755,0.46854963272047434,0.8748286348461265,0.9999999999999976,504,2.130062414218148e-48
43,120,-0.4099415569326444,0.0,0.4099415569326444,0.46854208648523143,0.46854208648523016,0.8749300623297732,0.9999999999999972,516,4.654762508616242e-49
44,120,-0.40998060188679847,0.0,0.40998060188679847,0.46853489721788816,0.468534897217887,0.8750268215264689,0.9999999999999976,528,6.992902390356101e-50
45,120,-0.41001789653842474,0.0,0.41001789653842474,0.4685280401870952,0.46852804018709393,0.8751192273886004,0.9999999999999972,540,1.5487911513399054e-48
46,120,-0.41005355622703704,0.0,0.41005355622703704,0.468521492893248,0.46852149289324674,0.8752075677357843,0.9999999999999972,552,4.208115403289936e-50
47,120,-0.41008768602959733,0.0,0.41008768602959733,0.4685152348224158,0.46851523482241436,0.8752921048235212,0.9999999999999969,564,4.543833038355265e-49
48,120,-0.41012038236204396,0.0,0.41012038236204396,0.46850924723211845,0.46850924723211695,0.8753730791547323,0.9999999999999968,576,2.921613217312093e-49
49,120,-0.410151733633383,0.0,0.410151733633383,0.4685035129642405,0.4685035129642389,0.8754507112195123,0.9999999999999967,588,5.231956048703684e-49
50,120,-0.4101818212344689,0.0,0.4101818212344689,0.4684980162811613,0.4684980162811597,0.8755252039067472,0.9999999999999967,600,2.0726665971915006e-49
51,120,-0.4102107201326502,0.0,0.4102107201326502,0.4684927427218004,0.4684927427217985,0.8755967440380235,0.999999999999996,612,2.9791086783642536e-49
52,120,-0.4102384993441372,0.0,0.4102384993441372,0.4684876789748185,0.46848767897481663,0.8756655036090915,0.999999999999996,624,9.941282500068458e-50
53,120,-0.41026522266031346,0.0,0.41026522266031346,0.4684828127666353,0.4684828127666334,0.8757316415462182,0.999999999999996,636,3.6942949494837104e-51
54,120,-0.4102909492408964,0.0,0.4102909492408964,0.4684781327622769,0.46847813276227496,0.875795305154819,0.9999999999999959,648,1.503285848157098e-49
55,120,-0.41031573378051894,0.0,0.41031573378051894,0.4684736284773772,0.4684736284773751,0.8758566306370756,0.9999999999999954,660,4.5331169320213985e-48
56,120,-0.4103396271147724,0.0,0.4103396271147724,0.4684692901998955,0.46846929019989336,0.8759157445297698,0.9999999999999953,672,9.84804158809573e-49
57,120,-0.41036267644337315,0.0,0.41036267644337315,0.4684651089203149,0.4684651089203127,0.8759727643092777,0.9999999999999952,684,1.318729004532218e-48
58,120,-0.4103849257545817,0.0,0.4103849257545817,0.46846107626927935,0.46846107626927685,0.876027799412491,0.9999999999999947,696,9.340086076534667e-49
59,120,-0.4104064159963246,0.0,0.4104064159963246,0.4684571844617527,0.46845718446175033,0.8760809517050633,0.9999999999999949,708,2.5810761091006953e-50
60,120,-0.41042718535946077,0.0,0.41042718535946077,0.46845342624692066,0.4684534262469183,0.8761323161784874,0.999999999999995,720,8.732309239639615e-50
61,120,-0.4104472694670028,0.0,0.4104472694670028,0.46844979486315796,0.4684497948631553,0.8761819814371007,0.9999999999999943,732,2.680506596472812e-50
62,120,-0.41046670176118183,0.0,0.41046670176118183,0.46844628399747423,0.4684462839974714,0.8762300305991914,0.999999999999994,744,3.645226483732195e-49
63,120,-0.4104855134471625,0.0,0.4104855134471625,0.46844288774892795,0.4684428877489251,0.8762765412443908,0.999999999999994,756,1.287624791888345e-48
64,120,-0.41050373371585747,0.0,0.41050373371585747,0.4684396005955562,0.46843960059555334,0.8763215859503791,0.9999999999999938,768,3.2017271104187515e-49
65,120,-0.41052139013793915,0.0,0.41052139013793915,0.46843641736444525,0.4684364173644422,0.8763652331892776,0.9999999999999934,780,2.8294059444147863e-49
66,120,-0.4105385084574552,0.0,0.4105385084574552,0.4684333332045877,0.46843333320458463,0.8764075469372196,0.9999999999999934,792,3.832374747718885e-49
67,120,-0.4105551128568442,0.0,0.4105551128568442,0.4684303435622323,0.4684303435622291,0.8764485872856432,0.9999999999999932,804,2.0254291402728716e-48
68,120,-0.41057122620337316,0.0,0.41057122620337316,0.4684274441584656,0.4684274441584624,0.8764884110088194,0.9999999999999931,816,3.54888432238356e-49
69,120,-0.41058686989948107,0.0,0.41058686989948107,0.46842463096879106,0.46842463096878767,0.8765270712821237,0.9999999999999928,828,2.7059814971885713e-49
70,120,-0.41060206425422036,0.0,0.41060206425422036,0.4684219002044991,0.4684219002044954,0.8765646185094397,0.9999999999999922,840,2.086591886558637e-49
71,120,-0.41061682830301377,0.0,0.41061682830301377,0.46841924829565657,0.46841924829565285,0.8766010999698376,0.999999999999992,852,1.9583577987137655e-49
72,120,-0.4106311801169672,0.0,0.4106311801169672,0.46841667187553737,0.46841667187553354,0.8766365605067086,0.9999999999999918,864,5.599977845486895e-49
73,120,-0.4106451366856558,0.0,0.4106451366856558,0.46841416776637046,0.4684141677663666,0.8766710423039028,0.9999999999999917,876,5.122843578430588e-49
74,120,-0.4106587141434444,0.0,0.4106587141434444,0.46841173296627153,0.46841173296626754,0.8767045853930773,0.9999999999999915,888,2.404798277668623e-49
75,120,-0.4106719276747663,0.0,0.4106719276747663,0.4684093646372371,0.4684093646372329,0.8767372274737029,0.999999999999991,900,1.9283566718040816e-50
76,120,-0.4106847917749615,0.0,0.4106847917749615,0.4684070600941148,0.4684070600941105,0.8767690044903429,0.9999999999999908,912,1.8308683999015127e-50
77,120,-0.4106973201445031,0.0,0.4106973201445031,0.46840481679445,0.4684048167944456,0.8767999504256447,0.9999999999999907,924,8.363591660335819e-49
78,120,-0.4107095257048167,0.0,0.4107095257048167,0.4684026323291291,0.46840263232912455,0.8768300973514394,0.9999999999999902,936,8.370631971292348e-48
79,120,-0.41072142080780494,0.0,0.41072142080780494,0.4684005044137531,0.4684005044137485,0.8768594758920363,0.9999999999999901,948,5.428067367299768e-48
80,120,-0.41073301712371946,0.0,0.41073301712371946,0.4683984308806702,0.46839843088066535,0.8768881149996051,0.9999999999999897,960,8.64626430677771e-48
81,120,-0.41074432578947156,0.0,0.41074432578947156,0.4683964096716096,0.46839640967160456,0.8769160422844547,0.9999999999999892,972,1.2889924491013042e-48
82,120,-0.4107553573815032,0.0,0.4107553573815032,0.4683944388308715,0.4683944388308665,0.8769432839697392,0.9999999999999893,984,2.2546877634439463e-48
83,120,-0.410766121961504,0.0,0.410766121961504,0.46839251649901026,0.4683925164990049,0.8769698650007717,0.9999999999999885,996,1.7076615109104966e-48
84,120,-0.4107766290794063,0.0,0.4107766290794063,0.4683906409069885,0.46839064090698307,0.8769958090622519,0.9999999999999883,1008,4.441063981716474e-49
85,120,-0.4107868879061835,0.0,0.4107868879061835,0.46838881037074753,0.4683888103707419,0.8770211388718595,0.999999999999988,1020,1.9052159784459507e-48
86,120,-0.41079690713829486,0.0,0.41079690713829486,0.4683870232861607,0.4683870232861549,0.8770458759856032,0.9999999999999876,1032,8.852300959743716e-49
87,120,-0.4108066950444942,0.0,0.4108066950444942,0.46838527812435204,0.4683852781243462,0.8770700409064391,0.9999999999999876,1044,1.502721195222801e-48
88,120,-0.41081625955395873,0.0,0.41081625955395873,0.4683835734273304,0.46838357342732434,0.8770936532805246,0.9999999999999871,1056,1.1815154326193249e-48
89,120,-0.4108256082289111,0.0,0.4108256082289111,0.4683819078039257,0.4683819078039194,0.877116731846305,0.9999999999999866,1068,1.2437428290307017e-48
90,120,-0.4108347483426788,0.0,0.4108347483426788,0.46838027992600906,0.4683802799260028,0.8771392946081861,0.9999999999999866,1080,9.242173277176122e-51
91,120,-0.41084368673263405,0.0,0.41084368673263405,0.4683786885249587,0.46837868852495196,0.8771613585291193,0.9999999999999857,1092,1.4065541124847093e-48
92,120,-0.4108524300039762,0.0,0.4108524300039762,0.46837713238836126,0.4683771323883547,0.8771829399717962,0.999999999999986,1104,6.601371960337407e-49
93,120,-0.4108609845453832,0.0,0.4108609845453832,0.46837561035693775,0.46837561035693076,0.8772040547377822,0.999999999999985,1116,1.8470887050340646e-49
94,120,-0.41086935635599336,0.0,0.41086935635599336,0.46837412132165596,0.46837412132164885,0.8772247177034682,0.9999999999999848,1128,1.729044626916539e-48
95,120,-0.41087755120800074,0.0,0.41087755120800074,0.4683726642210471,0.46837266422103996,0.8772449431722056,0.9999999999999847,1140,4.821746096820111e-50
96,120,-0.41088557469194387,0.0,0.41088557469194387,0.4683712380386741,0.46837123803866676,0.8772647449757,0.9999999999999843,1152,1.5062663685455227e-48
97,120,-0.41089343215134816,0.0,0.41089343215134816,0.46836984180077007,0.4683698418007626,0.877284136338855,0.999999999999984,1164,9.629040199504376e-48
98,120,-0.41090112859126854,0.0,0.41090112859126854,0.46836847457402664,0.4683684745740188,0.8773031296886136,0.9999999999999832,1176,2.0248379042792893e-48
99,120,-0.41090866901635303,0.0,0.41090866901635303,0.4683671354635085,0.4683671354635005,0.8773217373796177,0.9999999999999829,1188,9.100504827495059e-49
100,120,-0.4109160580735088,0.0,0.4109160580735088,0.4683658236107042,0.4683658236106961,0.8773399709349003,0.9999999999999827,1200,4.1745775052812324e-48
101,120,-0.4109233002505373,0.0,0.4109233002505373,0.4683645381916908,0.46836453819168256,0.8773578414733934,0.9999999999999823,1212,8.044437906636987e-49
102,120,-0.4109303999235033,0.0,0.4109303999235033,0.4683632784154084,0.4683632784153999,0.8773753598142715,0.9999999999999818,1224,1.4150910458054646e-48
103,120,-0.4109373612728141,0.0,0.4109373612728141,0.46836204352203914,0.46836204352203065,0.8773925363007871,0.9999999999999819,1236,3.797855355772382e-49
104,120,-0.410944188301186,0.0,0.410944188301186,0.4683608327814788,0.46836083278146995,0.8774093808414726,0.9999999999999811,1248,4.953054514848513e-48
105,120,-0.41095088482623915,0.0,0.41095088482623915,0.46835964549189746,0.4683596454918883,0.8774259028970005,0.9999999999999805,1260,8.206480725363094e-50
106,120,-0.4109574545314271,0.0,0.4109574545314271,0.46835848097838734,0.46835848097837807,0.8774421115914396,0.9999999999999802,1272,3.394029048230298e-48
107,120,-0.41096390105261793,0.0,0.41096390105261793,0.46835733859168066,0.46835733859167117,0.8774580158994997,0.9999999999999797,1284,1.0252286349237666e-48
108,120,-0.410970227804885,0.0,0.410970227804885,0.46835621770694374,0.4683562177069343,0.8774736242789509,0.9999999999999799,1296,4.325214727465353e-49
109,120,-0.41097643807764433,0.0,0.41097643807764433,0.4683551177226402,0.46835511772263033,0.877488944875869,0.9999999999999789,1308,1.5549573312247377e-49
110,120,-0.4109825350632528,0.0,0.4109825350632528,0.4683540380594547,0.4683540380594446,0.8775039855876932,0.9999999999999785,1320,9.572432662488513e-49
111,120,-0.4109885217974264,0.0,0.4109885217974264,0.46835297815927474,0.46835297815926447,0.8775187539379089,0.999999999999978,1332,3.485711748513525e-49
112,120,-0.4109944013442167,0.0,0.4109944013442167,0.4683519374842293,0.4683519374842188,0.877533257472785,0.9999999999999776,1344,1.8431567627453e-49
113,120,-0.4110001764664429,0.0,0.4110001764664429,0.4683509155157857,0.4683509155157752,0.8775475030593795,0.9999999999999775,1356,1.0474412633422894e-47
114,120,-0.41100584996047324,0.0,0.41100584996047324,0.4683499117538802,0.4683499117538693,0.877561497601964,0.9999999999999768,1368,8.780778169799208e-49
115,120,-0.41101142446859945,0.0,0.41101142446859945,0.4683489257161042,0.46834892571609305,0.8775752476429276,0.9999999999999761,1380,2.8188260374014797e-49
116,120,-0.4110169025861198,0.0,0.4110169025861198,0.4683479569369387,0.4683479569369273,0.8775887595928419,0.9999999999999757,1392,6.832363031514748e-49
117,120,-0.4110222867755949,0.0,0.4110222867755949,0.4683470049670162,0.4683470049670046,0.8776020395487566,0.9999999999999752,1404,4.17657322230452e-48
118,120,-0.4110275794307661,0.0,0.4110275794307661,0.4683460693724248,0.4683460693724129,0.8776150934319701,0.9999999999999747,1416,9.890058352587937e-49
119,120,-0.41103278283238776,0.0,0.41103278283238776,0.4683451497340562,0.46834514973404406,0.8776279268949366,0.999999999999974,1428,3.549599218903946e-49
120,120,-0.41103789929897705,0.0,0.41103789929897705,0.4683442456469724,0.4683442456469602,0.8776405456443231,0.9999999999999739,1440,1.671735221296867e-48
121,120,-0.41104293095767896,0.0,0.41104293095767896,0.4683433567198186,0.46834335671980615,0.8776529549528593,0.9999999999999735,1452,1.0738554943883769e-48
122,120,-0.4110478798405383,0.0,0.4110478798405383,0.4683424825742532,0.46834248257424055,0.8776651598659534,0.999999999999973,1464,8.53278945392773e-48
123,120,-0.4110527480397804,0.0,0.4110527480397804,0.46834162284441516,0.4683416228444023,0.8776771655342387,0.9999999999999725,1476,1.3720980727430877e-48
124,120,-0.4110575374898278,0.0,0.4110575374898278,0.4683407771764128,0.4683407771763996,0.8776889767490902,0.9999999999999718,1488,8.758569931228887e-49
125,120,-0.4110622500940822,0.0,0.4110622500940822,0.46833994522783723,0.4683399452278239,0.8777005982142331,0.9999999999999716,1500,2.7358156601302017e-49
126,120,-0.4110668877463525,0.0,0.4110668877463525,0.4683391266673033,0.46833912666728966,0.877712034592353,0.9999999999999708,1512,2.065447495577193e-48
127,120,-0.411071452122894,0.0,0.411071452122894,0.46833832117400553,0.46833832117399155,0.8777232900618814,0.9999999999999701,1524,1.0886929640898076e-47
128,120,-0.41107594498393574,0.0,0.41107594498393574,0.46833752843730403,0.4683375284372899,0.8777343689615908,0.9999999999999698,1536,5.793420660749226e-49
129,120,-0.411080368002708,0.0,0.411080368002708,0.46833674815632237,0.468336748156308,0.8777452754262823,0.9999999999999692,1548,3.8874189770994487e-47
130,120,-0.41108472279214336,0.0,0.41108472279214336,0.4683359800395689,0.46833598003955423,0.8777560134445028,0.9999999999999687,1560,3.2629341810683547e-49
131,120,-0.41108901087581406,0.0,0.41108901087581406,0.46833522380457104,0.46833522380455617,0.8777665867971701,0.9999999999999682,1572,5.464900770344242e-49
132,120,-0.411093233875673,0.0,0.411093233875673,0.46833447917753246,0.46833447917751725,0.8777769994590819,0.9999999999999675,1584,7.197908719794164e-49
133,120,-0.4110973932180513,0.0,0.4110973932180513,0.4683337458930022,0.4683337458929867,0.87778725497177,0.9999999999999669,1596,5.603567633866863e-49
134,120,-0.41110149031515064,0.0,0.41110149031515064,0.4683330236935556,0.4683330236935399,0.8777973568316219,0.9999999999999665,1608,3.1169555780004267e-48
135,120,-0.4111055265624362,0.0,0.4111055265624362,0.46833231232950173,0.46833231232948574,0.877807308484859,0.9999999999999659,1620,5.438828156925887e-49
136,120,-0.4111095032519103,0.0,0.4111095032519103,0.4683316115585847,0.46833161155856856,0.877817113142912,0.9999999999999655,1632,2.088108711629836e-49
137,120,-0.41111342174946763,0.0,0.41111342174946763,0.46833092114571734,0.4683309211457008,0.8778267741616138,0.9999999999999647,1644,3.1780061368215962e-49
138,120,-0.4111172833811076,0.0,0.4111172833811076,0.4683302408627137,0.4683302408626969,0.877836294798732,0.9999999999999643,1656,1.882082581129262e-48
139,120,-0.4111210893105913,0.0,0.4111210893105913,0.468329570488043,0.468329570488026,0.8778456779531982,0.9999999999999636,1668,7.725785495921457e-50
140,120,-0.4111248406858802,0.0,0.4111248406858802,0.46832890980657904,0.4683289098065618,0.8778549264782541,0.9999999999999631,1680,2.4957049023544322e-49
141,120,-0.411128538721959,0.0,0.411128538721959,0.46832825860938343,0.4683282586093659,0.8778640433587046,0.9999999999999626,1692,1.1929663832431052e-48
142,120,-0.4111321846077303,0.0,0.4111321846077303,0.46832761669347406,0.46832761669345613,0.8778730315125467,0.9999999999999617,1704,4.4225341682090306e-48
143,120,-0.41113577926287864,0.0,0.41113577926287864,0.4683269838616209,0.4683269838616028,0.8778818932721908,0.9999999999999614,1716,1.0399751243405985e-48
144,120,-0.41113932400810227,0.0,0.41113932400810227,0.46832635992214067,0.4683263599221222,0.8778906318159637,0.9999999999999605,1728,1.815636898426513e-48
145,120,-0.4111428196875343,0.0,0.4111428196875343,0.46832574468870597,0.4683257446886872,0.8778992492946027,0.9999999999999599,1740,2.6543981760723232e-49
146,120,-0.411146267377654,0.0,0.411146267377654,0.46832513798015674,0.4683251379801378,0.8779077483453197,0.9999999999999596,1752,5.370467833339947e-48
147,120,-0.41114966807313974,0.0,0.41114966807313974,0.46832453962032355,0.4683245396203043,0.8779161314213445,0.9999999999999589,1764,2.699505022074174e-50
148,120,-0.41115302266982184,0.0,0.41115302266982184,0.4683239494378601,0.46832394943784056,0.8779244007558343,0.9999999999999583,1776,2.4592276445141657e-48
149,120,-0.4111563321780335,0.0,0.4111563321780335,0.4683233672660735,0.46832336726605345,0.8779325588177549,0.9999999999999573,1788,2.1470938961509725e-48
150,120,-0.41115959743857877,0.0,0.41115959743857877,0.4683227929427719,0.46832279294275175,0.8779406077056756,0.9999999999999569,1800,5.6854104285713636e-49
151,120,-0.4111628193697446,0.0,0.4111628193697446,0.46832222631011416,0.4683222263100937,0.8779485496754926,0.9999999999999563,1812,4.239933004481779e-50
152,120,-0.4111659988158479,0.0,0.4111659988158479,0.46832166721446117,0.46832166721444035,0.8779563868173083,0.9999999999999556,1824,3.7184372683117715e-49
153,120,-0.41116913655177795,0.0,0.41116913655177795,0.46832111550624034,0.46832111550621924,0.877964121065384,0.9999999999999549,1836,7.454238492021971e-50
154,120,-0.4111722336013153,0.0,0.4111722336013153,0.4683205710398118,0.46832057103979036,0.8779717548780929,0.9999999999999543,1848,2.529607172216836e-48
155,120,-0.4111752904628049,0.0,0.4111752904628049,0.468320033673337,0.46832003367331526,0.8779792895847529,0.9999999999999535,1860,1.0606759116782961e-48
156,120,-0.4111783081256012,0.0,0.4111783081256012,0.46831950326866134,0.4683195032686393,0.8779867275562501,0.9999999999999529,1872,1.5287775164701664e-48
157,120,-0.41118128726331116,0.0,0.41118128726331116,0.46831897969118913,0.4683189796911669,0.8779940704826116,0.9999999999999526,1884,3.8270266293665966e-49
158,120,-0.4111842285502717,0.0,0.4111842285502717,0.46831846280977435,0.46831846280975176,0.8780013200489811,0.9999999999999517,1896,6.2323588676676876e-49
159,120,-0.4111871327990933,0.0,0.4111871327990933,0.46831795249660746,0.4683179524965845,0.8780084782295254,0.9999999999999509,1908,2.4615693144012384e-49
160,120,-0.41119000075459555,0.0,0.41119000075459555,0.46831744862711366,0.46831744862709046,0.8780155468476168,0.9999999999999505,1920,1.82764275625701e-49
161,120,-0.41119283290245456,0.0,0.41119283290245456,0.4683169510798488,0.468316951079825,0.878022527167432,0.9999999999999493,1932,8.938475901418125e-49
162,120,-0.41119563001539666,0.0,0.41119563001539666,0.46831645973640246,0.4683164597363786,0.8780294210604171,0.999999999999949,1944,4.3694653221981386e-48
163,120,-0.4111983928250557,0.0,0.4111983928250557,0.4683159744813026,0.4683159744812784,0.8780362303047896,0.9999999999999484,1956,6.814414088488155e-48
164,120,-0.41120112187844743,0.0,0.41120112187844743,0.46831549520192906,0.4683154952019045,0.8780429562792207,0.9999999999999476,1968,3.92132256968966e-48
165,120,-0.41120381770153114,0.0,0.41120381770153114,0.46831502178841966,0.46831502178839474,0.8780496003122681,0.9999999999999468,1980,3.0819009607739955e-48
166,120,-0.4112064810048266,0.0,0.4112064810048266,0.4683145541335912,0.46831455413356593,0.8780561641215793,0.999999999999946,1992,2.0845251248388347e-48
167,120,-0.4112091123431856,0.0,0.4112091123431856,0.4683140921328581,0.4683140921328325,0.8780626490875494,0.9999999999999454,2004,5.993250307696684e-49
168,120,-0.4112117123945694,0.0,0.4112117123945694,0.46831363568415296,0.4683136356841271,0.8780690568487475,0.9999999999999447,2016,5.404150342671803e-49
169,120,-0.4112142816068062,0.0,0.4112142816068062,0.46831318468785055,0.46831318468782407,0.8780753885477731,0.9999999999999435,2028,6.695444330220606e-50
170,120,-0.41121682047746966,0.0,0.41121682047746966,0.4683127390466956,0.46831273904666904,0.8780816454290183,0.9999999999999433,2040,1.7764395163775632e-48
171,120,-0.4112193295886004,0.0,0.4112193295886004,0.4683122986657353,0.46831229866570845,0.8780878289129403,0.9999999999999426,2052,5.623186296290619e-49
172,120,-0.41122180948133974,0.0,0.41122180948133974,0.46831186345224696,0.46831186345221976,0.878093940328495,0.9999999999999419,2064,4.3150482499574235e-49
173,120,-0.4112242606564906,0.0,0.4112242606564906,0.4683114333156783,0.4683114333156507,0.8780999809144477,0.999999999999941,2076,4.1422486800540535e-51
174,120,-0.4112266836041969,0.0,0.4112266836041969,0.4683110081675781,0.46831100816755006,0.8781059518828782,0.9999999999999402,2088,9.495333193554853e-49
175,120,-0.41122907881276216,0.0,0.41122907881276216,0.46831058792154445,0.46831058792151614,0.8781118544381059,0.9999999999999395,2100,2.175855974092565e-49
176,120,-0.41123144676038964,0.0,0.41123144676038964,0.4683101724931532,0.4683101724931246,0.8781176897591885,0.9999999999999389,2112,2.298444514853169e-49
177,120,-0.4112337879081816,0.0,0.4112337879081816,0.4683097617999169,0.468309761799888,0.8781234589850482,0.9999999999999383,2124,2.9793791915065026e-50
178,120,-0.411236102752536,0.0,0.411236102752536,0.46830935576121324,0.4683093557611838,0.8781291633264903,0.9999999999999372,2136,6.619113424833374e-49
179,120,-0.4112383917125864,0.0,0.4112383917125864,0.46830895429824937,0.4683089542982194,0.8781348038259152,0.9999999999999359,2148,1.1757730157820893e-49
180,120,-0.411240655149936,0.0,0.411240655149936,0.4683085573339932,0.46830855733396287,0.878140381399586,0.9999999999999353,2160,5.460791551555795e-51
181,120,-0.4112428935307757,0.0,0.4112428935307757,0.46830816479313947,0.46830816479310905,0.8781458971838685,0.999999999999935,2172,3.641475206922998e-49
182,120,-0.41124510727821995,0.0,0.41124510727821995,0.4683077766020545,0.46830777660202366,0.8781513522200239,0.999999999999934,2184,6.792795428406527e-49
183,120,-0.41124729678845245,0.0,0.41124729678845245,0.46830739268872795,0.46830739268869676,0.8781567474887707,0.9999999999999334,2196,5.413540802009851e-50
184,120,-0.4112494624089893,0.0,0.4112494624089893,0.46830701298273364,0.4683070129827019,0.8781620838639456,0.9999999999999322,2208,8.078890218577045e-49
185,120,-0.41125160459942206,0.0,0.41125160459942206,0.4683066374151825,0.46830663741515055,0.8781673624558313,0.9999999999999317,2220,2.78548366655455e-49
186,120,-0.41125372376820707,0.0,0.41125372376820707,0.46830626591868296,0.46830626591865054,0.8781725842627225,0.9999999999999307,2232,6.475265589535984e-50
187,120,-0.4112558202416364,0.0,0.4112558202416364,0.46830589842730047,0.4683058984272675,0.8781777501047395,0.9999999999999296,2244,4.497162765022781e-50
188,120,-0.4112578943820261,0.0,0.4112578943820261,0.46830553487651433,0.4683055348764809,0.8781828608762834,0.9999999999999286,2256,2.3903019596299803e-48
189,120,-0.4112599465394719,0.0,0.4112599465394719,0.4683051752031866,0.468305175203153,0.8781879174430762,0.9999999999999283,2268,4.88417854297712e-50
190,120,-0.41126197706260054,0.0,0.41126197706260054,0.46830481934552,0.4683048193454858,0.8781929206651989,0.999999999999927,2280,2.8216637122984805e-48
191,120,-0.4112639862893065,0.0,0.4112639862893065,0.46830446724302394,0.46830446724298946,0.8781978713773697,0.9999999999999264,2292,1.6934146786372433e-48
192,120,-0.4112659745749643,0.0,0.4112659745749643,0.46830411883648076,0.46830411883644596,0.8782027704492557,0.9999999999999257,2304,3.9910498604304276e-48
193,120,-0.4112679422309735,0.0,0.4112679422309735,0.46830377406791457,0.4683037740678793,0.8782076186542997,0.9999999999999247,2316,2.798596086077182e-48
194,120,-0.4112698895462875,0.0,0.4112698895462875,0.46830343288055165,0.46830343288051596,0.8782124167157662,0.9999999999999237,2328,2.789422003943503e-50
195,120,-0.4112718168058253,0.0,0.4112718168058253,0.4683030952187967,0.46830309521876073,0.8782171653461011,0.9999999999999232,2340,2.0163255050921296e-49
196,120,-0.4112737243321015,0.0,0.4112737243321015,0.46830276102819995,0.4683027610281636,0.8782218653358903,0.9999999999999224,2352,2.5440118167253666e-48
197,120,-0.4112756125992429,0.0,0.4112756125992429,0.46830243025542895,0.46830243025539203,0.878226517797379,0.9999999999999212,2364,1.0335716755202119e-48
198,120,-0.4112774817568564,0.0,0.4112774817568564,0.4683021028482341,0.46830210284819684,0.8782311231478169,0.9999999999999205,2376,2.248812449069181e-48
199,120,-0.41127933210771506,0.0,0.41127933210771506,0.46830177875543033,0.46830177875539264,0.8782356821295312,0.9999999999999195,2388,1.0008460250687593e-49
200,120,-0.41128116394869574,0.0,0.41128116394869574,0.4683014579268647,0.46830145792682665,0.8782401954703278,0.9999999999999188,2400,1.1694854979448815e-49
201,120,-0.4112829774106027,0.0,0.4112829774106027,0.46830114031339076,0.4683011403133521,0.8782446635415042,0.9999999999999175,2412,5.008777335638845e-49
202,120,-0.4112847728924816,0.0,0.4112847728924816,0.46830082586684296,0.468300825866804,0.8782490872853188,0.9999999999999167,2424,1.3494953115333197e-48
203,120,-0.4112865507950686,0.0,0.4112865507950686,0.46830051454001725,0.46830051453997784,0.8782534676458441,0.9999999999999158,2436,1.584132340182965e-49
204,120,-0.4112883112272779,0.0,0.4112883112272779,0.46830020628663777,0.46830020628659796,0.878257804942266,0.999999999999915,2448,5.291596101628408e-49
205,120,-0.4112900544900785,0.0,0.4112900544900785,0.46829990106134417,0.46829990106130376,0.8782620999021687,0.9999999999999137,2460,2.4302819802739686e-49
206,120,-0.41129178064162764,0.0,0.41129178064162764,0.4682995988196639,0.4682995988196231,0.878266352732979,0.9999999999999128,2472,1.3468041492425459e-48
207,120,-0.411293490161617,0.0,0.411293490161617,0.4682992995179895,0.4682992995179483,0.8782705645406449,0.9999999999999121,2484,6.965700858788917e-50
208,120,-0.41129518331165144,0.0,0.41129518331165144,0.46829900311356,0.4682990031135185,0.8782747359638324,0.9999999999999114,2496,2.4683138191155965e-49
209,120,-0.4112968602545717,0.0,0.4112968602545717,0.4682987095644394,0.46829870956439734,0.8782788674287664,0.9999999999999102,2508,1.2625517258992409e-48
210,120,-0.4112985210852814,0.0,0.4112985210852814,0.4682984188294996,0.46829841882945705,0.8782829592150863,0.9999999999999092,2520,5.368965940969954e-49
211,120,-0.4113001661482206,0.0,0.4113001661482206,0.46829813086839595,0.46829813086835287,0.8782870121338251,0.999999999999908,2532,4.3474017907075216e-49
212,120,-0.4113017957916545,0.0,0.4113017957916545,0.46829784564155214,0.4682978456415087,0.8782910270027467,0.9999999999999073,2544,2.5041443538282206e-49
213,120,-0.41130341015122457,0.0,0.41130341015122457,0.46829756311014364,0.46829756311009973,0.8782950041841762,0.9999999999999062,2556,1.137068680615775e-49
214,120,-0.41130500911195006,0.0,0.41130500911195006,0.468297283236072,0.46829728323602754,0.8782989435039009,0.9999999999999051,2568,3.481275572361836e-49
215,120,-0.41130659348038595,0.0,0.41130659348038595,0.4682970059819603,0.46829700598191537,0.8783028467542022,0.9999999999999041,2580,1.51959706169319e-48
216,120,-0.41130816313479507,0.0,0.41130816313479507,0.46829673131112187,0.4682967313110766,0.8783067137438002,0.9999999999999033,2592,1.1072029273088424e-48
217,120,-0.4113097181946953,0.0,0.4113097181946953,0.46829645918755847,0.4682964591875126,0.8783105447953025,0.9999999999999021,2604,6.514091983384896e-49
218,120,-0.41131125897042986,0.0,0.41131125897042986,0.46829618957593205,0.46829618957588576,0.8783143406375684,0.9999999999999012,2616,7.770165175897341e-50
219,120,-0.4113127857885571,0.0,0.4113127857885571,0.46829592244156065,0.46829592244151375,0.8783181020328586,0.9999999999998999,2628,3.078824730220088e-49
220,120,-0.4113142985915758,0.0,0.4113142985915758,0.46829565775039356,0.46829565775034643,0.8783218289221294,0.9999999999998994,2640,1.0373362653270017e-48
221,120,-0.41131579768623794,0.0,0.41131579768623794,0.468295395469002,0.46829539546895427,0.8783255220230031,0.9999999999998981,2652,1.2464394068970265e-49
222,120,-0.41131728339322315,0.0,0.41131728339322315,0.46829513556456315,0.4682951355645149,0.8783291820817084,0.999999999999897,2664,9.44155076905243e-50
223,120,-0.41131875565034953,0.0,0.41131875565034953,0.46829487800485065,0.46829487800480213,0.8783328090257944,0.9999999999998964,2676,1.8801381043970568e-48
224,120,-0.41132021472554353,0.0,0.41132021472554353,0.46829462275821565,0.4682946227581665,0.8783364034866458,0.9999999999998951,2688,5.630867853121174e-50
225,120,-0.411321660961862,0.0,0.411321660961862,0.4682943697935747,0.46829436979352496,0.8783399662550231,0.9999999999998938,2700,1.1816611812457939e-48
226,120,-0.4113230942586806,0.0,0.4113230942586806,0.4682941190804023,0.4682941190803522,0.8783434971732023,0.999999999999893,2712,9.09459817857064e-51
227,120,-0.41132451492186317,0.0,0.41132451492186317,0.46829387058870964,0.46829387058865896,0.8783469969504755,0.9999999999998918,2724,7.631634619519402e-50
228,120,-0.4113259232399112,0.0,0.4113259232399112,0.46829362428904536,0.4682936242889943,0.878350466258052,0.999999999999891,2736,1.7283647339037786e-49
229,120,-0.41132731898008007,0.0,0.41132731898008007,0.46829338015246735,0.46829338015241573,0.8783539046531154,0.9999999999998898,2748,8.855391173819706e-49
230,120,-0.41132870284192646,0.0,0.41132870284192646,0.46829313815054696,0.46829313815049467,0.8783573136827352,0.9999999999998883,2760,1.2042805953258288e-47
231,120,-0.41133007473848016,0.0,0.41133007473848016,0.4682928982553477,0.46829289825529485,0.8783606932135007,0.9999999999998872,2772,4.341679549376891e-48
232,120,-0.4113314344781128,0.0,0.4113314344781128,0.4682926604394219,0.46829266043936885,0.8783640428875973,0.9999999999998866,2784,2.2463542172147816e-47
233,120,-0.4113327828472786,0.0,0.4113327828472786,0.46829242467579213,0.4682924246757382,0.878367364434946,0.9999999999998848,2796,2.67030035542107e-49
234,120,-0.41133411954761123,0.0,0.41133411954761123,0.4682921909379461,0.4682921909378919,0.87837065726805,0.9999999999998842,2808,2.3361644487466836e-48
235,120,-0.4113354448573305,0.0,0.4113354448573305,0.46829195919982936,0.46829195919977457,0.8783739220298116,0.999999999999883,2820,6.827005469451294e-49
236,120,-0.4113367590740073,0.0,0.4113367590740073,0.4682917294358286,0.4682917294357732,0.8783771594036291,0.9999999999998817,2832,1.1875074926812832e-48
237,120,-0.41133806187830785,0.0,0.41133806187830785,0.46829150162076627,0.4682915016207104,0.8783803687547342,0.9999999999998808,2844,3.918512561510757e-48
238,120,-0.4113393540419644,0.0,0.4113393540419644,0.46829127572989093,0.4682912757298346,0.8783835517774482,0.9999999999998797,2856,3.915277472637619e-49
239,120,-0.4113406350678455,0.0,0.4113406350678455,0.46829105173886887,0.468291051738812,0.8783867074557503,0.9999999999998787,2868,6.3371260200068504e-49
240,120,-0.41134190574296364,0.0,0.41134190574296364,0.46829082962377444,0.468290829623717,0.8783898375150477,0.9999999999998773,2880,1.2023226591627888e-48
241,120,-0.411343165696892,0.0,0.411343165696892,0.46829060936108136,0.4682906093610234,0.878392941208376,0.9999999999998762,2892,4.089287970060606e-49
242,120,-0.41134441525241017,0.0,0.41134441525241017,0.46829039092765373,0.4682903909275952,0.878396019268331,0.9999999999998751,2904,1.3642850099790392e-51
243,120,-0.41134565466485173,0.0,0.41134565466485173,0.4682901743007413,0.46829017430068226,0.8783990722827609,0.9999999999998739,2916,5.287282874052538e-49
244,120,-0.41134688358192606,0.0,0.41134688358192606,0.46828995945796786,0.46828995945790824,0.8784020995412769,0.9999999999998727,2928,1.5752871204151896e-48
245,120,-0.4113481027875971,0.0,0.4113481027875971,0.4682897463773234,0.4682897463772631,0.8784051027591948,0.9999999999998712,2940,3.7624511720451085e-50
246,120,-0.411349311748261,0.0,0.411349311748261,0.4682895350371609,0.46828953503710014,0.8784080808375783,0.9999999999998702,2952,4.824509826263713e-49
247,120,-0.41135051124740724,0.0,0.41135051124740724,0.468289325416185,0.46828932541612367,0.8784110354893946,0.999999999999869,2964,3.923838300837412e-49
248,120,-0.4113517007270127,0.0,0.4113517007270127,0.4682891174934433,0.46828911749338153,0.8784139655622607,0.9999999999998681,2976,6.8188221858026025e-49
249,120,-0.41135288099785267,0.0,0.41135288099785267,0.46828891124832756,0.46828891124826505,0.8784168728261269,0.9999999999998666,2988,7.641918310986321e-49
250,120,-0.41135405156550997,0.0,0.41135405156550997,0.46828870666055794,0.468288706660495,0.878419756263176,0.9999999999998656,3000,1.3284207374253428e-49
251,120,-0.4113552129638763,0.0,0.4113552129638763,0.46828850371017844,0.4682885037101148,0.8784226170508725,0.9999999999998641,3012,3.2819525160435695e-51
252,120,-0.4113563650861932,0.0,0.4113563650861932,0.46828830237755353,0.46828830237748936,0.8784254549980131,0.999999999999863,3024,8.594995845327975e-49
253,120,-0.4113575080684211,0.0,0.4113575080684211,0.4682881026433608,0.46828810264329607,0.8784282704311194,0.9999999999998618,3036,1.726247406250619e-49
254,120,-0.41135864205003164,0.0,0.41135864205003164,0.46828790448858315,0.46828790448851787,0.8784310636836402,0.9999999999998606,3048,1.7262538427730832e-49
255,120,-0.41135976713426065,0.0,0.41135976713426065,0.4682877078945049,0.46828770789443896,0.8784338350110805,0.9999999999998592,3060,1.6337572539392108e-49
256,120,-0.41136088342736365,0.0,0.41136088342736365,0.4682875128426991,0.4682875128426326,0.8784365846748533,0.999999999999858,3072,3.8317012249952862e-50
257,120,-0.4113619910304025,0.0,0.4113619910304025,0.4682873193150362,0.46828731931496914,0.8784393129247243,0.9999999999998568,3084,2.2218330741880153e-48
