kind,m,N,R_sigma_0p10,R_sigma_0p25,R_sigma_0p40,R_sigma_0p45
ladder,13,120,1.0169705584009967,1.043265282212418,1.0706111391039232,1.0799690281862895
ladder,14,120,1.0170138101111204,1.0433779375611327,1.0707990077275478,1.0801833369429084
ladder,15,120,1.0170511114154546,1.0434751024828017,1.0709610584133207,1.0803681998538948
ladder,16,120,1.0170836114889075,1.0435597674151382,1.0711022728376587,1.0805292976210863
ladder,17,120,1.0171121816413675,1.0436341996418497,1.0712264284295607,1.0806709379192965
ladder,18,120,1.0171374944279807,1.0437001493862539,1.0713364415392914,1.0807964466269813
ladder,19,120,1.0171600770748457,1.0437589889077323,1.0714345990078107,1.0809084318162758
ladder,20,120,1.017180348494854,1.0438118092548887,1.0715227195051016,1.0810089677611852
ladder,21,120,1.0171986464120666,1.0438594894791453,1.0716022682073318,1.0810997255615644
ladder,22,120,1.017215245858148,1.043902745409369,1.0716744382924885,1.0811820661199532
ladder,23,120,1.0172303732849886,1.0439421662141048,1.071740211802877,1.0812571095405468
ladder,24,120,1.017244214965352,1.0439782387824166,1.0718004012012283,1.0813257826870242
ladder,25,120,1.0172569292728277,1.0440113737787473,1.0718556905273509,1.081388865693668
ladder,26,120,1.0172686483776723,1.0440419157888545,1.071906654499763,1.081447014163588
ladder,27,120,1.0172794845134956,1.0440701575170417,1.0719537813778954,1.081500785095483
ladder,28,120,1.017289534246028,1.0440963500236955,1.0719974896865117,1.0815506558935635
ladder,29,120,1.0172988797977178,1.0441207079300987,1.0720381374853416,1.081597035029554
ladder,30,120,1.017307592821359,1.044143417700992,1.072076035698568,1.081640277188539
ladder,31,120,1.0173157353322848,1.0441646410427028,1.072111454094959,1.0816806901332885
ladder,32,120,1.017323362084949,1.044184519937878,1.0721446292461132,1.0817185437013734
ladder,33,120,1.0173305199448943,1.0442031773361358,1.0721757665294387,1.0817540722388248
ladder,34,120,1.0173372510687508,1.0442207227368776,1.072205048474367,1.0817874839600041
ladder,35,120,1.0173435926031615,1.0442372528383224,1.0722326363617511,1.081818962859962
ladder,36,120,1.0173495777260835,1.0442528536923716,1.072258673592329,1.0818486725115086
ladder,37,120,1.0173552349938986,1.0442676006917275,1.0722832863164975,1.0818767569074617
ladder,38,120,1.017360591066088,1.0442815626232422,1.072306589025116,1.081903346617528
ladder,39,120,1.0173656693762836,1.044294800510624,1.0723286834937003,1.0819285577459756
ladder,40,120,1.0173704907840557,1.0443073690482005,1.0723496611132446,1.0819524945909862
ladder,41,120,1.0173750745391368,1.0443193180646098,1.0723696048922842,1.0819752518351078
ladder,42,120,1.0173794379141368,1.0443306923942686,1.072388589556457,1.0819969147168822
ladder,43,120,1.0173835961285376,1.044341532184948,1.0724066822859426,1.0820175599232695
ladder,44,120,1.0173875630914624,1.0443518738946351,1.0724239439641494,1.0820372569202823
ladder,45,120,1.0173913519122213,1.0443617513063284,1.0724404308002715,1.082056069805732
ladder,46,120,1.0173949748968285,1.044371195913564,1.0724561951896798,1.0820740583512451
ladder,47,120,1.0173984421758562,1.0443802347733215,1.0724712824822171,1.082091274322963
ladder,48,120,1.0174017630930186,1.0443888928771285,1.0724857346197256,1.0821077656187756
ladder,49,120,1.017404947728713,1.044397195044241,1.072499592464305,1.0821235787585561
ladder,50,120,1.0174080039653497,1.044405162404053,1.0725128915116215,1.0821387542906222
ladder,51,120,1.0174109388375654,1.0444128141116173,1.0725256640400336,1.0821533291029763
ladder,52,120,1.017413760563831,1.044420169977367,1.0725379424971107,1.0821673401051444
ladder,53,120,1.0174164744110286,1.0444272452851615,1.0725497529360541,1.0821808171123333
ladder,54,120,1.0174190875639824,1.0444340573103545,1.0725611236837718,1.0821937923675424
ladder,55,120,1.017421603767622,1.044440618160453,1.0725720757892345,1.0822062900298584
ladder,56,120,1.017424030040501,1.0444469437339206,1.0725826349142997,1.0822183392307325
ladder,57,120,1.0174263704583246,1.0444530455624073,1.0725928206138915,1.082229962329646
ladder,58,120,1.0174286298131818,1.0444589357724903,1.072602653014331,1.0822411822787892
ladder,59,120,1.0174308114358663,1.0444646241387003,1.0726121488275213,1.0822520182161042
ladder,60,120,1.0174329201748769,1.0444701220324901,1.0726213265644626,1.0822624911810759
ladder,61,120,1.0174349594267367,1.0444754385473556,1.072630201462399,1.0822726185620317
ladder,62,120,1.0174369326198762,1.0444805826707142,1.0726387885782283,1.082282417561769
ladder,63,120,1.0174388419793425,1.0444855614118125,1.072647100036655,1.0822919020841324
ladder,64,120,1.0174406918402132,1.044490384222934,1.0726551509102629,1.0823010891971492
ladder,65,120,1.0174424845300942,1.0444950578904175,1.072662952831134,1.0823099922402004
ladder,66,120,1.0174442219324416,1.0444995882365828,1.0726705158261494,1.0823186227003856
ladder,67,120,1.0174459078785538,1.0445039834473027,1.0726778528995853,1.0823269953025856
ladder,68,120,1.0174475433660162,1.0445082478897196,1.0726849719967309,1.0823351192298634
ladder,69,120,1.017449131086773,1.044512387846428,1.072691883307141,1.082343006049005
ladder,70,120,1.0174506740003357,1.0445164099410509,1.072698597524676,1.0823506679118076
ladder,71,120,1.0174521722538603,1.0445203168237127,1.0727051198644724,1.08235811089458
ladder,72,120,1.017453629006621,1.0445241150708133,1.072711460731523,1.0823653467823968
ladder,73,120,1.0174550458437912,1.0445278089489602,1.0727176272709316,1.0823723837243877
ladder,74,120,1.0174564235097932,1.0445314015733658,1.0727236251105614,1.0823792282161422
ladder,75,120,1.0174577649949608,1.0445348988326537,1.0727294633797047,1.0823858905531305
ladder,76,120,1.0174590710105254,1.0445383036173077,1.0727351472980702,1.0823923767650343
ladder,77,120,1.0174603423212456,1.0445416187435752,1.072740681865663,1.0823986926086302
ladder,78,120,1.0174615806353204,1.044544848113896,1.072746073380926,1.08240484522934
ladder,79,120,1.0174627879038138,1.044547995942051,1.072751328576189,1.0824108422628933
ladder,80,120,1.0174639647990267,1.0445510645984646,1.0727564516058838,1.0824166884751643
ladder,81,120,1.017465112562425,1.044554057199135,1.0727614476378962,1.0824223897608771
ladder,82,120,1.0174662326381192,1.044556977054989,1.072766322048979,1.0824279522347107
ladder,83,120,1.0174673254624667,1.0445598260557,1.0727710782599331,1.0824333798436152
ladder,84,120,1.0174683917177836,1.0445626063220605,1.0727757199179582,1.0824386767622216
ladder,85,120,1.0174694324938054,1.0445653205284422,1.0727802514452545,1.0824438480355465
ladder,86,120,1.017470449040957,1.0445679714590634,1.0727846773185403,1.0824488987434802
ladder,87,120,1.0174714425935567,1.0445705618019832,1.072789001825613,1.0824538337426572
ladder,88,120,1.0174724135345299,1.0445730931043753,1.0727932277462398,1.0824586562381044
ladder,89,120,1.0174733623231287,1.0445755669593164,1.0727973578787995,1.0824633694453647
ladder,90,120,1.0174742895627826,1.0445779851512478,1.0728013952938953,1.0824679768889156
ladder,91,120,1.0174751961775514,1.0445803497390571,1.072805343278237,1.0824724822862863
ladder,92,120,1.0174760834130978,1.0445826632383155,1.072809205775186,1.0824768900968769
ladder,93,120,1.0174769518914468,1.0445849273585108,1.0728129856942836,1.0824812036581037
ladder,94,120,1.017477801601055,1.0445871428193143,1.0728166844786464,1.0824854246481763
ladder,95,120,1.0174786331261272,1.044589311132578,1.072820304641644,1.0824895559313865
ladder,96,120,1.0174794471798394,1.0445914340084055,1.0728238490035535,1.0824936007265595
ladder,97,120,1.017480244296193,1.0445935128652395,1.072827319948168,1.0824975617587078
ladder,98,120,1.0174810251855724,1.0445955492058896,1.072830719815918,1.0825014416564338
ladder,99,120,1.0174817907199945,1.0445975449459295,1.0728340517328072,1.082505243993575
ladder,100,120,1.017482540923069,1.0445995006685491,1.072837316829698,1.0825089700770663
ladder,101,120,1.0174832759531671,1.0446014171439448,1.072840516505855,1.082512621517768
ladder,102,120,1.0174839963092763,1.0446032956414641,1.0728436528882692,1.0825162007505604
ladder,103,120,1.0174847024500275,1.0446051373260556,1.0728467279172302,1.0825197099910253
ladder,104,120,1.017485394822424,1.0446069433046143,1.072849743416027,1.0825231513145286
ladder,105,120,1.0174860741768839,1.044608715045663,1.0728527016536817,1.0825265272775282
ladder,106,120,1.0174867409566626,1.04461045359653,1.0728556043305002,1.0825298398092742
ladder,107,120,1.0174873952209127,1.0446121595565294,1.0728584526260385,1.082533090291996
ladder,108,120,1.01748803722677,1.0446138336926891,1.0728612478454809,1.0825362802159504
ladder,109,120,1.0174886674620556,1.0446154770690552,1.0728639916871445,1.0825394115050608
ladder,110,120,1.0174892863549043,1.044617090679864,1.0728666857742581,1.0825424860079935
ladder,111,120,1.0174898940326826,1.044618675052447,1.0728693310371444,1.0825455047881105
ladder,112,120,1.017490490674137,1.0446202309094876,1.0728719288155157,1.0825484694099623
ladder,113,120,1.0174910764928198,1.044621758807005,1.0728744799934806,1.0825513808606555
ladder,114,120,1.0174916519319726,1.0446232597389904,1.0728769861959329,1.0825542409964861
ladder,115,120,1.0174922174578946,1.0446247346523994,1.0728794489015017,1.0825570514858471
ladder,116,120,1.0174927735715138,1.0446261845795706,1.0728818697530726,1.0825598141959367
ladder,117,120,1.0174933201758176,1.0446276096814306,1.0728842491477886,1.0825625295947403
ladder,118,120,1.017493857441841,1.0446290104993334,1.0728865880252474,1.0825651987610234
ladder,119,120,1.0174943855267808,1.044630387508001,1.0728888871851667,1.0825678226032764
ladder,120,120,1.0174949047002435,1.0446317414408715,1.0728911479005159,1.0825704025946645
ladder,121,120,1.0174954151299846,1.044633072764304,1.072893370943398,1.0825729396096508
ladder,122,120,1.0174959170553208,1.0446343820010924,1.0728955571202716,1.0825754345475398
ladder,123,120,1.0174964107579645,1.0446356698625017,1.0728977076443136,1.0825778888083466
ladder,124,120,1.0174968967958213,1.044636937323682,1.0728998239668053,1.0825803040172377
ladder,125,120,1.0174973752925658,1.044638184798324,1.0729019068111865,1.0825826810052672
ladder,126,120,1.017497846187761,1.0446394125040985,1.0729039566991454,1.0825850204019833
ladder,127,120,1.017498309438924,1.044640620509521,1.0729059737599551,1.0825873223410172
ladder,128,120,1.017498765272155,1.0446418093783925,1.0729079589436479,1.0825895879139258
ladder,129,120,1.0174992138906234,1.0446429796027492,1.0729099130610504,1.0825918180451934
ladder,130,120,1.017499655552003,1.0446441317323232,1.072911836986483,1.0825940137254675
ladder,131,120,1.0175000906798144,1.0446452664903636,1.072913731775035,1.0825961761282241
ladder,132,120,1.0175005195228077,1.0446463845130176,1.0729155985335692,1.0825983065403764
ladder,133,120,1.0175009418869672,1.0446474856807686,1.0729174371733492,1.0826004048698985
ladder,134,120,1.0175013578030647,1.0446485701987318,1.0729192480699847,1.0826024715470675
ladder,135,120,1.0175017674387126,1.0446496384800972,1.0729210319099405,1.082604507356432
ladder,136,120,1.0175021709630048,1.0446506908677924,1.0729227892056734,1.0826065128645261
ladder,137,120,1.0175025686300954,1.0446517279382295,1.0729245209222082,1.0826084891842755
ladder,138,120,1.0175029604975983,1.0446527499914837,1.0729262276394114,1.0826104369988812
ladder,139,120,1.0175033466283139,1.044653757191979,1.0729279095944197,1.0826123565602046
ladder,140,120,1.0175037271794751,1.0446547498489895,1.0729295672423567,1.0826142483690722
ladder,141,120,1.0175041023684837,1.0446557284682199,1.0729312014386785,1.082616113414646
ladder,142,120,1.0175044724281732,1.0446566935667718,1.0729328130428635,1.0826179526865491
ladder,143,120,1.0175048373027724,1.044657645014746,1.072934401750187,1.0826197657912788
ladder,144,120,1.0175051973141067,1.0446585836617501,1.0729359691168803,1.082621554572413
ladder,145,120,1.0175055521908078,1.0446595090587603,1.0729375143770468,1.0826233181168474
ladder,146,120,1.017505902202123,1.04466042177539,1.072939038474798,1.0826250575144247
ladder,147,120,1.0175062474020813,1.0446613220208696,1.0729405417871303,1.0826267732009942
ladder,148,120,1.0175065879456697,1.0446622100671366,1.0729420246961925,1.0826284655925955
ladder,149,120,1.0175069238882417,1.0446630861919641,1.0729434877505724,1.0826301353416832
ladder,150,120,1.0175072553341742,1.0446639505837643,1.072944931204315,1.0826317827179566
ladder,151,120,1.0175075822604638,1.0446648033589927,1.072946355327027,1.0826334080455058
ladder,152,120,1.0175079048474025,1.0446656448615388,1.072947760647134,1.0826350119196653
ladder,153,120,1.0175082231714085,1.0446664752289991,1.0729491473371653,1.0826365945160423
ladder,154,120,1.017508537390161,1.0446672950248639,1.0729505165121835,1.0826381571762045
ladder,155,120,1.0175088477120817,1.0446681042863428,1.0729518678910053,1.0826396994679797
ladder,156,120,1.0175091541962042,1.044668903436873,1.0729532023922737,1.0826412225134363
ladder,157,120,1.017509456787892,1.0446696924192795,1.0729545199123665,1.0826427261800424
ladder,158,120,1.0175097553826842,1.044670471114073,1.072955820266605,1.0826442102460392
ladder,159,120,1.0175100501596404,1.0446712399644054,1.0729571042409767,1.0826456756343634
ladder,160,120,1.01751034130145,1.0446719993672557,1.072958372503407,1.0826471231194332
ladder,161,120,1.0175106287359728,1.0446727490878602,1.072959624534328,1.0826485520498785
ladder,162,120,1.0175109126286002,1.0446734895589478,1.0729608611184112,1.0826499633521853
ladder,163,120,1.0175111931002843,1.0446742211223434,1.0729620828827067,1.082651357767031
ladder,164,120,1.0175114702505936,1.0446749439009306,1.072963289941297,1.0826527353953908
ladder,165,120,1.0175117439501014,1.0446756576911909,1.07296448194502,1.0826540958179154
ladder,166,120,1.0175120143811505,1.0446763629449523,1.0729656597050856,1.0826554399917603
ladder,167,120,1.0175122815745363,1.0446770597435158,1.0729668233402052,1.0826567680437293
ladder,168,120,1.0175125456674354,1.0446777484673668,1.0729679735545163,1.082658080809236
ladder,169,120,1.0175128066405181,1.044678429037736,1.0729691101458316,1.082659378025496
ladder,170,120,1.0175130644603259,1.0446791014189383,1.072970233040744,1.0826606595955304
ladder,171,120,1.017513319207842,1.044679765845065,1.0729713426661824,1.0826619260219108
ladder,172,120,1.0175135709513206,1.0446804225001751,1.0729724393446238,1.0826631776795468
ladder,173,120,1.0175138197412044,1.044681071509037,1.0729735232780977,1.0826644147966542
ladder,174,120,1.017514065646723,1.0446817130221493,1.0729745947048048,1.082665637642126
ladder,175,120,1.0175143087271847,1.0446823471852307,1.0729756538669168,1.082666846492841
ladder,176,120,1.0175145490443778,1.044682974147251,1.0729767010116615,1.0826680416316536
ladder,177,120,1.0175147866718608,1.0446835940638362,1.0729777363851942,1.0826692233369635
ladder,178,120,1.0175150217422575,1.044684207219171,1.072978760464293,1.0826703921614529
ladder,179,120,1.0175152543628525,1.044684813789834,1.0729797734969342,1.0826715483770308
ladder,180,120,1.017515484357197,1.0446854135114383,1.0729807750670513,1.082672691498002
ladder,181,120,1.0175157117945226,1.044686006581278,1.0729817655347416,1.082673821948721
ladder,182,120,1.0175159367214186,1.044686593125808,1.0729827451181786,1.0826749399811095
ladder,183,120,1.0175161591669655,1.0446871732259826,1.072983713949145,1.082676045743237
ladder,184,120,1.0175163791250827,1.0446877468668374,1.0729846719735876,1.082677139158662
ladder,185,120,1.0175165967460966,1.044688314387881,1.072985619785567,1.0826782209254042
ladder,186,120,1.0175168120477205,1.0446888758937418,1.0729865575954798,1.082679291294464
ladder,187,120,1.0175170250280519,1.0446894313775548,1.0729874853650547,1.0826803502088986
ladder,188,120,1.0175172357199025,1.0446899809293322,1.0729884032458281,1.0826813978417358
ladder,189,120,1.0175174441499368,1.0446905246235922,1.0729893113603157,1.0826824343312247
ladder,190,120,1.0175176503480445,1.044691062545696,1.0729902098538107,1.0826834598436712
ladder,191,120,1.0175178543484218,1.0446915947820008,1.0729910988678615,1.0826844745396214
ladder,192,120,1.0175180561835895,1.0446921214456144,1.0729919786147708,1.0826854786697562
ladder,193,120,1.0175182558993652,1.0446926426217145,1.0729928492157403,1.0826864723659568
ladder,194,120,1.0175184535460449,1.0446931583792811,1.0729937107438043,1.082687455697834
ladder,195,120,1.0175186492029098,1.044693668833488,1.0729945633441829,1.0826884288184717
ladder,196,120,1.0175188429271338,1.0446941741264104,1.0729954072664978,1.0826893920198928
ladder,197,120,1.0175190347112288,1.0446946744862862,1.072996243077677,1.0826903460127717
ladder,198,120,1.017519224748316,1.0446951700419589,1.0729970707785856,1.0826912907354171
ladder,199,120,1.017519412962306,1.044695660744156,1.072997890346404,1.082692226173727
ladder,200,120,1.0175195993605222,1.0446961466565363,1.072998701911906,1.082693152483905
ladder,201,120,1.0175197836309222,1.0446966272064178,1.0729995045007177,1.0826940685154431
ladder,202,120,1.0175199661700534,1.0446971031351526,1.0730002993449308,1.0826949757072184
ladder,203,120,1.0175201471226338,1.0446975748280856,1.0730010871704887,1.0826958749283653
ladder,204,120,1.01752032622014,1.0446980417684149,1.0730018670776769,1.082696765111195
ladder,205,120,1.0175205035286166,1.0446985041335721,1.0730026393937793,1.0826976466442622
ladder,206,120,1.0175206788689346,1.0446989614705884,1.0730034032377322,1.0826985184572369
ladder,207,120,1.0175208526751676,1.044699414702244,1.0730041602447211,1.0826993824895637
ladder,208,120,1.0175210247335693,1.0446998635793132,1.073004910103401,1.082700238401278
ladder,209,120,1.0175211950266438,1.0447003080192883,1.073005652617085,1.082701085942635
ladder,210,120,1.017521363630984,1.0447007479844752,1.073006387552025,1.0827019247893648
ladder,211,120,1.017521530730151,1.0447011839117015,1.0730071157117402,1.082702755901196
ladder,212,120,1.0175216960730484,1.044701615623667,1.0730078370272753,1.082703579256011
ladder,213,120,1.0175218598041063,1.044702043245359,1.0730085515719474,1.082704394899703
ladder,214,120,1.0175220222584564,1.044702466863831,1.0730092590194915,1.0827052023171677
ladder,215,120,1.0175221830231382,1.0447028866665895,1.0730099604882493,1.0827060030381375
ladder,216,120,1.0175223425863245,1.044703302951932,1.0730106559446562,1.0827067968740465
ladder,217,120,1.017522500694201,1.0447037152849283,1.0730113446731733,1.0827075829859392
ladder,218,120,1.0175226574502927,1.0447041239853034,1.0730120273111237,1.082708362147648
ladder,219,120,1.0175228130582576,1.0447045295043305,1.073012704662907,1.0827091353125806
ladder,220,120,1.0175229669092185,1.0447049307120349,1.0730133748145425,1.082709900226675
ladder,221,120,1.0175231194545034,1.0447053284190009,1.073014039097122,1.082710658442606
ladder,222,120,1.0175232708048094,1.0447057229539867,1.0730146981532889,1.0827114107362568
ladder,223,120,1.0175234204480745,1.0447061133279745,1.0730153502732025,1.0827121550842906
ladder,224,120,1.0175235688405868,1.0447065003196825,1.0730159966998138,1.0827128929265928
ladder,225,120,1.0175237159509314,1.044706884100784,1.0730166379040431,1.082713624862877
ladder,226,120,1.0175238615013835,1.0447072639685335,1.0730172725302356,1.0827143492509523
ladder,227,120,1.0175240059223702,1.0447076407243734,1.073017901921492,1.082715067665541
ladder,228,120,1.01752414896639,1.0447080141847314,1.0730185259911424,1.0827157800625722
ladder,229,120,1.017524290724383,1.0447083840003761,1.0730191436939334,1.0827164850865154
ladder,230,120,1.0175244312671121,1.0447087509753705,1.0730197569547977,1.082717185153891
ladder,231,120,1.0175245704626577,1.0447091146298646,1.0730203647500607,1.0827178790001204
ladder,232,120,1.0175247086632007,1.044709475032526,1.0730209666794484,1.082718566011137
ladder,233,120,1.017524845481251,1.044709832472553,1.0730215640917284,1.0827192480065408
ladder,234,120,1.017524981152213,1.0447101867131134,1.0730221559920683,1.0827199236508358
ladder,235,120,1.017525115820908,1.0447105381644373,1.073022743189616,1.0827205939267295
ladder,236,120,1.0175252493409959,1.0447108868108577,1.0730233258636652,1.0827212590981201
ladder,237,120,1.0175253817043821,1.0447112320810763,1.0730239025615063,1.082721917321249
ladder,238,120,1.017525513320808,1.0447115753634686,1.0730244761567234,1.08272257211847
ladder,239,120,1.0175256434054119,1.0447119147770683,1.0730250431023887,1.0827232192151988
ladder,240,120,1.0175257730601597,1.0447122526994477,1.0730256076842983,1.0827238637239218
ladder,241,120,1.017525901248109,1.0447125870576608,1.0730261662686413,1.0827245013324016
ladder,242,120,1.0175260285759402,1.0447129189778899,1.073026720750359,1.082725134266756
ladder,243,120,1.0175261550203698,1.0447132485786301,1.073027271454266,1.0827257629399984
ladder,244,120,1.0175262798491789,1.0447135742667308,1.0730278154858512,1.082726383890896
ladder,245,120,1.0175264041703416,1.0447138984231998,1.0730283571304964,1.082727002229978
ladder,246,120,1.017526526974452,1.0447142188350593,1.073028892354626,1.0827276131303356
ladder,247,120,1.0175266492071708,1.0447145376691251,1.073029425160461,1.0827282213916407
ladder,248,120,1.0175267700290125,1.044714852914444,1.0730299517549604,1.082728822441794
ladder,249,120,1.017526890216005,1.0447151665491292,1.0730304759339624,1.0827294208691458
ladder,250,120,1.0175270091015465,1.0447154768750615,1.0730309944220975,1.0827300127068333
ladder,251,120,1.017527127314188,1.0447157853394322,1.0730315099023748,1.082730601176282
ladder,252,120,1.0175272443205443,1.0447160909068023,1.0730320205729262,1.0827311841399843
ladder,253,120,1.0175273606241533,1.0447163943545705,1.07303252760889,1.0827317629427076
ladder,254,120,1.0175274757713297,1.044716695073856,1.0730330301696145,1.082732336643683
ladder,255,120,1.0175275902493235,1.04471699378495,1.0730335293115878,1.0827329064422455
ladder,256,120,1.0175277036007606,1.0447172898323989,1.0730340240806753,1.0827334712544598
ladder,257,120,1.017527816305045,1.0447175839293117,1.0730345155284742,1.0827340322760812
N_sensitivity,53,90,1.0174164744926402,1.044427245396376,1.0725497530871717,1.0821808172796235
N_sensitivity,53,150,1.0174164744346852,1.0444272453287762,1.0725497530089527,1.0821808171976717
