row_index,s_mid,w_mid,w_upper
70,1.469166e-01,1.469166e-01,1.469166e-01
71,5.581829e-02,5.581829e-02,5.581829e-02
72,7.159752e-02,7.159752e-02,7.159752e-02
73,6.122314e-02,6.122314e-02,6.122314e-02
74,5.483193e-02,5.483193e-02,5.483193e-02
75,4.261567e-02,4.261567e-02,4.261567e-02
76,2.106889e-02,2.106889e-02,2.106889e-02
77,2.361247e-02,2.361247e-02,2.361247e-02
78,4.830680e-02,4.830680e-02,4.830680e-02
79,1.733546e-02,1.733546e-02,1.733546e-02
80,5.087011e-02,5.087011e-02,5.087011e-02
81,2.767109e-02,2.767109e-02,2.767109e-02
82,1.309526e-02,1.309526e-02,1.309526e-02
83,2.939070e-02,2.939070e-02,2.939070e-02
84,1.163515e-02,1.163515e-02,1.163515e-02
85,1.087768e-02,1.087768e-02,1.087768e-02
86,1.091048e-02,1.091048e-02,1.091048e-02
87,1.022488e-02,1.022488e-02,1.022488e-02
88,1.174925e-02,1.174925e-02,1.174925e-02
89,1.181275e-02,1.181275e-02,1.181275e-02
90,8.573504e-03,8.573504e-03,8.573504e-03
91,2.112322e-02,2.112322e-02,2.112322e-02
92,8.138316e-03,8.138316e-03,8.138316e-03
93,7.815907e-03,7.815907e-03,7.815907e-03
94,1.186880e-02,1.186880e-02,1.186880e-02
95,8.360433e-03,8.360433e-03,8.360433e-03
96,1.034664e-02,1.034664e-02,1.034664e-02
97,6.928224e-03,6.928224e-03,6.928224e-03
98,6.338875e-03,6.338875e-03,6.338875e-03
99,1.219752e-02,1.219752e-02,1.219752e-02
100,6.112123e-03,6.112123e-03,6.112123e-03
101,5.750489e-03,5.750489e-03,5.750489e-03
102,5.592293e-03,5.592293e-03,5.592293e-03
103,6.625840e-03,6.625840e-03,6.625840e-03
104,6.445079e-03,6.445079e-03,6.445079e-03
105,5.115290e-03,5.115290e-03,5.115290e-03
106,5.732711e-03,5.732711e-03,5.732711e-03
107,5.161776e-03,5.161776e-03,5.161776e-03
108,6.392323e-03,6.392323e-03,6.392323e-03
109,4.712708e-03,4.712708e-03,4.712708e-03
110,5.617015e-03,5.617015e-03,5.617015e-03
111,4.910408e-03,4.910408e-03,4.910408e-03
112,7.842381e-03,7.842381e-03,7.842381e-03
113,7.786507e-03,7.786507e-03,7.786507e-03
114,5.523105e-03,5.523105e-03,5.523105e-03
115,4.981187e-03,4.981187e-03,4.981187e-03
116,3.868164e-03,3.868164e-03,3.868164e-03
117,4.208282e-03,4.208282e-03,4.208282e-03
118,3.731587e-03,3.731587e-03,3.731587e-03
119,3.813459e-03,3.813459e-03,3.813459e-03
120,5.808848e-03,5.808848e-03,5.808848e-03
121,3.793583e-03,3.793583e-03,3.793583e-03
122,3.387769e-03,3.387769e-03,3.387769e-03
123,3.615361e-03,3.615361e-03,3.615361e-03
124,4.939886e-03,4.939886e-03,4.939886e-03
125,3.940930e-03,3.940930e-03,3.940930e-03
126,3.962296e-03,3.962296e-03,3.962296e-03
127,3.804189e-03,3.804189e-03,3.804189e-03
128,4.708256e-03,4.708256e-03,4.708256e-03
129,3.552328e-03,3.552328e-03,3.552328e-03
130,3.154822e-03,3.154822e-03,3.154822e-03
131,3.022677e-03,3.022677e-03,3.022677e-03
132,3.433273e-03,3.433273e-03,3.433273e-03
133,2.728543e-03,2.728543e-03,2.728543e-03
134,3.254163e-03,3.254163e-03,3.254163e-03
135,2.790123e-03,2.790123e-03,2.790123e-03
136,2.957254e-03,2.957254e-03,2.957254e-03
137,2.913844e-03,2.913844e-03,2.913844e-03
138,2.588751e-03,2.588751e-03,2.588751e-03
139,3.734504e-03,3.734504e-03,3.734504e-03
140,2.610550e-03,2.610550e-03,2.610550e-03
141,3.903820e-03,3.903820e-03,3.903820e-03
142,3.095004e-03,3.095004e-03,3.095004e-03
143,2.710175e-03,2.710175e-03,2.710175e-03
144,2.254670e-03,2.254670e-03,2.254670e-03
145,3.056656e-03,3.056656e-03,3.056656e-03
146,2.301084e-03,2.301084e-03,2.301084e-03
147,2.205983e-03,2.205983e-03,2.205983e-03
148,2.303540e-03,2.303540e-03,2.303540e-03
149,2.090609e-03,2.090609e-03,2.090609e-03
150,2.936772e-03,2.936772e-03,2.936772e-03
151,2.281933e-03,2.281933e-03,2.281933e-03
152,2.063975e-03,2.063975e-03,2.063975e-03
153,3.224799e-03,3.224799e-03,3.224799e-03
154,2.594434e-03,2.594434e-03,2.594434e-03
155,2.386353e-03,2.386353e-03,2.386353e-03
156,1.980609e-03,1.980609e-03,1.980609e-03
157,2.562482e-03,2.562482e-03,2.562482e-03
158,2.739101e-03,2.739101e-03,2.739101e-03
159,1.833428e-03,1.833428e-03,1.833428e-03
160,1.943237e-03,1.943237e-03,1.943237e-03
161,2.442339e-03,2.442339e-03,2.442339e-03
162,1.889457e-03,1.889457e-03,1.889457e-03
163,1.688387e-03,1.688387e-03,1.688387e-03
164,1.733624e-03,1.733624e-03,1.733624e-03
165,1.696870e-03,1.696870e-03,1.696870e-03
166,1.864714e-03,1.864714e-03,1.864714e-03
167,1.688209e-03,1.688209e-03,1.688209e-03
168,1.644567e-03,1.644567e-03,1.644567e-03
169,2.937258e-03,2.937258e-03,2.937258e-03
170,1.650080e-03,1.650080e-03,1.650080e-03
171,2.131240e-03,2.131240e-03,2.131240e-03
172,1.668314e-03,1.668314e-03,1.668314e-03
173,1.632765e-03,1.632765e-03,1.632765e-03
174,2.461159e-03,2.461159e-03,2.461159e-03
175,1.688872e-03,1.688872e-03,1.688872e-03
176,1.759495e-03,1.759495e-03,1.759495e-03
177,1.411231e-03,1.411231e-03,1.411231e-03
178,1.508056e-03,1.508056e-03,1.508056e-03
179,1.448154e-03,1.448154e-03,1.448154e-03
180,1.514392e-03,1.514392e-03,1.514392e-03
181,1.328844e-03,1.328844e-03,1.328844e-03
182,1.712414e-03,1.712414e-03,1.712414e-03
183,1.815851e-03,1.815851e-03,1.815851e-03
184,1.308447e-03,1.308447e-03,1.308447e-03
185,1.660627e-03,1.660627e-03,1.660627e-03
186,1.463019e-03,1.463019e-03,1.463019e-03
187,2.005939e-03,2.005939e-03,2.005939e-03
188,1.481026e-03,1.481026e-03,1.481026e-03
189,1.271223e-03,1.271223e-03,1.271223e-03
190,2.058452e-03,2.058452e-03,2.058452e-03
191,1.529031e-03,1.529031e-03,1.529031e-03
192,1.180242e-03,1.180242e-03,1.180242e-03
193,1.184628e-03,1.184628e-03,1.184628e-03
194,1.217747e-03,1.217747e-03,1.217747e-03
195,1.501644e-03,1.501644e-03,1.501644e-03
196,1.205644e-03,1.205644e-03,1.205644e-03
197,1.165228e-03,1.165228e-03,1.165228e-03
198,1.316733e-03,1.316733e-03,1.316733e-03
199,1.366888e-03,1.366888e-03,1.366888e-03
200,1.136584e-03,1.136584e-03,1.136584e-03
201,1.389735e-03,1.389735e-03,1.389735e-03
202,1.527709e-03,1.527709e-03,1.527709e-03
203,1.303843e-03,1.303843e-03,1.303843e-03
204,1.604008e-03,1.604008e-03,1.604008e-03
205,1.030987e-03,1.030987e-03,1.030987e-03
206,1.412290e-03,1.412290e-03,1.412290e-03
207,1.098743e-03,1.098743e-03,1.098743e-03
208,1.061362e-03,1.061362e-03,1.061362e-03
209,1.162715e-03,1.162715e-03,1.162715e-03
210,9.748142e-04,9.748142e-04,9.748142e-04
211,1.213266e-03,1.213266e-03,1.213266e-03
212,1.108700e-03,1.108700e-03,1.108700e-03
213,1.029999e-03,1.029999e-03,1.029999e-03
214,9.497352e-04,9.497352e-04,9.497352e-04
215,1.210359e-03,1.210359e-03,1.210359e-03
216,1.241287e-03,1.241287e-03,1.241287e-03
217,1.338514e-03,1.338514e-03,1.338514e-03
218,1.052034e-03,1.052034e-03,1.052034e-03
219,1.046107e-03,1.046107e-03,1.046107e-03
220,1.386670e-03,1.386670e-03,1.386670e-03
221,8.995805e-04,8.995805e-04,8.995805e-04
222,9.486720e-04,9.486720e-04,9.486720e-04
223,1.102348e-03,1.102348e-03,1.102348e-03
224,9.883687e-04,9.883687e-04,9.883687e-04
225,9.727741e-04,9.727741e-04,9.727741e-04
226,8.216351e-04,8.216351e-04,8.216351e-04
227,9.339714e-04,9.339714e-04,9.339714e-04
228,1.135639e-03,1.135639e-03,1.135639e-03
229,8.300134e-04,8.300134e-04,8.300134e-04
230,9.469174e-04,9.469174e-04,9.469174e-04
231,1.031819e-03,1.031819e-03,1.031819e-03
232,1.197411e-03,1.197411e-03,1.197411e-03
233,9.701717e-04,9.701717e-04,9.701717e-04
234,9.116685e-04,9.116685e-04,9.116685e-04
235,8.797336e-04,8.797336e-04,8.797336e-04
236,1.037773e-03,1.037773e-03,1.037773e-03
237,8.945008e-04,8.945008e-04,8.945008e-04
238,8.218088e-04,8.218088e-04,8.218088e-04
239,1.010978e-03,1.010978e-03,1.010978e-03
240,7.299783e-04,7.299783e-04,7.299783e-04
241,8.877669e-04,8.877669e-04,8.877669e-04
242,7.339683e-04,7.339683e-04,7.339683e-04
243,7.890745e-04,7.890745e-04,7.890745e-04
244,9.567532e-04,9.567532e-04,9.567532e-04
245,8.244788e-04,8.244788e-04,8.244788e-04
246,9.310450e-04,9.310450e-04,9.310450e-04
247,7.797738e-04,7.797738e-04,7.797738e-04
248,8.547929e-04,8.547929e-04,8.547929e-04
249,9.565427e-04,9.565427e-04,9.565427e-04
250,8.910308e-04,8.910308e-04,8.910308e-04
251,7.154488e-04,7.154488e-04,7.154488e-04
252,8.636637e-04,8.636637e-04,8.636637e-04
253,8.720497e-04,8.720497e-04,8.720497e-04
254,7.300588e-04,7.300588e-04,7.300588e-04
255,6.849475e-04,6.849475e-04,6.849475e-04
256,6.499241e-04,6.499241e-04,6.499241e-04
257,8.143609e-04,8.143609e-04,8.143609e-04
258,7.612880e-04,7.612880e-04,7.612880e-04
259,6.401735e-04,6.401735e-04,6.401735e-04
260,8.859727e-04,8.859727e-04,8.859727e-04
261,7.630063e-04,7.630063e-04,7.630063e-04
262,7.252105e-04,7.252105e-04,7.252105e-04
263,7.106973e-04,7.106973e-04,7.106973e-04
264,7.174690e-04,7.174690e-04,7.174690e-04
265,1.040087e-03,1.040087e-03,1.040087e-03
266,7.054400e-04,7.054400e-04,7.054400e-04
267,6.702267e-04,6.702267e-04,6.702267e-04
268,6.704675e-04,6.704675e-04,6.704675e-04
269,7.253235e-04,7.253235e-04,7.253235e-04
270,6.147250e-04,6.147250e-04,6.147250e-04
271,6.416364e-04,6.416364e-04,6.416364e-04
272,6.207681e-04,6.207681e-04,6.207681e-04
273,6.465232e-04,6.465232e-04,6.465232e-04
274,7.456638e-04,7.456638e-04,7.456638e-04
275,5.727799e-04,5.727799e-04,5.727799e-04
276,7.483361e-04,7.483361e-04,7.483361e-04
277,6.040636e-04,6.040636e-04,6.040636e-04
278,7.018089e-04,7.018089e-04,7.018089e-04
279,7.750931e-04,7.750931e-04,7.750931e-04
280,6.311055e-04,6.311055e-04,6.311055e-04
281,7.286688e-04,7.286688e-04,7.286688e-04
282,6.589968e-04,6.589968e-04,6.589968e-04
283,5.968072e-04,5.968072e-04,5.968072e-04
284,5.632326e-04,5.632326e-04,5.632326e-04
285,5.773440e-04,5.773440e-04,5.773440e-04
286,6.370341e-04,6.370341e-04,6.370341e-04
287,6.372251e-04,6.372251e-04,6.372251e-04
288,5.170988e-04,5.170988e-04,5.170988e-04
289,5.373850e-04,5.373850e-04,5.373850e-04
290,6.719266e-04,6.719266e-04,6.719266e-04
291,5.784550e-04,5.784550e-04,5.784550e-04
292,5.647097e-04,5.647097e-04,5.647097e-04
293,6.241427e-04,6.241427e-04,6.241427e-04
294,6.354711e-04,6.354711e-04,6.354711e-04
295,7.549963e-04,7.549963e-04,7.549963e-04
296,5.035487e-04,5.035487e-04,5.035487e-04
297,5.842905e-04,5.842905e-04,5.842905e-04
298,6.351623e-04,6.351623e-04,6.351623e-04
299,5.077089e-04,5.077089e-04,5.077089e-04
300,5.539606e-04,5.539606e-04,5.539606e-04
301,5.046588e-04,5.046588e-04,5.046588e-04
302,5.994367e-04,5.994367e-04,5.994367e-04
303,5.012427e-04,5.012427e-04,5.012427e-04
304,4.795092e-04,4.795092e-04,4.795092e-04
305,4.839946e-04,4.839946e-04,4.839946e-04
306,6.084715e-04,6.084715e-04,6.084715e-04
307,5.535064e-04,5.535064e-04,5.535064e-04
308,5.510165e-04,5.510165e-04,5.510165e-04
309,5.867877e-04,5.867877e-04,5.867877e-04
310,4.845845e-04,4.845845e-04,4.845845e-04
311,6.332582e-04,6.332582e-04,6.332582e-04
312,4.945934e-04,4.945934e-04,4.945934e-04
313,5.199305e-04,5.199305e-04,5.199305e-04
314,5.248421e-04,5.248421e-04,5.248421e-04
315,4.766339e-04,4.766339e-04,4.766339e-04
316,5.314710e-04,5.314710e-04,5.314710e-04
317,4.474155e-04,4.474155e-04,4.474155e-04
318,4.351187e-04,4.351187e-04,4.351187e-04
319,5.023274e-04,5.023274e-04,5.023274e-04
320,4.732681e-04,4.732681e-04,4.732681e-04
321,4.616456e-04,4.616456e-04,4.616456e-04
322,4.946934e-04,4.946934e-04,4.946934e-04
323,5.422505e-04,5.422505e-04,5.422505e-04
324,5.264451e-04,5.264451e-04,5.264451e-04
325,4.572045e-04,4.572045e-04,4.572045e-04
326,4.367777e-04,4.367777e-04,4.367777e-04
327,5.639131e-04,5.639131e-04,5.639131e-04
328,5.560075e-04,5.560075e-04,5.560075e-04
329,4.097725e-04,4.097725e-04,4.097725e-04
330,4.804197e-04,4.804197e-04,4.804197e-04
331,4.147992e-04,4.147992e-04,4.147992e-04
332,4.667477e-04,4.667477e-04,4.667477e-04
333,4.039568e-04,4.039568e-04,4.039568e-04
334,3.945923e-04,3.945923e-04,3.945923e-04
335,5.203645e-04,5.203645e-04,5.203645e-04
336,4.205220e-04,4.205220e-04,4.205220e-04
337,4.391633e-04,4.391633e-04,4.391633e-04
338,4.292383e-04,4.292383e-04,4.292383e-04
339,4.826589e-04,4.826589e-04,4.826589e-04
340,4.435140e-04,4.435140e-04,4.435140e-04
341,4.590976e-04,4.590976e-04,4.590976e-04
342,4.264675e-04,4.264675e-04,4.264675e-04
343,4.772622e-04,4.772622e-04,4.772622e-04
344,4.669882e-04,4.669882e-04,4.669882e-04
345,3.797156e-04,3.797156e-04,3.797156e-04
346,4.183796e-04,4.183796e-04,4.183796e-04
347,3.607353e-04,3.607353e-04,3.607353e-04
348,4.123418e-04,4.123418e-04,4.123418e-04
349,4.382816e-04,4.382816e-04,4.382816e-04
350,3.708391e-04,3.708391e-04,3.708391e-04
351,4.012711e-04,4.012711e-04,4.012711e-04
352,3.929242e-04,3.929242e-04,3.929242e-04
353,4.094605e-04,4.094605e-04,4.094605e-04
354,4.269129e-04,4.269129e-04,4.269129e-04
355,3.783746e-04,3.783746e-04,3.783746e-04
356,4.645602e-04,4.645602e-04,4.645602e-04
357,4.509745e-04,4.509745e-04,4.509745e-04
358,3.826806e-04,3.826806e-04,3.826806e-04
359,3.678483e-04,3.678483e-04,3.678483e-04
360,4.116610e-04,4.116610e-04,4.116610e-04
361,3.818738e-04,3.818738e-04,3.818738e-04
362,3.529255e-04,3.529255e-04,3.529255e-04
363,3.499397e-04,3.499397e-04,3.499397e-04
364,3.645562e-04,3.645562e-04,3.645562e-04
365,4.498942e-04,4.498942e-04,4.498942e-04
366,3.148220e-04,3.148220e-04,3.148220e-04
367,3.584919e-04,3.584919e-04,3.584919e-04
368,3.790852e-04,3.790852e-04,3.790852e-04
369,3.873827e-04,3.873827e-04,3.873827e-04
370,4.171504e-04,4.171504e-04,4.171504e-04
371,3.516434e-04,3.516434e-04,3.516434e-04
372,4.187515e-04,4.187515e-04,4.187515e-04
373,3.712160e-04,3.712160e-04,3.712160e-04
374,3.475426e-04,3.475426e-04,3.475426e-04
375,3.421804e-04,3.421804e-04,3.421804e-04
376,3.783556e-04,3.783556e-04,3.783556e-04
377,3.400238e-04,3.400238e-04,3.400238e-04
378,3.439499e-04,3.439499e-04,3.439499e-04
379,3.280657e-04,3.280657e-04,3.280657e-04
380,3.134897e-04,3.134897e-04,3.134897e-04
381,3.612760e-04,3.612760e-04,3.612760e-04
382,3.216846e-04,3.216846e-04,3.216846e-04
383,3.414123e-04,3.414123e-04,3.414123e-04
384,3.541115e-04,3.541115e-04,3.541115e-04
385,3.416333e-04,3.416333e-04,3.416333e-04
386,4.148592e-04,4.148592e-04,4.148592e-04
387,3.333690e-04,3.333690e-04,3.333690e-04
388,3.106016e-04,3.106016e-04,3.106016e-04
389,3.599680e-04,3.599680e-04,3.599680e-04
390,3.357870e-04,3.357870e-04,3.357870e-04
391,3.521770e-04,3.521770e-04,3.521770e-04
392,2.992074e-04,2.992074e-04,2.992074e-04
393,3.172762e-04,3.172762e-04,3.172762e-04
394,3.205418e-04,3.205418e-04,3.205418e-04
395,2.969121e-04,2.969121e-04,2.969121e-04
396,2.806831e-04,2.806831e-04,2.806831e-04
397,3.375186e-04,3.375186e-04,3.375186e-04
398,3.544700e-04,3.544700e-04,3.544700e-04
399,2.954859e-04,2.954859e-04,2.954859e-04
400,3.309743e-04,3.309743e-04,3.309743e-04
401,2.989190e-04,2.989190e-04,2.989190e-04
402,3.872519e-04,3.872519e-04,3.872519e-04
403,3.017993e-04,3.017993e-04,3.017993e-04
404,2.904430e-04,2.904430e-04,2.904430e-04
405,3.494813e-04,3.494813e-04,3.494813e-04
406,3.066908e-04,3.066908e-04,3.066908e-04
407,3.077662e-04,3.077662e-04,3.077662e-04
408,2.751112e-04,2.751112e-04,2.751112e-04
409,2.804059e-04,2.804059e-04,2.804059e-04
410,2.873732e-04,2.873732e-04,2.873732e-04
411,2.904441e-04,2.904441e-04,2.904441e-04
412,2.823115e-04,2.823115e-04,2.823115e-04
413,3.109334e-04,3.109334e-04,3.109334e-04
414,2.964556e-04,2.964556e-04,2.964556e-04
415,2.853060e-04,2.853060e-04,2.853060e-04
416,3.067702e-04,3.067702e-04,3.067702e-04
417,2.827821e-04,2.827821e-04,2.827821e-04
418,3.144901e-04,3.144901e-04,3.144901e-04
419,3.318414e-04,3.318414e-04,3.318414e-04
420,2.730221e-04,2.730221e-04,2.730221e-04
421,2.900110e-04,2.900110e-04,2.900110e-04
422,2.629344e-04,2.629344e-04,2.629344e-04
423,2.842046e-04,2.842046e-04,2.842046e-04
424,2.830201e-04,2.830201e-04,2.830201e-04
425,2.376249e-04,2.376249e-04,2.376249e-04
426,2.854347e-04,2.854347e-04,2.854347e-04
427,2.811160e-04,2.811160e-04,2.811160e-04
428,2.786124e-04,2.786124e-04,2.786124e-04
429,2.510976e-04,2.510976e-04,2.510976e-04
430,2.735354e-04,2.735354e-04,2.735354e-04
431,2.879148e-04,2.879148e-04,2.879148e-04
432,2.926995e-04,2.926995e-04,2.926995e-04
433,2.676401e-04,2.676401e-04,2.676401e-04
434,2.784405e-04,2.784405e-04,2.784405e-04
435,3.240242e-04,3.240242e-04,3.240242e-04
436,2.353141e-04,2.353141e-04,2.353141e-04
437,2.578422e-04,2.578422e-04,2.578422e-04
438,2.483047e-04,2.483047e-04,2.483047e-04
439,2.707609e-04,2.707609e-04,2.707609e-04
440,2.663786e-04,2.663786e-04,2.663786e-04
441,2.265370e-04,2.265370e-04,2.265370e-04
442,2.564119e-04,2.564119e-04,2.564119e-04
443,2.560857e-04,2.560857e-04,2.560857e-04
444,2.468499e-04,2.468499e-04,2.468499e-04
445,2.550041e-04,2.550041e-04,2.550041e-04
446,2.596623e-04,2.596623e-04,2.596623e-04
447,2.652356e-04,2.652356e-04,2.652356e-04
448,2.778556e-04,2.778556e-04,2.778556e-04
449,2.571604e-04,2.571604e-04,2.571604e-04
450,2.479460e-04,2.479460e-04,2.479460e-04
451,2.531217e-04,2.531217e-04,2.531217e-04
452,2.388489e-04,2.388489e-04,2.388489e-04
453,2.457543e-04,2.457543e-04,2.457543e-04
454,2.448733e-04,2.448733e-04,2.448733e-04
455,2.217062e-04,2.217062e-04,2.217062e-04
456,2.632259e-04,2.632259e-04,2.632259e-04
457,2.180037e-04,2.180037e-04,2.180037e-04
458,2.188924e-04,2.188924e-04,2.188924e-04
459,2.407763e-04,2.407763e-04,2.407763e-04
460,2.429890e-04,2.429890e-04,2.429890e-04
461,2.780756e-04,2.780756e-04,2.780756e-04
462,2.197406e-04,2.197406e-04,2.197406e-04
463,2.416837e-04,2.416837e-04,2.416837e-04
464,2.558769e-04,2.558769e-04,2.558769e-04
465,2.487583e-04,2.487583e-04,2.487583e-04
466,2.166681e-04,2.166681e-04,2.166681e-04
467,2.365334e-04,2.365334e-04,2.365334e-04
468,2.414645e-04,2.414645e-04,2.414645e-04
469,2.254020e-04,2.254020e-04,2.254020e-04
470,2.192011e-04,2.192011e-04,2.192011e-04
471,2.000125e-04,2.000125e-04,2.000125e-04
472,2.453523e-04,2.453523e-04,2.453523e-04
473,2.080077e-04,2.080077e-04,2.080077e-04
474,2.096710e-04,2.096710e-04,2.096710e-04
475,2.392859e-04,2.392859e-04,2.392859e-04
476,2.308634e-04,2.308634e-04,2.308634e-04
477,2.395175e-04,2.395175e-04,2.395175e-04
478,2.140385e-04,2.140385e-04,2.140385e-04
479,2.146610e-04,2.146610e-04,2.146610e-04
480,2.430182e-04,2.430182e-04,2.430182e-04
481,2.263649e-04,2.263649e-04,2.263649e-04
482,2.230054e-04,2.230054e-04,2.230054e-04
483,2.164983e-04,2.164983e-04,2.164983e-04
484,2.046278e-04,2.046278e-04,2.046278e-04
485,2.064704e-04,2.064704e-04,2.064704e-04
486,2.095360e-04,2.095360e-04,2.095360e-04
487,1.969309e-04,1.969309e-04,1.969309e-04
488,2.038308e-04,2.038308e-04,2.038308e-04
489,2.213013e-04,2.213013e-04,2.213013e-04
490,2.015991e-04,2.015991e-04,2.015991e-04
491,2.247455e-04,2.247455e-04,2.247455e-04
492,1.929036e-04,1.929036e-04,1.929036e-04
493,2.270005e-04,2.270005e-04,2.270005e-04
494,2.259289e-04,2.259289e-04,2.259289e-04
495,1.933981e-04,1.933981e-04,1.933981e-04
496,2.252527e-04,2.252527e-04,2.252527e-04
497,2.127059e-04,2.127059e-04,2.127059e-04
498,2.181847e-04,2.181847e-04,2.181847e-04
499,1.832490e-04,1.832490e-04,1.832490e-04
500,1.853744e-04,1.853744e-04,1.853744e-04
501,2.006495e-04,2.006495e-04,2.006495e-04
502,2.115092e-04,2.115092e-04,2.115092e-04
503,1.832859e-04,1.832859e-04,1.832859e-04
504,1.889527e-04,1.889527e-04,1.889527e-04
505,2.103039e-04,2.103039e-04,2.103039e-04
506,1.881992e-04,1.881992e-04,1.881992e-04
507,2.019994e-04,2.019994e-04,2.019994e-04
508,1.906721e-04,1.906721e-04,1.906721e-04
509,2.153329e-04,2.153329e-04,2.153329e-04
510,2.171449e-04,2.171449e-04,2.171449e-04
511,1.835257e-04,1.835257e-04,1.835257e-04
512,2.018469e-04,2.018469e-04,2.018469e-04
513,1.963310e-04,1.963310e-04,1.963310e-04
514,1.836290e-04,1.836290e-04,1.836290e-04
515,1.887327e-04,1.887327e-04,1.887327e-04
516,1.746288e-04,1.746288e-04,1.746288e-04
517,1.914942e-04,1.914942e-04,1.914942e-04
518,1.883965e-04,1.883965e-04,1.883965e-04
519,1.811887e-04,1.811887e-04,1.811887e-04
520,1.769792e-04,1.769792e-04,1.769792e-04
521,1.804108e-04,1.804108e-04,1.804108e-04
522,1.870092e-04,1.870092e-04,1.870092e-04
523,2.019253e-04,2.019253e-04,2.019253e-04
524,1.983379e-04,1.983379e-04,1.983379e-04
525,1.742670e-04,1.742670e-04,1.742670e-04
526,2.082946e-04,2.082946e-04,2.082946e-04
527,1.758519e-04,1.758519e-04,1.758519e-04
528,1.846104e-04,1.846104e-04,1.846104e-04
529,1.746791e-04,1.746791e-04,1.746791e-04
530,1.759516e-04,1.759516e-04,1.759516e-04
531,1.969997e-04,1.969997e-04,1.969997e-04
532,1.595149e-04,1.595149e-04,1.595149e-04
533,1.678331e-04,1.678331e-04,1.678331e-04
534,1.763690e-04,1.763690e-04,1.763690e-04
535,1.795941e-04,1.795941e-04,1.795941e-04
536,1.650389e-04,1.650389e-04,1.650389e-04
537,1.729544e-04,1.729544e-04,1.729544e-04
538,1.853593e-04,1.853593e-04,1.853593e-04
539,1.966934e-04,1.966934e-04,1.966934e-04
540,1.751995e-04,1.751995e-04,1.751995e-04
541,1.616003e-04,1.616003e-04,1.616003e-04
542,1.886079e-04,1.886079e-04,1.886079e-04
543,1.738657e-04,1.738657e-04,1.738657e-04
544,1.695413e-04,1.695413e-04,1.695413e-04
545,1.740136e-04,1.740136e-04,1.740136e-04
546,1.618016e-04,1.618016e-04,1.618016e-04
547,1.714975e-04,1.714975e-04,1.714975e-04
548,1.544173e-04,1.544173e-04,1.544173e-04
549,1.546874e-04,1.546874e-04,1.546874e-04
550,1.760904e-04,1.760904e-04,1.760904e-04
551,1.607028e-04,1.607028e-04,1.607028e-04
552,1.745854e-04,1.745854e-04,1.745854e-04
553,1.639076e-04,1.639076e-04,1.639076e-04
554,1.673177e-04,1.673177e-04,1.673177e-04
555,1.712147e-04,1.712147e-04,1.712147e-04
556,1.733998e-04,1.733998e-04,1.733998e-04
557,1.622440e-04,1.622440e-04,1.622440e-04
558,1.630985e-04,1.630985e-04,1.630985e-04
559,1.703790e-04,1.703790e-04,1.703790e-04
560,1.609537e-04,1.609537e-04,1.609537e-04
561,1.683240e-04,1.683240e-04,1.683240e-04
562,1.376946e-04,1.376946e-04,1.376946e-04
563,1.597653e-04,1.597653e-04,1.597653e-04
564,1.598364e-04,1.598364e-04,1.598364e-04
565,1.506866e-04,1.506866e-04,1.506866e-04
566,1.600536e-04,1.600536e-04,1.600536e-04
567,1.532514e-04,1.532514e-04,1.532514e-04
568,1.699686e-04,1.699686e-04,1.699686e-04
569,1.529108e-04,1.529108e-04,1.529108e-04
570,1.495564e-04,1.495564e-04,1.495564e-04
571,1.679723e-04,1.679723e-04,1.679723e-04
572,1.751642e-04,1.751642e-04,1.751642e-04
573,1.518135e-04,1.518135e-04,1.518135e-04
574,1.501286e-04,1.501286e-04,1.501286e-04
575,1.550147e-04,1.550147e-04,1.550147e-04
576,1.528568e-04,1.528568e-04,1.528568e-04
577,1.486746e-04,1.486746e-04,1.486746e-04
578,1.374201e-04,1.374201e-04,1.374201e-04
579,1.487519e-04,1.487519e-04,1.487519e-04
580,1.594755e-04,1.594755e-04,1.594755e-04
581,1.397229e-04,1.397229e-04,1.397229e-04
582,1.524091e-04,1.524091e-04,1.524091e-04
583,1.452465e-04,1.452465e-04,1.452465e-04
584,1.481806e-04,1.481806e-04,1.481806e-04
585,1.598377e-04,1.598377e-04,1.598377e-04
586,1.447454e-04,1.447454e-04,1.447454e-04
587,1.646853e-04,1.646853e-04,1.646853e-04
588,1.487036e-04,1.487036e-04,1.487036e-04
589,1.484205e-04,1.484205e-04,1.484205e-04
590,1.413826e-04,1.413826e-04,1.413826e-04
591,1.402271e-04,1.402271e-04,1.402271e-04
592,1.407058e-04,1.407058e-04,1.407058e-04
593,1.489201e-04,1.489201e-04,1.489201e-04
594,1.408030e-04,1.408030e-04,1.408030e-04
595,1.293366e-04,1.293366e-04,1.293366e-04
596,1.468317e-04,1.468317e-04,1.468317e-04
597,1.361403e-04,1.361403e-04,1.361403e-04
598,1.500586e-04,1.500586e-04,1.500586e-04
599,1.339147e-04,1.339147e-04,1.339147e-04
600,1.416317e-04,1.416317e-04,1.416317e-04
601,1.643797e-04,1.643797e-04,1.643797e-04
602,1.401067e-04,1.401067e-04,1.401067e-04
603,1.389671e-04,1.389671e-04,1.389671e-04
604,1.397071e-04,1.397071e-04,1.397071e-04
605,1.414707e-04,1.414707e-04,1.414707e-04
606,1.384169e-04,1.384169e-04,1.384169e-04
607,1.300511e-04,1.300511e-04,1.300511e-04
608,1.358701e-04,1.358701e-04,1.358701e-04
609,1.432791e-04,1.432791e-04,1.432791e-04
610,1.276585e-04,1.276585e-04,1.276585e-04
611,1.229003e-04,1.229003e-04,1.229003e-04
612,1.359382e-04,1.359382e-04,1.359382e-04
613,1.398758e-04,1.398758e-04,1.398758e-04
614,1.373550e-04,1.373550e-04,1.373550e-04
615,1.386613e-04,1.386613e-04,1.386613e-04
616,1.297374e-04,1.297374e-04,1.297374e-04
617,1.492649e-04,1.492649e-04,1.492649e-04
618,1.312112e-04,1.312112e-04,1.312112e-04
619,1.318185e-04,1.318185e-04,1.318185e-04
620,1.389403e-04,1.389403e-04,1.389403e-04
621,1.254183e-04,1.254183e-04,1.254183e-04
622,1.394969e-04,1.394969e-04,1.394969e-04
623,1.241392e-04,1.241392e-04,1.241392e-04
624,1.261651e-04,1.261651e-04,1.261651e-04
625,1.232077e-04,1.232077e-04,1.232077e-04
626,1.267285e-04,1.267285e-04,1.267285e-04
627,1.251864e-04,1.251864e-04,1.251864e-04
628,1.288693e-04,1.288693e-04,1.288693e-04
629,1.300229e-04,1.300229e-04,1.300229e-04
630,1.334087e-04,1.334087e-04,1.334087e-04
631,1.372901e-04,1.372901e-04,1.372901e-04
632,1.161287e-04,1.161287e-04,1.161287e-04
633,1.343117e-04,1.343117e-04,1.343117e-04
634,1.347620e-04,1.347620e-04,1.347620e-04
635,1.310698e-04,1.310698e-04,1.310698e-04
636,1.256751e-04,1.256751e-04,1.256751e-04
637,1.163084e-04,1.163084e-04,1.163084e-04
638,1.299401e-04,1.299401e-04,1.299401e-04
639,1.220866e-04,1.220866e-04,1.220866e-04
640,1.117738e-04,1.117738e-04,1.117738e-04
641,1.226299e-04,1.226299e-04,1.226299e-04
642,1.248704e-04,1.248704e-04,1.248704e-04
643,1.236058e-04,1.236058e-04,1.236058e-04
644,1.193494e-04,1.193494e-04,1.193494e-04
645,1.213167e-04,1.213167e-04,1.213167e-04
646,1.286412e-04,1.286412e-04,1.286412e-04
647,1.250987e-04,1.250987e-04,1.250987e-04
648,1.180951e-04,1.180951e-04,1.180951e-04
649,1.248249e-04,1.248249e-04,1.248249e-04
650,1.347078e-04,1.347078e-04,1.347078e-04
651,1.154536e-04,1.154536e-04,1.154536e-04
652,1.215047e-04,1.215047e-04,1.215047e-04
653,1.090385e-04,1.090385e-04,1.090385e-04
654,1.170617e-04,1.170617e-04,1.170617e-04
655,1.209359e-04,1.209359e-04,1.209359e-04
656,1.104992e-04,1.104992e-04,1.104992e-04
657,1.215019e-04,1.215019e-04,1.215019e-04
658,1.102295e-04,1.102295e-04,1.102295e-04
659,1.184576e-04,1.184576e-04,1.184576e-04
660,1.175161e-04,1.175161e-04,1.175161e-04
661,1.168239e-04,1.168239e-04,1.168239e-04
662,1.165894e-04,1.165894e-04,1.165894e-04
663,1.254426e-04,1.254426e-04,1.254426e-04
664,1.202162e-04,1.202162e-04,1.202162e-04
665,1.142039e-04,1.142039e-04,1.142039e-04
666,1.162208e-04,1.162208e-04,1.162208e-04
667,1.112246e-04,1.112246e-04,1.112246e-04
668,1.189881e-04,1.189881e-04,1.189881e-04
669,1.045792e-04,1.045792e-04,1.045792e-04
670,1.075086e-04,1.075086e-04,1.075086e-04
671,1.212153e-04,1.212153e-04,1.212153e-04
672,1.091103e-04,1.091103e-04,1.091103e-04
673,1.066649e-04,1.066649e-04,1.066649e-04
674,1.058933e-04,1.058933e-04,1.058933e-04
675,1.123492e-04,1.123492e-04,1.123492e-04
676,1.233726e-04,1.233726e-04,1.233726e-04
677,1.077947e-04,1.077947e-04,1.077947e-04
678,1.142952e-04,1.142952e-04,1.142952e-04
679,1.178494e-04,1.178494e-04,1.178494e-04
680,1.118544e-04,1.118544e-04,1.118544e-04
681,1.065398e-04,1.065398e-04,1.065398e-04
682,1.087816e-04,1.087816e-04,1.087816e-04
683,1.112524e-04,1.112524e-04,1.112524e-04
684,1.083486e-04,1.083486e-04,1.083486e-04
685,1.061374e-04,1.061374e-04,1.061374e-04
686,9.909396e-05,9.909396e-05,9.909396e-05
687,1.137318e-04,1.137318e-04,1.137318e-04
688,1.001941e-04,1.001941e-04,1.001941e-04
689,1.055946e-04,1.055946e-04,1.055946e-04
690,1.072699e-04,1.072699e-04,1.072699e-04
691,1.045899e-04,1.045899e-04,1.045899e-04
692,1.188646e-04,1.188646e-04,1.188646e-04
693,1.061821e-04,1.061821e-04,1.061821e-04
694,1.077749e-04,1.077749e-04,1.077749e-04
695,1.038461e-04,1.038461e-04,1.038461e-04
696,1.067369e-04,1.067369e-04,1.067369e-04
697,1.088120e-04,1.088120e-04,1.088120e-04
698,1.062790e-04,1.062790e-04,1.062790e-04
699,9.911621e-05,9.911621e-05,9.911621e-05
700,1.030335e-04,1.030335e-04,1.030335e-04
701,1.033597e-04,1.033597e-04,1.033597e-04
702,9.457398e-05,9.457398e-05,9.457398e-05
703,1.006829e-04,1.006829e-04,1.006829e-04
704,1.028614e-04,1.028614e-04,1.028614e-04
705,1.058027e-04,1.058027e-04,1.058027e-04
706,1.037186e-04,1.037186e-04,1.037186e-04
707,9.585718e-05,9.585718e-05,9.585718e-05
708,1.108680e-04,1.108680e-04,1.108680e-04
709,1.074425e-04,1.074425e-04,1.074425e-04
710,9.652638e-05,9.652638e-05,9.652638e-05
711,1.036935e-04,1.036935e-04,1.036935e-04
712,1.012923e-04,1.012923e-04,1.012923e-04
713,1.087403e-04,1.087403e-04,1.087403e-04
714,9.574095e-05,9.574095e-05,9.574095e-05
715,9.324911e-05,9.324911e-05,9.324911e-05
716,9.731301e-05,9.731301e-05,9.731301e-05
717,9.791629e-05,9.791629e-05,9.791629e-05
718,9.443324e-05,9.443324e-05,9.443324e-05
719,9.709329e-05,9.709329e-05,9.709329e-05
720,1.025750e-04,1.025750e-04,1.025750e-04
721,9.471569e-05,9.471569e-05,9.471569e-05
722,1.021110e-04,1.021110e-04,1.021110e-04
723,9.221112e-05,9.221112e-05,9.221112e-05
724,1.040462e-04,1.040462e-04,1.040462e-04
725,1.025086e-04,1.025086e-04,1.025086e-04
726,9.643559e-05,9.643559e-05,9.643559e-05
727,1.018502e-04,1.018502e-04,1.018502e-04
728,9.174917e-05,9.174917e-05,9.174917e-05
729,9.695345e-05,9.695345e-05,9.695345e-05
730,9.530123e-05,9.530123e-05,9.530123e-05
731,9.052739e-05,9.052739e-05,9.052739e-05
732,9.046030e-05,9.046030e-05,9.046030e-05
733,9.469112e-05,9.469112e-05,9.469112e-05
734,9.555185e-05,9.555185e-05,9.555185e-05
735,9.426969e-05,9.426969e-05,9.426969e-05
736,8.966958e-05,8.966958e-05,8.966958e-05
737,9.212609e-05,9.212609e-05,9.212609e-05
738,1.009584e-04,1.009584e-04,1.009584e-04
739,9.426925e-05,9.426925e-05,9.426925e-05
740,9.281237e-05,9.281237e-05,9.281237e-05
741,1.015833e-04,1.015833e-04,1.015833e-04
742,9.313124e-05,9.313124e-05,9.313124e-05
743,9.274743e-05,9.274743e-05,9.274743e-05
744,8.622377e-05,8.622377e-05,8.622377e-05
745,9.033565e-05,9.033565e-05,9.033565e-05
746,9.944785e-05,9.944785e-05,9.944785e-05
747,8.396420e-05,8.396420e-05,8.396420e-05
748,8.866672e-05,8.866672e-05,8.866672e-05
749,8.847382e-05,8.847382e-05,8.847382e-05
750,9.205486e-05,9.205486e-05,9.205486e-05
751,8.822947e-05,8.822947e-05,8.822947e-05
752,8.789732e-05,8.789732e-05,8.789732e-05
753,9.173335e-05,9.173335e-05,9.173335e-05
754,9.561736e-05,9.561736e-05,9.561736e-05
755,9.327506e-05,9.327506e-05,9.327506e-05
756,8.739429e-05,8.739429e-05,8.739429e-05
757,9.521137e-05,9.521137e-05,9.521137e-05
758,8.449630e-05,8.449630e-05,8.449630e-05
759,9.064321e-05,9.064321e-05,9.064321e-05
760,8.712267e-05,8.712267e-05,8.712267e-05
761,8.544359e-05,8.544359e-05,8.544359e-05
762,9.072975e-05,9.072975e-05,9.072975e-05
763,8.281279e-05,8.281279e-05,8.281279e-05
764,8.454739e-05,8.454739e-05,8.454739e-05
765,8.352238e-05,8.352238e-05,8.352238e-05
766,8.486776e-05,8.486776e-05,8.486776e-05
767,9.232520e-05,9.232520e-05,9.232520e-05
768,8.836924e-05,8.836924e-05,8.836924e-05
769,8.426588e-05,8.426588e-05,8.426588e-05
770,8.890523e-05,8.890523e-05,8.890523e-05
771,9.033335e-05,9.033335e-05,9.033335e-05
772,8.663012e-05,8.663012e-05,8.663012e-05
773,8.390527e-05,8.390527e-05,8.390527e-05
774,8.467527e-05,8.467527e-05,8.467527e-05
775,8.784126e-05,8.784126e-05,8.784126e-05
776,8.708525e-05,8.708525e-05,8.708525e-05
777,7.626497e-05,7.626497e-05,7.626497e-05
778,8.497621e-05,8.497621e-05,8.497621e-05
779,8.251962e-05,8.251962e-05,8.251962e-05
780,7.980317e-05,7.980317e-05,7.980317e-05
781,8.343161e-05,8.343161e-05,8.343161e-05
782,8.125964e-05,8.125964e-05,8.125964e-05
783,9.313374e-05,9.313374e-05,9.313374e-05
784,8.126250e-05,8.126250e-05,8.126250e-05
785,8.066929e-05,8.066929e-05,8.066929e-05
786,8.423553e-05,8.423553e-05,8.423553e-05
787,8.759608e-05,8.759608e-05,8.759608e-05
788,8.372564e-05,8.372564e-05,8.372564e-05
789,8.230151e-05,8.230151e-05,8.230151e-05
790,8.160879e-05,8.160879e-05,8.160879e-05
791,7.957931e-05,7.957931e-05,7.957931e-05
792,8.228221e-05,8.228221e-05,8.228221e-05
793,7.473480e-05,7.473480e-05,7.473480e-05
794,8.116472e-05,8.116472e-05,8.116472e-05
795,7.880315e-05,7.880315e-05,7.880315e-05
796,7.905906e-05,7.905906e-05,7.905906e-05
797,8.369097e-05,8.369097e-05,8.369097e-05
798,7.729376e-05,7.729376e-05,7.729376e-05
799,8.123150e-05,8.123150e-05,8.123150e-05
800,8.263280e-05,8.263280e-05,8.263280e-05
801,7.920114e-05,7.920114e-05,7.920114e-05
802,8.228086e-05,8.228086e-05,8.228086e-05
803,8.026044e-05,8.026044e-05,8.026044e-05
804,8.330965e-05,8.330965e-05,8.330965e-05
805,8.008586e-05,8.008586e-05,8.008586e-05
806,7.306158e-05,7.306158e-05,7.306158e-05
807,7.504289e-05,7.504289e-05,7.504289e-05
808,8.024558e-05,8.024558e-05,8.024558e-05
809,7.784904e-05,7.784904e-05,7.784904e-05
810,7.325517e-05,7.325517e-05,7.325517e-05
811,7.771348e-05,7.771348e-05,7.771348e-05
812,7.555308e-05,7.555308e-05,7.555308e-05
813,8.138865e-05,8.138865e-05,8.138865e-05
814,7.273101e-05,7.273101e-05,7.273101e-05
815,7.748483e-05,7.748483e-05,7.748483e-05
816,8.526241e-05,8.526241e-05,8.526241e-05
817,7.546619e-05,7.546619e-05,7.546619e-05
818,7.924692e-05,7.924692e-05,7.924692e-05
819,7.485965e-05,7.485965e-05,7.485965e-05
820,7.897880e-05,7.897880e-05,7.897880e-05
821,7.458960e-05,7.458960e-05,7.458960e-05
822,7.169586e-05,7.169586e-05,7.169586e-05
823,7.355468e-05,7.355468e-05,7.355468e-05
824,7.739453e-05,7.739453e-05,7.739453e-05
825,7.387060e-05,7.387060e-05,7.387060e-05
826,7.130075e-05,7.130075e-05,7.130075e-05
827,7.381151e-05,7.381151e-05,7.381151e-05
828,7.136068e-05,7.136068e-05,7.136068e-05
829,7.828534e-05,7.828534e-05,7.828534e-05
830,7.578652e-05,7.578652e-05,7.578652e-05
831,7.475054e-05,7.475054e-05,7.475054e-05
832,7.772908e-05,7.772908e-05,7.772908e-05
833,7.295773e-05,7.295773e-05,7.295773e-05
834,7.579889e-05,7.579889e-05,7.579889e-05
835,7.319492e-05,7.319492e-05,7.319492e-05
836,6.991558e-05,6.991558e-05,6.991558e-05
837,7.672246e-05,7.672246e-05,7.672246e-05
838,7.097670e-05,7.097670e-05,7.097670e-05
839,7.014711e-05,7.014711e-05,7.014711e-05
840,6.972756e-05,6.972756e-05,6.972756e-05
841,7.153464e-05,7.153464e-05,7.153464e-05
842,7.201353e-05,7.201353e-05,7.201353e-05
843,6.895011e-05,6.895011e-05,6.895011e-05
844,7.067054e-05,7.067054e-05,7.067054e-05
845,7.595100e-05,7.595100e-05,7.595100e-05
846,7.790465e-05,7.790465e-05,7.790465e-05
847,6.700556e-05,6.700556e-05,6.700556e-05
848,7.332844e-05,7.332844e-05,7.332844e-05
849,7.113244e-05,7.113244e-05,7.113244e-05
850,7.372182e-05,7.372182e-05,7.372182e-05
851,7.113480e-05,7.113480e-05,7.113480e-05
852,6.674366e-05,6.674366e-05,6.674366e-05
853,7.446200e-05,7.446200e-05,7.446200e-05
854,6.669433e-05,6.669433e-05,6.669433e-05
855,6.631930e-05,6.631930e-05,6.631930e-05
856,6.759097e-05,6.759097e-05,6.759097e-05
857,6.992671e-05,6.992671e-05,6.992671e-05
858,6.976071e-05,6.976071e-05,6.976071e-05
859,6.911402e-05,6.911402e-05,6.911402e-05
860,6.856835e-05,6.856835e-05,6.856835e-05
861,7.134913e-05,7.134913e-05,7.134913e-05
862,7.148361e-05,7.148361e-05,7.148361e-05
863,6.742786e-05,6.742786e-05,6.742786e-05
864,7.047102e-05,7.047102e-05,7.047102e-05
865,6.889069e-05,6.889069e-05,6.889069e-05
866,6.927661e-05,6.927661e-05,6.927661e-05
867,7.129489e-05,7.129489e-05,7.129489e-05
868,6.380216e-05,6.380216e-05,6.380216e-05
869,6.530361e-05,6.530361e-05,6.530361e-05
870,6.625648e-05,6.625648e-05,6.625648e-05
871,6.532028e-05,6.532028e-05,6.532028e-05
872,6.909417e-05,6.909417e-05,6.909417e-05
873,6.337160e-05,6.337160e-05,6.337160e-05
874,6.927709e-05,6.927709e-05,6.927709e-05
875,6.803254e-05,6.803254e-05,6.803254e-05
876,6.507846e-05,6.507846e-05,6.507846e-05
877,6.619138e-05,6.619138e-05,6.619138e-05
878,7.004872e-05,7.004872e-05,7.004872e-05
879,7.006029e-05,7.006029e-05,7.006029e-05
880,6.534565e-05,6.534565e-05,6.534565e-05
881,6.582534e-05,6.582534e-05,6.582534e-05
882,6.468047e-05,6.468047e-05,6.468047e-05
883,6.987451e-05,6.987451e-05,6.987451e-05
884,5.993044e-05,5.993044e-05,5.993044e-05
885,6.270972e-05,6.270972e-05,6.270972e-05
886,6.651903e-05,6.651903e-05,6.651903e-05
887,6.396220e-05,6.396220e-05,6.396220e-05
888,6.568626e-05,6.568626e-05,6.568626e-05
889,6.104623e-05,6.104623e-05,6.104623e-05
890,6.554274e-05,6.554274e-05,6.554274e-05
891,6.601164e-05,6.601164e-05,6.601164e-05
892,6.377322e-05,6.377322e-05,6.377322e-05
893,6.619005e-05,6.619005e-05,6.619005e-05
894,6.778275e-05,6.778275e-05,6.778275e-05
895,6.479037e-05,6.479037e-05,6.479037e-05
896,6.364073e-05,6.364073e-05,6.364073e-05
897,6.235128e-05,6.235128e-05,6.235128e-05
898,6.209229e-05,6.209229e-05,6.209229e-05
899,6.429518e-05,6.429518e-05,6.429518e-05
900,6.227352e-05,6.227352e-05,6.227352e-05
901,6.054598e-05,6.054598e-05,6.054598e-05
902,6.266062e-05,6.266062e-05,6.266062e-05
903,5.983400e-05,5.983400e-05,5.983400e-05
904,6.442191e-05,6.442191e-05,6.442191e-05
905,6.174076e-05,6.174076e-05,6.174076e-05
906,5.954567e-05,5.954567e-05,5.954567e-05
907,6.710345e-05,6.710345e-05,6.710345e-05
908,6.323584e-05,6.323584e-05,6.323584e-05
909,6.539945e-05,6.539945e-05,6.539945e-05
910,6.014763e-05,6.014763e-05,6.014763e-05
911,6.184082e-05,6.184082e-05,6.184082e-05
912,6.341301e-05,6.341301e-05,6.341301e-05
913,6.050231e-05,6.050231e-05,6.050231e-05
914,5.915596e-05,5.915596e-05,5.915596e-05
915,6.172775e-05,6.172775e-05,6.172775e-05
916,6.251442e-05,6.251442e-05,6.251442e-05
917,5.622832e-05,5.622832e-05,5.622832e-05
918,5.925646e-05,5.925646e-05,5.925646e-05
919,5.847265e-05,5.847265e-05,5.847265e-05
920,6.433296e-05,6.433296e-05,6.433296e-05
921,6.062473e-05,6.062473e-05,6.062473e-05
922,5.789390e-05,5.789390e-05,5.789390e-05
923,6.443588e-05,6.443588e-05,6.443588e-05
924,6.103131e-05,6.103131e-05,6.103131e-05
925,6.040381e-05,6.040381e-05,6.040381e-05
926,5.969606e-05,5.969606e-05,5.969606e-05
927,5.923511e-05,5.923511e-05,5.923511e-05
928,6.157805e-05,6.157805e-05,6.157805e-05
929,5.888085e-05,5.888085e-05,5.888085e-05
930,5.737183e-05,5.737183e-05,5.737183e-05
931,5.845535e-05,5.845535e-05,5.845535e-05
932,5.687802e-05,5.687802e-05,5.687802e-05
933,5.679749e-05,5.679749e-05,5.679749e-05
934,5.816771e-05,5.816771e-05,5.816771e-05
935,5.858366e-05,5.858366e-05,5.858366e-05
936,5.886356e-05,5.886356e-05,5.886356e-05
937,6.173741e-05,6.173741e-05,6.173741e-05
938,5.612374e-05,5.612374e-05,5.612374e-05
939,5.906959e-05,5.906959e-05,5.906959e-05
940,5.867860e-05,5.867860e-05,5.867860e-05
941,5.963378e-05,5.963378e-05,5.963378e-05
942,6.161627e-05,6.161627e-05,6.161627e-05
943,5.382408e-05,5.382408e-05,5.382408e-05
944,5.880840e-05,5.880840e-05,5.880840e-05
945,5.710916e-05,5.710916e-05,5.710916e-05
946,5.590023e-05,5.590023e-05,5.590023e-05
947,5.408267e-05,5.408267e-05,5.408267e-05
948,5.566397e-05,5.566397e-05,5.566397e-05
949,5.797101e-05,5.797101e-05,5.797101e-05
950,5.693591e-05,5.693591e-05,5.693591e-05
951,5.523771e-05,5.523771e-05,5.523771e-05
952,5.587912e-05,5.587912e-05,5.587912e-05
953,6.067245e-05,6.067245e-05,6.067245e-05
954,5.445121e-05,5.445121e-05,5.445121e-05
955,5.680457e-05,5.680457e-05,5.680457e-05
956,5.837799e-05,5.837799e-05,5.837799e-05
957,5.811606e-05,5.811606e-05,5.811606e-05
958,5.753378e-05,5.753378e-05,5.753378e-05
959,5.203651e-05,5.203651e-05,5.203651e-05
