matrix,i,j,rad
A,0,0,8.36450022359610962E-17
A,0,1,1.190355246781040254e-16
A,0,2,9.701174134984211113e-17
A,0,3,9.14391487481407674E-17
A,0,4,8.547287468774182193e-17
A,0,5,9.027009332658144178e-17
A,0,6,8.520175248603988751e-17
A,0,7,8.764529123241566338e-17
A,0,8,8.572089978111729267e-17
A,0,9,8.88355904388105824E-17
A,0,10,8.40410073548849799E-17
A,0,11,8.631824126481241565e-17
A,0,12,8.55702342466260011E-17
A,0,13,8.619125414472311744e-17
A,0,14,8.450832979626583330e-17
A,0,15,8.31783412484848872E-17
A,0,16,8.331725389139044151e-17
A,0,17,8.29390873189172276E-17
A,0,18,8.33022953367268941E-17
A,0,19,8.363158070115162896e-17
A,0,20,8.272225106809787543e-17
A,0,21,8.270446986287126277e-17
A,0,22,8.282698246144176863e-17
A,1,0,1.190355246781040254e-16
A,1,1,8.36450022359610962E-17
A,1,2,1.190355246781040254e-16
A,1,3,9.701174134984211113e-17
A,1,4,9.14391487481407674E-17
A,1,5,8.547287468774182193e-17
A,1,6,9.027009332658144178e-17
A,1,7,8.520175248603988751e-17
A,1,8,8.764529123241566338e-17
A,1,9,8.572089978111729267e-17
A,1,10,8.88355904388105824E-17
A,1,11,8.40410073548849799E-17
A,1,12,8.631824126481241565e-17
A,1,13,8.55702342466260011E-17
A,1,14,8.619125414472311744e-17
A,1,15,8.450832979626583330e-17
A,1,16,8.31783412484848872E-17
A,1,17,8.331725389139044151e-17
A,1,18,8.29390873189172276E-17
A,1,19,8.33022953367268941E-17
A,1,20,8.363158070115162896e-17
A,1,21,8.272225106809787543e-17
A,1,22,8.270446986287126277e-17
A,2,0,9.701174134984211113e-17
A,2,1,1.190355246781040254e-16
A,2,2,8.36450022359610962E-17
A,2,3,1.190355246781040254e-16
A,2,4,9.701174134984211113e-17
A,2,5,9.14391487481407674E-17
A,2,6,8.547287468774182193e-17
A,2,7,9.027009332658144178e-17
A,2,8,8.520175248603988751e-17
A,2,9,8.764529123241566338e-17
A,2,10,8.572089978111729267e-17
A,2,11,8.88355904388105824E-17
A,2,12,8.40410073548849799E-17
A,2,13,8.631824126481241565e-17
A,2,14,8.55702342466260011E-17
A,2,15,8.619125414472311744e-17
A,2,16,8.450832979626583330e-17
A,2,17,8.31783412484848872E-17
A,2,18,8.331725389139044151e-17
A,2,19,8.29390873189172276E-17
A,2,20,8.33022953367268941E-17
A,2,21,8.363158070115162896e-17
A,2,22,8.272225106809787543e-17
A,3,0,9.14391487481407674E-17
A,3,1,9.701174134984211113e-17
A,3,2,1.190355246781040254e-16
A,3,3,8.36450022359610962E-17
A,3,4,1.190355246781040254e-16
A,3,5,9.701174134984211113e-17
A,3,6,9.14391487481407674E-17
A,3,7,8.547287468774182193e-17
A,3,8,9.027009332658144178e-17
A,3,9,8.520175248603988751e-17
A,3,10,8.764529123241566338e-17
A,3,11,8.572089978111729267e-17
A,3,12,8.88355904388105824E-17
A,3,13,8.40410073548849799E-17
A,3,14,8.631824126481241565e-17
A,3,15,8.55702342466260011E-17
A,3,16,8.619125414472311744e-17
A,3,17,8.450832979626583330e-17
A,3,18,8.31783412484848872E-17
A,3,19,8.331725389139044151e-17
A,3,20,8.29390873189172276E-17
A,3,21,8.33022953367268941E-17
A,3,22,8.363158070115162896e-17
A,4,0,8.547287468774182193e-17
A,4,1,9.14391487481407674E-17
A,4,2,9.701174134984211113e-17
A,4,3,1.190355246781040254e-16
A,4,4,8.36450022359610962E-17
A,4,5,1.190355246781040254e-16
A,4,6,9.701174134984211113e-17
A,4,7,9.14391487481407674E-17
A,4,8,8.547287468774182193e-17
A,4,9,9.027009332658144178e-17
A,4,10,8.520175248603988751e-17
A,4,11,8.764529123241566338e-17
A,4,12,8.572089978111729267e-17
A,4,13,8.88355904388105824E-17
A,4,14,8.40410073548849799E-17
A,4,15,8.631824126481241565e-17
A,4,16,8.55702342466260011E-17
A,4,17,8.619125414472311744e-17
A,4,18,8.450832979626583330e-17
A,4,19,8.31783412484848872E-17
A,4,20,8.331725389139044151e-17
A,4,21,8.29390873189172276E-17
A,4,22,8.33022953367268941E-17
A,5,0,9.027009332658144178e-17
A,5,1,8.547287468774182193e-17
A,5,2,9.14391487481407674E-17
A,5,3,9.701174134984211113e-17
A,5,4,1.190355246781040254e-16
A,5,5,8.36450022359610962E-17
A,5,6,1.190355246781040254e-16
A,5,7,9.701174134984211113e-17
A,5,8,9.14391487481407674E-17
A,5,9,8.547287468774182193e-17
A,5,10,9.027009332658144178e-17
A,5,11,8.520175248603988751e-17
A,5,12,8.764529123241566338e-17
A,5,13,8.572089978111729267e-17
A,5,14,8.88355904388105824E-17
A,5,15,8.40410073548849799E-17
A,5,16,8.631824126481241565e-17
A,5,17,8.55702342466260011E-17
A,5,18,8.619125414472311744e-17
A,5,19,8.450832979626583330e-17
A,5,20,8.31783412484848872E-17
A,5,21,8.331725389139044151e-17
A,5,22,8.29390873189172276E-17
A,6,0,8.520175248603988751e-17
A,6,1,9.027009332658144178e-17
A,6,2,8.547287468774182193e-17
A,6,3,9.14391487481407674E-17
A,6,4,9.701174134984211113e-17
A,6,5,1.190355246781040254e-16
A,6,6,8.36450022359610962E-17
A,6,7,1.190355246781040254e-16
A,6,8,9.701174134984211113e-17
A,6,9,9.14391487481407674E-17
A,6,10,8.547287468774182193e-17
A,6,11,9.027009332658144178e-17
A,6,12,8.520175248603988751e-17
A,6,13,8.764529123241566338e-17
A,6,14,8.572089978111729267e-17
A,6,15,8.88355904388105824E-17
A,6,16,8.40410073548849799E-17
A,6,17,8.631824126481241565e-17
A,6,18,8.55702342466260011E-17
A,6,19,8.619125414472311744e-17
A,6,20,8.450832979626583330e-17
A,6,21,8.31783412484848872E-17
A,6,22,8.331725389139044151e-17
A,7,0,8.764529123241566338e-17
A,7,1,8.520175248603988751e-17
A,7,2,9.027009332658144178e-17
A,7,3,8.547287468774182193e-17
A,7,4,9.14391487481407674E-17
A,7,5,9.701174134984211113e-17
A,7,6,1.190355246781040254e-16
A,7,7,8.36450022359610962E-17
A,7,8,1.190355246781040254e-16
A,7,9,9.701174134984211113e-17
A,7,10,9.14391487481407674E-17
A,7,11,8.547287468774182193e-17
A,7,12,9.027009332658144178e-17
A,7,13,8.520175248603988751e-17
A,7,14,8.764529123241566338e-17
A,7,15,8.572089978111729267e-17
A,7,16,8.88355904388105824E-17
A,7,17,8.40410073548849799E-17
A,7,18,8.631824126481241565e-17
A,7,19,8.55702342466260011E-17
A,7,20,8.619125414472311744e-17
A,7,21,8.450832979626583330e-17
A,7,22,8.31783412484848872E-17
A,8,0,8.572089978111729267e-17
A,8,1,8.764529123241566338e-17
A,8,2,8.520175248603988751e-17
A,8,3,9.027009332658144178e-17
A,8,4,8.547287468774182193e-17
A,8,5,9.14391487481407674E-17
A,8,6,9.701174134984211113e-17
A,8,7,1.190355246781040254e-16
A,8,8,8.36450022359610962E-17
A,8,9,1.190355246781040254e-16
A,8,10,9.701174134984211113e-17
A,8,11,9.14391487481407674E-17
A,8,12,8.547287468774182193e-17
A,8,13,9.027009332658144178e-17
A,8,14,8.520175248603988751e-17
A,8,15,8.764529123241566338e-17
A,8,16,8.572089978111729267e-17
A,8,17,8.88355904388105824E-17
A,8,18,8.40410073548849799E-17
A,8,19,8.631824126481241565e-17
A,8,20,8.55702342466260011E-17
A,8,21,8.619125414472311744e-17
A,8,22,8.450832979626583330e-17
A,9,0,8.88355904388105824E-17
A,9,1,8.572089978111729267e-17
A,9,2,8.764529123241566338e-17
A,9,3,8.520175248603988751e-17
A,9,4,9.027009332658144178e-17
A,9,5,8.547287468774182193e-17
A,9,6,9.14391487481407674E-17
A,9,7,9.701174134984211113e-17
A,9,8,1.190355246781040254e-16
A,9,9,8.36450022359610962E-17
A,9,10,1.190355246781040254e-16
A,9,11,9.701174134984211113e-17
A,9,12,9.14391487481407674E-17
A,9,13,8.547287468774182193e-17
A,9,14,9.027009332658144178e-17
A,9,15,8.520175248603988751e-17
A,9,16,8.764529123241566338e-17
A,9,17,8.572089978111729267e-17
A,9,18,8.88355904388105824E-17
A,9,19,8.40410073548849799E-17
A,9,20,8.631824126481241565e-17
A,9,21,8.55702342466260011E-17
A,9,22,8.619125414472311744e-17
A,10,0,8.40410073548849799E-17
A,10,1,8.88355904388105824E-17
A,10,2,8.572089978111729267e-17
A,10,3,8.764529123241566338e-17
A,10,4,8.520175248603988751e-17
A,10,5,9.027009332658144178e-17
A,10,6,8.547287468774182193e-17
A,10,7,9.14391487481407674E-17
A,10,8,9.701174134984211113e-17
A,10,9,1.190355246781040254e-16
A,10,10,8.36450022359610962E-17
A,10,11,1.190355246781040254e-16
A,10,12,9.701174134984211113e-17
A,10,13,9.14391487481407674E-17
A,10,14,8.547287468774182193e-17
A,10,15,9.027009332658144178e-17
A,10,16,8.520175248603988751e-17
A,10,17,8.764529123241566338e-17
A,10,18,8.572089978111729267e-17
A,10,19,8.88355904388105824E-17
A,10,20,8.40410073548849799E-17
A,10,21,8.631824126481241565e-17
A,10,22,8.55702342466260011E-17
A,11,0,8.631824126481241565e-17
A,11,1,8.40410073548849799E-17
A,11,2,8.88355904388105824E-17
A,11,3,8.572089978111729267e-17
A,11,4,8.764529123241566338e-17
A,11,5,8.520175248603988751e-17
A,11,6,9.027009332658144178e-17
A,11,7,8.547287468774182193e-17
A,11,8,9.14391487481407674E-17
A,11,9,9.701174134984211113e-17
A,11,10,1.190355246781040254e-16
A,11,11,8.36450022359610962E-17
A,11,12,1.190355246781040254e-16
A,11,13,9.701174134984211113e-17
A,11,14,9.14391487481407674E-17
A,11,15,8.547287468774182193e-17
A,11,16,9.027009332658144178e-17
A,11,17,8.520175248603988751e-17
A,11,18,8.764529123241566338e-17
A,11,19,8.572089978111729267e-17
A,11,20,8.88355904388105824E-17
A,11,21,8.40410073548849799E-17
A,11,22,8.631824126481241565e-17
A,12,0,8.55702342466260011E-17
A,12,1,8.631824126481241565e-17
A,12,2,8.40410073548849799E-17
A,12,3,8.88355904388105824E-17
A,12,4,8.572089978111729267e-17
A,12,5,8.764529123241566338e-17
A,12,6,8.520175248603988751e-17
A,12,7,9.027009332658144178e-17
A,12,8,8.547287468774182193e-17
A,12,9,9.14391487481407674E-17
A,12,10,9.701174134984211113e-17
A,12,11,1.190355246781040254e-16
A,12,12,8.36450022359610962E-17
A,12,13,1.190355246781040254e-16
A,12,14,9.701174134984211113e-17
A,12,15,9.14391487481407674E-17
A,12,16,8.547287468774182193e-17
A,12,17,9.027009332658144178e-17
A,12,18,8.520175248603988751e-17
A,12,19,8.764529123241566338e-17
A,12,20,8.572089978111729267e-17
A,12,21,8.88355904388105824E-17
A,12,22,8.40410073548849799E-17
A,13,0,8.619125414472311744e-17
A,13,1,8.55702342466260011E-17
A,13,2,8.631824126481241565e-17
A,13,3,8.40410073548849799E-17
A,13,4,8.88355904388105824E-17
A,13,5,8.572089978111729267e-17
A,13,6,8.764529123241566338e-17
A,13,7,8.520175248603988751e-17
A,13,8,9.027009332658144178e-17
A,13,9,8.547287468774182193e-17
A,13,10,9.14391487481407674E-17
A,13,11,9.701174134984211113e-17
A,13,12,1.190355246781040254e-16
A,13,13,8.36450022359610962E-17
A,13,14,1.190355246781040254e-16
A,13,15,9.701174134984211113e-17
A,13,16,9.14391487481407674E-17
A,13,17,8.547287468774182193e-17
A,13,18,9.027009332658144178e-17
A,13,19,8.520175248603988751e-17
A,13,20,8.764529123241566338e-17
A,13,21,8.572089978111729267e-17
A,13,22,8.88355904388105824E-17
A,14,0,8.450832979626583330e-17
A,14,1,8.619125414472311744e-17
A,14,2,8.55702342466260011E-17
A,14,3,8.631824126481241565e-17
A,14,4,8.40410073548849799E-17
A,14,5,8.88355904388105824E-17
A,14,6,8.572089978111729267e-17
A,14,7,8.764529123241566338e-17
A,14,8,8.520175248603988751e-17
A,14,9,9.027009332658144178e-17
A,14,10,8.547287468774182193e-17
A,14,11,9.14391487481407674E-17
A,14,12,9.701174134984211113e-17
A,14,13,1.190355246781040254e-16
A,14,14,8.36450022359610962E-17
A,14,15,1.190355246781040254e-16
A,14,16,9.701174134984211113e-17
A,14,17,9.14391487481407674E-17
A,14,18,8.547287468774182193e-17
A,14,19,9.027009332658144178e-17
A,14,20,8.520175248603988751e-17
A,14,21,8.764529123241566338e-17
A,14,22,8.572089978111729267e-17
A,15,0,8.31783412484848872E-17
A,15,1,8.450832979626583330e-17
A,15,2,8.619125414472311744e-17
A,15,3,8.55702342466260011E-17
A,15,4,8.631824126481241565e-17
A,15,5,8.40410073548849799E-17
A,15,6,8.88355904388105824E-17
A,15,7,8.572089978111729267e-17
A,15,8,8.764529123241566338e-17
A,15,9,8.520175248603988751e-17
A,15,10,9.027009332658144178e-17
A,15,11,8.547287468774182193e-17
A,15,12,9.14391487481407674E-17
A,15,13,9.701174134984211113e-17
A,15,14,1.190355246781040254e-16
A,15,15,8.36450022359610962E-17
A,15,16,1.190355246781040254e-16
A,15,17,9.701174134984211113e-17
A,15,18,9.14391487481407674E-17
A,15,19,8.547287468774182193e-17
A,15,20,9.027009332658144178e-17
A,15,21,8.520175248603988751e-17
A,15,22,8.764529123241566338e-17
A,16,0,8.331725389139044151e-17
A,16,1,8.31783412484848872E-17
A,16,2,8.450832979626583330e-17
A,16,3,8.619125414472311744e-17
A,16,4,8.55702342466260011E-17
A,16,5,8.631824126481241565e-17
A,16,6,8.40410073548849799E-17
A,16,7,8.88355904388105824E-17
A,16,8,8.572089978111729267e-17
A,16,9,8.764529123241566338e-17
A,16,10,8.520175248603988751e-17
A,16,11,9.027009332658144178e-17
A,16,12,8.547287468774182193e-17
A,16,13,9.14391487481407674E-17
A,16,14,9.701174134984211113e-17
A,16,15,1.190355246781040254e-16
A,16,16,8.36450022359610962E-17
A,16,17,1.190355246781040254e-16
A,16,18,9.701174134984211113e-17
A,16,19,9.14391487481407674E-17
A,16,20,8.547287468774182193e-17
A,16,21,9.027009332658144178e-17
A,16,22,8.520175248603988751e-17
A,17,0,8.29390873189172276E-17
A,17,1,8.331725389139044151e-17
A,17,2,8.31783412484848872E-17
A,17,3,8.450832979626583330e-17
A,17,4,8.619125414472311744e-17
A,17,5,8.55702342466260011E-17
A,17,6,8.631824126481241565e-17
A,17,7,8.40410073548849799E-17
A,17,8,8.88355904388105824E-17
A,17,9,8.572089978111729267e-17
A,17,10,8.764529123241566338e-17
A,17,11,8.520175248603988751e-17
A,17,12,9.027009332658144178e-17
A,17,13,8.547287468774182193e-17
A,17,14,9.14391487481407674E-17
A,17,15,9.701174134984211113e-17
A,17,16,1.190355246781040254e-16
A,17,17,8.36450022359610962E-17
A,17,18,1.190355246781040254e-16
A,17,19,9.701174134984211113e-17
A,17,20,9.14391487481407674E-17
A,17,21,8.547287468774182193e-17
A,17,22,9.027009332658144178e-17
A,18,0,8.33022953367268941E-17
A,18,1,8.29390873189172276E-17
A,18,2,8.331725389139044151e-17
A,18,3,8.31783412484848872E-17
A,18,4,8.450832979626583330e-17
A,18,5,8.619125414472311744e-17
A,18,6,8.55702342466260011E-17
A,18,7,8.631824126481241565e-17
A,18,8,8.40410073548849799E-17
A,18,9,8.88355904388105824E-17
A,18,10,8.572089978111729267e-17
A,18,11,8.764529123241566338e-17
A,18,12,8.520175248603988751e-17
A,18,13,9.027009332658144178e-17
A,18,14,8.547287468774182193e-17
A,18,15,9.14391487481407674E-17
A,18,16,9.701174134984211113e-17
A,18,17,1.190355246781040254e-16
A,18,18,8.36450022359610962E-17
A,18,19,1.190355246781040254e-16
A,18,20,9.701174134984211113e-17
A,18,21,9.14391487481407674E-17
A,18,22,8.547287468774182193e-17
A,19,0,8.363158070115162896e-17
A,19,1,8.33022953367268941E-17
A,19,2,8.29390873189172276E-17
A,19,3,8.331725389139044151e-17
A,19,4,8.31783412484848872E-17
A,19,5,8.450832979626583330e-17
A,19,6,8.619125414472311744e-17
A,19,7,8.55702342466260011E-17
A,19,8,8.631824126481241565e-17
A,19,9,8.40410073548849799E-17
A,19,10,8.88355904388105824E-17
A,19,11,8.572089978111729267e-17
A,19,12,8.764529123241566338e-17
A,19,13,8.520175248603988751e-17
A,19,14,9.027009332658144178e-17
A,19,15,8.547287468774182193e-17
A,19,16,9.14391487481407674E-17
A,19,17,9.701174134984211113e-17
A,19,18,1.190355246781040254e-16
A,19,19,8.36450022359610962E-17
A,19,20,1.190355246781040254e-16
A,19,21,9.701174134984211113e-17
A,19,22,9.14391487481407674E-17
A,20,0,8.272225106809787543e-17
A,20,1,8.363158070115162896e-17
A,20,2,8.33022953367268941E-17
A,20,3,8.29390873189172276E-17
A,20,4,8.331725389139044151e-17
A,20,5,8.31783412484848872E-17
A,20,6,8.450832979626583330e-17
A,20,7,8.619125414472311744e-17
A,20,8,8.55702342466260011E-17
A,20,9,8.631824126481241565e-17
A,20,10,8.40410073548849799E-17
A,20,11,8.88355904388105824E-17
A,20,12,8.572089978111729267e-17
A,20,13,8.764529123241566338e-17
A,20,14,8.520175248603988751e-17
A,20,15,9.027009332658144178e-17
A,20,16,8.547287468774182193e-17
A,20,17,9.14391487481407674E-17
A,20,18,9.701174134984211113e-17
A,20,19,1.190355246781040254e-16
A,20,20,8.36450022359610962E-17
A,20,21,1.190355246781040254e-16
A,20,22,9.701174134984211113e-17
A,21,0,8.270446986287126277e-17
A,21,1,8.272225106809787543e-17
A,21,2,8.363158070115162896e-17
A,21,3,8.33022953367268941E-17
A,21,4,8.29390873189172276E-17
A,21,5,8.331725389139044151e-17
A,21,6,8.31783412484848872E-17
A,21,7,8.450832979626583330e-17
A,21,8,8.619125414472311744e-17
A,21,9,8.55702342466260011E-17
A,21,10,8.631824126481241565e-17
A,21,11,8.40410073548849799E-17
A,21,12,8.88355904388105824E-17
A,21,13,8.572089978111729267e-17
A,21,14,8.764529123241566338e-17
A,21,15,8.520175248603988751e-17
A,21,16,9.027009332658144178e-17
A,21,17,8.547287468774182193e-17
A,21,18,9.14391487481407674E-17
A,21,19,9.701174134984211113e-17
A,21,20,1.190355246781040254e-16
A,21,21,8.36450022359610962E-17
A,21,22,1.190355246781040254e-16
A,22,0,8.282698246144176863e-17
A,22,1,8.270446986287126277e-17
A,22,2,8.272225106809787543e-17
A,22,3,8.363158070115162896e-17
A,22,4,8.33022953367268941E-17
A,22,5,8.29390873189172276E-17
A,22,6,8.331725389139044151e-17
A,22,7,8.31783412484848872E-17
A,22,8,8.450832979626583330e-17
A,22,9,8.619125414472311744e-17
A,22,10,8.55702342466260011E-17
A,22,11,8.631824126481241565e-17
A,22,12,8.40410073548849799E-17
A,22,13,8.88355904388105824E-17
A,22,14,8.572089978111729267e-17
A,22,15,8.764529123241566338e-17
A,22,16,8.520175248603988751e-17
A,22,17,9.027009332658144178e-17
A,22,18,8.547287468774182193e-17
A,22,19,9.14391487481407674E-17
A,22,20,9.701174134984211113e-17
A,22,21,1.190355246781040254e-16
A,22,22,8.36450022359610962E-17
P,0,0,1.970768748433390313e-47
P,0,1,5.045531353416292681e-26
P,0,2,1.710348074929272003e-18
P,0,3,3.390633055592042454e-17
P,0,4,6.934963520328490029E-18
P,0,5,6.093063883235984481e-18
P,0,6,1.860896987754186083E-17
P,0,7,2.309510604244227501e-18
P,0,8,3.623644922702745240e-17
P,0,9,1.075957567325151455E-17
P,0,10,2.205140535869823858e-17
P,0,11,8.747469079990733738e-17
P,0,12,2.560150163814951768e-17
P,0,13,7.123589214789112135e-17
P,0,14,3.566798596404905315e-17
P,0,15,6.779241297083774260E-17
P,0,16,6.929355915650314347e-17
P,0,17,7.548030206391996261e-17
P,0,18,9.659190142705232175e-17
P,0,19,2.605774514404499073e-16
P,0,20,1.756288337807353216e-16
P,0,21,1.392945284654448695E-16
P,0,22,1.789127460265529295E-17
P,1,0,5.045531353416292681e-26
P,1,1,1.970768748433390313e-47
P,1,2,5.045531353416292681e-26
P,1,3,1.710348074929272003e-18
P,1,4,3.390633055592042454e-17
P,1,5,6.934963520328490029E-18
P,1,6,6.093063883235984481e-18
P,1,7,1.860896987754186083E-17
P,1,8,2.309510604244227501e-18
P,1,9,3.623644922702745240e-17
P,1,10,1.075957567325151455E-17
P,1,11,2.205140535869823858e-17
P,1,12,8.747469079990733738e-17
P,1,13,2.560150163814951768e-17
P,1,14,7.123589214789112135e-17
P,1,15,3.566798596404905315e-17
P,1,16,6.779241297083774260E-17
P,1,17,6.929355915650314347e-17
P,1,18,7.548030206391996261e-17
P,1,19,9.659190142705232175e-17
P,1,20,2.605774514404499073e-16
P,1,21,1.756288337807353216e-16
P,1,22,1.392945284654448695E-16
P,2,0,1.710348074929272003e-18
P,2,1,5.045531353416292681e-26
P,2,2,1.970768748433390313e-47
P,2,3,5.045531353416292681e-26
P,2,4,1.710348074929272003e-18
P,2,5,3.390633055592042454e-17
P,2,6,6.934963520328490029E-18
P,2,7,6.093063883235984481e-18
P,2,8,1.860896987754186083E-17
P,2,9,2.309510604244227501e-18
P,2,10,3.623644922702745240e-17
P,2,11,1.075957567325151455E-17
P,2,12,2.205140535869823858e-17
P,2,13,8.747469079990733738e-17
P,2,14,2.560150163814951768e-17
P,2,15,7.123589214789112135e-17
P,2,16,3.566798596404905315e-17
P,2,17,6.779241297083774260E-17
P,2,18,6.929355915650314347e-17
P,2,19,7.548030206391996261e-17
P,2,20,9.659190142705232175e-17
P,2,21,2.605774514404499073e-16
P,2,22,1.756288337807353216e-16
P,3,0,3.390633055592042454e-17
P,3,1,1.710348074929272003e-18
P,3,2,5.045531353416292681e-26
P,3,3,1.782754331036773748e-47
P,3,4,5.045531353416292681e-26
P,3,5,1.710348074929272003e-18
P,3,6,3.390633055592042454e-17
P,3,7,6.934963520328490029E-18
P,3,8,6.093063883235984481e-18
P,3,9,1.860896987754186083E-17
P,3,10,2.309510604244227501e-18
P,3,11,3.623644922702745240e-17
P,3,12,1.075957567325151455E-17
P,3,13,2.205140535869823858e-17
P,3,14,8.747469079990733738e-17
P,3,15,2.560150163814951768e-17
P,3,16,7.123589214789112135e-17
P,3,17,3.566798596404905315e-17
P,3,18,6.779241297083774260E-17
P,3,19,6.929355915650314347e-17
P,3,20,7.548030206391996261e-17
P,3,21,9.659190142705232175e-17
P,3,22,2.605774514404499073e-16
P,4,0,6.934963520328490029E-18
P,4,1,3.390633055592042454e-17
P,4,2,1.710348074929272003e-18
P,4,3,5.045531353416292681e-26
P,4,4,1.782754331036773748e-47
P,4,5,5.045531353416292681e-26
P,4,6,1.710348074929272003e-18
P,4,7,3.390633055592042454e-17
P,4,8,6.934963520328490029E-18
P,4,9,6.093063883235984481e-18
P,4,10,1.860896987754186083E-17
P,4,11,2.309510604244227501e-18
P,4,12,3.623644922702745240e-17
P,4,13,1.075957567325151455E-17
P,4,14,2.205140535869823858e-17
P,4,15,8.747469079990733738e-17
P,4,16,2.560150163814951768e-17
P,4,17,7.123589214789112135e-17
P,4,18,3.566798596404905315e-17
P,4,19,6.779241297083774260E-17
P,4,20,6.929355915650314347e-17
P,4,21,7.548030206391996261e-17
P,4,22,9.659190142705232175e-17
P,5,0,6.093063883235984481e-18
P,5,1,6.934963520328490029E-18
P,5,2,3.390633055592042454e-17
P,5,3,1.710348074929272003e-18
P,5,4,5.045531353416292681e-26
P,5,5,1.782754331036773748e-47
P,5,6,5.045531353416292681e-26
P,5,7,1.710348074929272003e-18
P,5,8,3.390633055592042454e-17
P,5,9,6.934963520328490029E-18
P,5,10,6.093063883235984481e-18
P,5,11,1.860896987754186083E-17
P,5,12,2.309510604244227501e-18
P,5,13,3.623644922702745240e-17
P,5,14,1.075957567325151455E-17
P,5,15,2.205140535869823858e-17
P,5,16,8.747469079990733738e-17
P,5,17,2.560150163814951768e-17
P,5,18,7.123589214789112135e-17
P,5,19,3.566798596404905315e-17
P,5,20,6.779241297083774260E-17
P,5,21,6.929355915650314347e-17
P,5,22,7.548030206391996261e-17
P,6,0,1.860896987754186083E-17
P,6,1,6.093063883235984481e-18
P,6,2,6.934963520328490029E-18
P,6,3,3.390633055592042454e-17
P,6,4,1.710348074929272003e-18
P,6,5,5.045531353416292681e-26
P,6,6,1.782754331036773748e-47
P,6,7,5.045531353416292681e-26
P,6,8,1.710348074929272003e-18
P,6,9,3.390633055592042454e-17
P,6,10,6.934963520328490029E-18
P,6,11,6.093063883235984481e-18
P,6,12,1.860896987754186083E-17
P,6,13,2.309510604244227501e-18
P,6,14,3.623644922702745240e-17
P,6,15,1.075957567325151455E-17
P,6,16,2.205140535869823858e-17
P,6,17,8.747469079990733738e-17
P,6,18,2.560150163814951768e-17
P,6,19,7.123589214789112135e-17
P,6,20,3.566798596404905315e-17
P,6,21,6.779241297083774260E-17
P,6,22,6.929355915650314347e-17
P,7,0,2.309510604244227501e-18
P,7,1,1.860896987754186083E-17
P,7,2,6.093063883235984481e-18
P,7,3,6.934963520328490029E-18
P,7,4,3.390633055592042454e-17
P,7,5,1.710348074929272003e-18
P,7,6,5.045531353416292681e-26
P,7,7,1.688747120299307577e-47
P,7,8,5.045531353416292681e-26
P,7,9,1.710348074929272003e-18
P,7,10,3.390633055592042454e-17
P,7,11,6.934963520328490029E-18
P,7,12,6.093063883235984481e-18
P,7,13,1.860896987754186083E-17
P,7,14,2.309510604244227501e-18
P,7,15,3.623644922702745240e-17
P,7,16,1.075957567325151455E-17
P,7,17,2.205140535869823858e-17
P,7,18,8.747469079990733738e-17
P,7,19,2.560150163814951768e-17
P,7,20,7.123589214789112135e-17
P,7,21,3.566798596404905315e-17
P,7,22,6.779241297083774260E-17
P,8,0,3.623644922702745240e-17
P,8,1,2.309510604244227501e-18
P,8,2,1.860896987754186083E-17
P,8,3,6.093063883235984481e-18
P,8,4,6.934963520328490029E-18
P,8,5,3.390633055592042454e-17
P,8,6,1.710348074929272003e-18
P,8,7,5.045531353416292681e-26
P,8,8,1.688747120299307577e-47
P,8,9,5.045531353416292681e-26
P,8,10,1.710348074929272003e-18
P,8,11,3.390633055592042454e-17
P,8,12,6.934963520328490029E-18
P,8,13,6.093063883235984481e-18
P,8,14,1.860896987754186083E-17
P,8,15,2.309510604244227501e-18
P,8,16,3.623644922702745240e-17
P,8,17,1.075957567325151455E-17
P,8,18,2.205140535869823858e-17
P,8,19,8.747469079990733738e-17
P,8,20,2.560150163814951768e-17
P,8,21,7.123589214789112135e-17
P,8,22,3.566798596404905315e-17
P,9,0,1.075957567325151455E-17
P,9,1,3.623644922702745240e-17
P,9,2,2.309510604244227501e-18
P,9,3,1.860896987754186083E-17
P,9,4,6.093063883235984481e-18
P,9,5,6.934963520328490029E-18
P,9,6,3.390633055592042454e-17
P,9,7,1.710348074929272003e-18
P,9,8,5.045531353416292681e-26
P,9,9,1.641743512891416966e-47
P,9,10,5.045531353416292681e-26
P,9,11,1.710348074929272003e-18
P,9,12,3.390633055592042454e-17
P,9,13,6.934963520328490029E-18
P,9,14,6.093063883235984481e-18
P,9,15,1.860896987754186083E-17
P,9,16,2.309510604244227501e-18
P,9,17,3.623644922702745240e-17
P,9,18,1.075957567325151455E-17
P,9,19,2.205140535869823858e-17
P,9,20,8.747469079990733738e-17
P,9,21,2.560150163814951768e-17
P,9,22,7.123589214789112135e-17
P,10,0,2.205140535869823858e-17
P,10,1,1.075957567325151455E-17
P,10,2,3.623644922702745240e-17
P,10,3,2.309510604244227501e-18
P,10,4,1.860896987754186083E-17
P,10,5,6.093063883235984481e-18
P,10,6,6.934963520328490029E-18
P,10,7,3.390633055592042454e-17
P,10,8,1.710348074929272003e-18
P,10,9,5.045531353416292681e-26
P,10,10,1.618241711226629307e-47
P,10,11,5.045531353416292681e-26
P,10,12,1.710348074929272003e-18
P,10,13,3.390633055592042454e-17
P,10,14,6.934963520328490029E-18
P,10,15,6.093063883235984481e-18
P,10,16,1.860896987754186083E-17
P,10,17,2.309510604244227501e-18
P,10,18,3.623644922702745240e-17
P,10,19,1.075957567325151455E-17
P,10,20,2.205140535869823858e-17
P,10,21,8.747469079990733738e-17
P,10,22,2.560150163814951768e-17
P,11,0,8.747469079990733738e-17
P,11,1,2.205140535869823858e-17
P,11,2,1.075957567325151455E-17
P,11,3,3.623644922702745240e-17
P,11,4,2.309510604244227501e-18
P,11,5,1.860896987754186083E-17
P,11,6,6.093063883235984481e-18
P,11,7,6.934963520328490029E-18
P,11,8,3.390633055592042454e-17
P,11,9,1.710348074929272003e-18
P,11,10,5.045531353416292681e-26
P,11,11,1.600615360997617386e-47
P,11,12,5.045531353416292681e-26
P,11,13,1.710348074929272003e-18
P,11,14,3.390633055592042454e-17
P,11,15,6.934963520328490029E-18
P,11,16,6.093063883235984481e-18
P,11,17,1.860896987754186083E-17
P,11,18,2.309510604244227501e-18
P,11,19,3.623644922702745240e-17
P,11,20,1.075957567325151455E-17
P,11,21,2.205140535869823858e-17
P,11,22,8.747469079990733738e-17
P,12,0,2.560150163814951768e-17
P,12,1,8.747469079990733738e-17
P,12,2,2.205140535869823858e-17
P,12,3,1.075957567325151455E-17
P,12,4,3.623644922702745240e-17
P,12,5,2.309510604244227501e-18
P,12,6,1.860896987754186083E-17
P,12,7,6.093063883235984481e-18
P,12,8,6.934963520328490029E-18
P,12,9,3.390633055592042454e-17
P,12,10,1.710348074929272003e-18
P,12,11,5.045531353416292681e-26
P,12,12,1.641743512891416966e-47
P,12,13,5.045531353416292681e-26
P,12,14,1.710348074929272003e-18
P,12,15,3.390633055592042454e-17
P,12,16,6.934963520328490029E-18
P,12,17,6.093063883235984481e-18
P,12,18,1.860896987754186083E-17
P,12,19,2.309510604244227501e-18
P,12,20,3.623644922702745240e-17
P,12,21,1.075957567325151455E-17
P,12,22,2.205140535869823858e-17
P,13,0,7.123589214789112135e-17
P,13,1,2.560150163814951768e-17
P,13,2,8.747469079990733738e-17
P,13,3,2.205140535869823858e-17
P,13,4,1.075957567325151455E-17
P,13,5,3.623644922702745240e-17
P,13,6,2.309510604244227501e-18
P,13,7,1.860896987754186083E-17
P,13,8,6.093063883235984481e-18
P,13,9,6.934963520328490029E-18
P,13,10,3.390633055592042454e-17
P,13,11,1.710348074929272003e-18
P,13,12,5.045531353416292681e-26
P,13,13,1.688747120299307577e-47
P,13,14,5.045531353416292681e-26
P,13,15,1.710348074929272003e-18
P,13,16,3.390633055592042454e-17
P,13,17,6.934963520328490029E-18
P,13,18,6.093063883235984481e-18
P,13,19,1.860896987754186083E-17
P,13,20,2.309510604244227501e-18
P,13,21,3.623644922702745240e-17
P,13,22,1.075957567325151455E-17
P,14,0,3.566798596404905315e-17
P,14,1,7.123589214789112135e-17
P,14,2,2.560150163814951768e-17
P,14,3,8.747469079990733738e-17
P,14,4,2.205140535869823858e-17
P,14,5,1.075957567325151455E-17
P,14,6,3.623644922702745240e-17
P,14,7,2.309510604244227501e-18
P,14,8,1.860896987754186083E-17
P,14,9,6.093063883235984481e-18
P,14,10,6.934963520328490029E-18
P,14,11,3.390633055592042454e-17
P,14,12,1.710348074929272003e-18
P,14,13,5.045531353416292681e-26
P,14,14,1.688747120299307577e-47
P,14,15,5.045531353416292681e-26
P,14,16,1.710348074929272003e-18
P,14,17,3.390633055592042454e-17
P,14,18,6.934963520328490029E-18
P,14,19,6.093063883235984481e-18
P,14,20,1.860896987754186083E-17
P,14,21,2.309510604244227501e-18
P,14,22,3.623644922702745240e-17
P,15,0,6.779241297083774260E-17
P,15,1,3.566798596404905315e-17
P,15,2,7.123589214789112135e-17
P,15,3,2.560150163814951768e-17
P,15,4,8.747469079990733738e-17
P,15,5,2.205140535869823858e-17
P,15,6,1.075957567325151455E-17
P,15,7,3.623644922702745240e-17
P,15,8,2.309510604244227501e-18
P,15,9,1.860896987754186083E-17
P,15,10,6.093063883235984481e-18
P,15,11,6.934963520328490029E-18
P,15,12,3.390633055592042454e-17
P,15,13,1.710348074929272003e-18
P,15,14,5.045531353416292681e-26
P,15,15,1.782754331036773748e-47
P,15,16,5.045531353416292681e-26
P,15,17,1.710348074929272003e-18
P,15,18,3.390633055592042454e-17
P,15,19,6.934963520328490029E-18
P,15,20,6.093063883235984481e-18
P,15,21,1.860896987754186083E-17
P,15,22,2.309510604244227501e-18
P,16,0,6.929355915650314347e-17
P,16,1,6.779241297083774260E-17
P,16,2,3.566798596404905315e-17
P,16,3,7.123589214789112135e-17
P,16,4,2.560150163814951768e-17
P,16,5,8.747469079990733738e-17
P,16,6,2.205140535869823858e-17
P,16,7,1.075957567325151455E-17
P,16,8,3.623644922702745240e-17
P,16,9,2.309510604244227501e-18
P,16,10,1.860896987754186083E-17
P,16,11,6.093063883235984481e-18
P,16,12,6.934963520328490029E-18
P,16,13,3.390633055592042454e-17
P,16,14,1.710348074929272003e-18
P,16,15,5.045531353416292681e-26
P,16,16,1.782754331036773748e-47
P,16,17,5.045531353416292681e-26
P,16,18,1.710348074929272003e-18
P,16,19,3.390633055592042454e-17
P,16,20,6.934963520328490029E-18
P,16,21,6.093063883235984481e-18
P,16,22,1.860896987754186083E-17
P,17,0,7.548030206391996261e-17
P,17,1,6.929355915650314347e-17
P,17,2,6.779241297083774260E-17
P,17,3,3.566798596404905315e-17
P,17,4,7.123589214789112135e-17
P,17,5,2.560150163814951768e-17
P,17,6,8.747469079990733738e-17
P,17,7,2.205140535869823858e-17
P,17,8,1.075957567325151455E-17
P,17,9,3.623644922702745240e-17
P,17,10,2.309510604244227501e-18
P,17,11,1.860896987754186083E-17
P,17,12,6.093063883235984481e-18
P,17,13,6.934963520328490029E-18
P,17,14,3.390633055592042454e-17
P,17,15,1.710348074929272003e-18
P,17,16,5.045531353416292681e-26
P,17,17,1.782754331036773748e-47
P,17,18,5.045531353416292681e-26
P,17,19,1.710348074929272003e-18
P,17,20,3.390633055592042454e-17
P,17,21,6.934963520328490029E-18
P,17,22,6.093063883235984481e-18
P,18,0,9.659190142705232175e-17
P,18,1,7.548030206391996261e-17
P,18,2,6.929355915650314347e-17
P,18,3,6.779241297083774260E-17
P,18,4,3.566798596404905315e-17
P,18,5,7.123589214789112135e-17
P,18,6,2.560150163814951768e-17
P,18,7,8.747469079990733738e-17
P,18,8,2.205140535869823858e-17
P,18,9,1.075957567325151455E-17
P,18,10,3.623644922702745240e-17
P,18,11,2.309510604244227501e-18
P,18,12,1.860896987754186083E-17
P,18,13,6.093063883235984481e-18
P,18,14,6.934963520328490029E-18
P,18,15,3.390633055592042454e-17
P,18,16,1.710348074929272003e-18
P,18,17,5.045531353416292681e-26
P,18,18,1.782754331036773748e-47
P,18,19,5.045531353416292681e-26
P,18,20,1.710348074929272003e-18
P,18,21,3.390633055592042454e-17
P,18,22,6.934963520328490029E-18
P,19,0,2.605774514404499073e-16
P,19,1,9.659190142705232175e-17
P,19,2,7.548030206391996261e-17
P,19,3,6.929355915650314347e-17
P,19,4,6.779241297083774260E-17
P,19,5,3.566798596404905315e-17
P,19,6,7.123589214789112135e-17
P,19,7,2.560150163814951768e-17
P,19,8,8.747469079990733738e-17
P,19,9,2.205140535869823858e-17
P,19,10,1.075957567325151455E-17
P,19,11,3.623644922702745240e-17
P,19,12,2.309510604244227501e-18
P,19,13,1.860896987754186083E-17
P,19,14,6.093063883235984481e-18
P,19,15,6.934963520328490029E-18
P,19,16,3.390633055592042454e-17
P,19,17,1.710348074929272003e-18
P,19,18,5.045531353416292681e-26
P,19,19,1.970768748433390313e-47
P,19,20,5.045531353416292681e-26
P,19,21,1.710348074929272003e-18
P,19,22,3.390633055592042454e-17
P,20,0,1.756288337807353216e-16
P,20,1,2.605774514404499073e-16
P,20,2,9.659190142705232175e-17
P,20,3,7.548030206391996261e-17
P,20,4,6.929355915650314347e-17
P,20,5,6.779241297083774260E-17
P,20,6,3.566798596404905315e-17
P,20,7,7.123589214789112135e-17
P,20,8,2.560150163814951768e-17
P,20,9,8.747469079990733738e-17
P,20,10,2.205140535869823858e-17
P,20,11,1.075957567325151455E-17
P,20,12,3.623644922702745240e-17
P,20,13,2.309510604244227501e-18
P,20,14,1.860896987754186083E-17
P,20,15,6.093063883235984481e-18
P,20,16,6.934963520328490029E-18
P,20,17,3.390633055592042454e-17
P,20,18,1.710348074929272003e-18
P,20,19,5.045531353416292681e-26
P,20,20,1.970768748433390313e-47
P,20,21,5.045531353416292681e-26
P,20,22,1.710348074929272003e-18
P,21,0,1.392945284654448695E-16
P,21,1,1.756288337807353216e-16
P,21,2,2.605774514404499073e-16
P,21,3,9.659190142705232175e-17
P,21,4,7.548030206391996261e-17
P,21,5,6.929355915650314347e-17
P,21,6,6.779241297083774260E-17
P,21,7,3.566798596404905315e-17
P,21,8,7.123589214789112135e-17
P,21,9,2.560150163814951768e-17
P,21,10,8.747469079990733738e-17
P,21,11,2.205140535869823858e-17
P,21,12,1.075957567325151455E-17
P,21,13,3.623644922702745240e-17
P,21,14,2.309510604244227501e-18
P,21,15,1.860896987754186083E-17
P,21,16,6.093063883235984481e-18
P,21,17,6.934963520328490029E-18
P,21,18,3.390633055592042454e-17
P,21,19,1.710348074929272003e-18
P,21,20,5.045531353416292681e-26
P,21,21,1.970768748433390313e-47
P,21,22,5.045531353416292681e-26
P,22,0,1.789127460265529295E-17
P,22,1,1.392945284654448695E-16
P,22,2,1.756288337807353216e-16
P,22,3,2.605774514404499073e-16
P,22,4,9.659190142705232175e-17
P,22,5,7.548030206391996261e-17
P,22,6,6.929355915650314347e-17
P,22,7,6.779241297083774260E-17
P,22,8,3.566798596404905315e-17
P,22,9,7.123589214789112135e-17
P,22,10,2.560150163814951768e-17
P,22,11,8.747469079990733738e-17
P,22,12,2.205140535869823858e-17
P,22,13,1.075957567325151455E-17
P,22,14,3.623644922702745240e-17
P,22,15,2.309510604244227501e-18
P,22,16,1.860896987754186083E-17
P,22,17,6.093063883235984481e-18
P,22,18,6.934963520328490029E-18
P,22,19,3.390633055592042454e-17
P,22,20,1.710348074929272003e-18
P,22,21,5.045531353416292681e-26
P,22,22,1.970768748433390313e-47
P0,0,0,3.530616842813889931e-18
P0,0,1,1.213191175077113867e-17
P0,0,2,2.267265782394130212e-17
P0,0,3,1.110917716433151926e-17
P0,0,4,1.203778271523153140e-17
P0,0,5,1.497435115808399091e-17
P0,0,6,9.802246137273064202e-18
P0,0,7,1.041715073404110285e-17
P0,0,8,2.886860083326067846e-17
P0,0,9,2.922036304536648173e-17
P0,0,10,7.798959455857978798e-18
P0,0,11,8.490869671386149915e-17
P0,0,12,2.661936101359038557e-17
P0,0,13,8.089321640629275301e-17
P0,0,14,5.564559063082564620e-17
P0,0,15,3.045542174235510150e-17
P0,0,16,1.157234338789128744e-17
P0,0,17,7.695397131398143685e-17
P0,0,18,8.923297487517764333e-17
P0,0,19,2.147169281325951796e-16
P0,0,20,1.430884149539600446e-16
P0,0,21,2.059275393876606503e-16
P0,0,22,7.635504777963175442e-17
P0,1,0,1.213191175077113867e-17
P0,1,1,3.530616842813889931e-18
P0,1,2,1.213191175077113867e-17
P0,1,3,2.267265782394130212e-17
P0,1,4,1.110917716433151926e-17
P0,1,5,1.203778271523153140e-17
P0,1,6,1.497435115808399091e-17
P0,1,7,9.802246137273064202e-18
P0,1,8,1.041715073404110285e-17
P0,1,9,2.886860083326067846e-17
P0,1,10,2.922036304536648173e-17
P0,1,11,7.798959455857978798e-18
P0,1,12,8.490869671386149915e-17
P0,1,13,2.661936101359038557e-17
P0,1,14,8.089321640629275301e-17
P0,1,15,5.564559063082564620e-17
P0,1,16,3.045542174235510150e-17
P0,1,17,1.157234338789128744e-17
P0,1,18,7.695397131398143685e-17
P0,1,19,8.923297487517764333e-17
P0,1,20,2.147169281325951796e-16
P0,1,21,1.430884149539600446e-16
P0,1,22,2.059275393876606503e-16
P0,2,0,2.267265782394130212e-17
P0,2,1,1.213191175077113867e-17
P0,2,2,3.530616842813889931e-18
P0,2,3,1.213191175077113867e-17
P0,2,4,2.267265782394130212e-17
P0,2,5,1.110917716433151926e-17
P0,2,6,1.203778271523153140e-17
P0,2,7,1.497435115808399091e-17
P0,2,8,9.802246137273064202e-18
P0,2,9,1.041715073404110285e-17
P0,2,10,2.886860083326067846e-17
P0,2,11,2.922036304536648173e-17
P0,2,12,7.798959455857978798e-18
P0,2,13,8.490869671386149915e-17
P0,2,14,2.661936101359038557e-17
P0,2,15,8.089321640629275301e-17
P0,2,16,5.564559063082564620e-17
P0,2,17,3.045542174235510150e-17
P0,2,18,1.157234338789128744e-17
P0,2,19,7.695397131398143685e-17
P0,2,20,8.923297487517764333e-17
P0,2,21,2.147169281325951796e-16
P0,2,22,1.430884149539600446e-16
P0,3,0,1.110917716433151926e-17
P0,3,1,2.267265782394130212e-17
P0,3,2,1.213191175077113867e-17
P0,3,3,3.530616842813889931e-18
P0,3,4,1.213191175077113867e-17
P0,3,5,2.267265782394130212e-17
P0,3,6,1.110917716433151926e-17
P0,3,7,1.203778271523153140e-17
P0,3,8,1.497435115808399091e-17
P0,3,9,9.802246137273064202e-18
P0,3,10,1.041715073404110285e-17
P0,3,11,2.886860083326067846e-17
P0,3,12,2.922036304536648173e-17
P0,3,13,7.798959455857978798e-18
P0,3,14,8.490869671386149915e-17
P0,3,15,2.661936101359038557e-17
P0,3,16,8.089321640629275301e-17
P0,3,17,5.564559063082564620e-17
P0,3,18,3.045542174235510150e-17
P0,3,19,1.157234338789128744e-17
P0,3,20,7.695397131398143685e-17
P0,3,21,8.923297487517764333e-17
P0,3,22,2.147169281325951796e-16
P0,4,0,1.203778271523153140e-17
P0,4,1,1.110917716433151926e-17
P0,4,2,2.267265782394130212e-17
P0,4,3,1.213191175077113867e-17
P0,4,4,3.530616842813889931e-18
P0,4,5,1.213191175077113867e-17
P0,4,6,2.267265782394130212e-17
P0,4,7,1.110917716433151926e-17
P0,4,8,1.203778271523153140e-17
P0,4,9,1.497435115808399091e-17
P0,4,10,9.802246137273064202e-18
P0,4,11,1.041715073404110285e-17
P0,4,12,2.886860083326067846e-17
P0,4,13,2.922036304536648173e-17
P0,4,14,7.798959455857978798e-18
P0,4,15,8.490869671386149915e-17
P0,4,16,2.661936101359038557e-17
P0,4,17,8.089321640629275301e-17
P0,4,18,5.564559063082564620e-17
P0,4,19,3.045542174235510150e-17
P0,4,20,1.157234338789128744e-17
P0,4,21,7.695397131398143685e-17
P0,4,22,8.923297487517764333e-17
P0,5,0,1.497435115808399091e-17
P0,5,1,1.203778271523153140e-17
P0,5,2,1.110917716433151926e-17
P0,5,3,2.267265782394130212e-17
P0,5,4,1.213191175077113867e-17
P0,5,5,3.530616842813889931e-18
P0,5,6,1.213191175077113867e-17
P0,5,7,2.267265782394130212e-17
P0,5,8,1.110917716433151926e-17
P0,5,9,1.203778271523153140e-17
P0,5,10,1.497435115808399091e-17
P0,5,11,9.802246137273064202e-18
P0,5,12,1.041715073404110285e-17
P0,5,13,2.886860083326067846e-17
P0,5,14,2.922036304536648173e-17
P0,5,15,7.798959455857978798e-18
P0,5,16,8.490869671386149915e-17
P0,5,17,2.661936101359038557e-17
P0,5,18,8.089321640629275301e-17
P0,5,19,5.564559063082564620e-17
P0,5,20,3.045542174235510150e-17
P0,5,21,1.157234338789128744e-17
P0,5,22,7.695397131398143685e-17
P0,6,0,9.802246137273064202e-18
P0,6,1,1.497435115808399091e-17
P0,6,2,1.203778271523153140e-17
P0,6,3,1.110917716433151926e-17
P0,6,4,2.267265782394130212e-17
P0,6,5,1.213191175077113867e-17
P0,6,6,3.530616842813889931e-18
P0,6,7,1.213191175077113867e-17
P0,6,8,2.267265782394130212e-17
P0,6,9,1.110917716433151926e-17
P0,6,10,1.203778271523153140e-17
P0,6,11,1.497435115808399091e-17
P0,6,12,9.802246137273064202e-18
P0,6,13,1.041715073404110285e-17
P0,6,14,2.886860083326067846e-17
P0,6,15,2.922036304536648173e-17
P0,6,16,7.798959455857978798e-18
P0,6,17,8.490869671386149915e-17
P0,6,18,2.661936101359038557e-17
P0,6,19,8.089321640629275301e-17
P0,6,20,5.564559063082564620e-17
P0,6,21,3.045542174235510150e-17
P0,6,22,1.157234338789128744e-17
P0,7,0,1.041715073404110285e-17
P0,7,1,9.802246137273064202e-18
P0,7,2,1.497435115808399091e-17
P0,7,3,1.203778271523153140e-17
P0,7,4,1.110917716433151926e-17
P0,7,5,2.267265782394130212e-17
P0,7,6,1.213191175077113867e-17
P0,7,7,3.530616842813889931e-18
P0,7,8,1.213191175077113867e-17
P0,7,9,2.267265782394130212e-17
P0,7,10,1.110917716433151926e-17
P0,7,11,1.203778271523153140e-17
P0,7,12,1.497435115808399091e-17
P0,7,13,9.802246137273064202e-18
P0,7,14,1.041715073404110285e-17
P0,7,15,2.886860083326067846e-17
P0,7,16,2.922036304536648173e-17
P0,7,17,7.798959455857978798e-18
P0,7,18,8.490869671386149915e-17
P0,7,19,2.661936101359038557e-17
P0,7,20,8.089321640629275301e-17
P0,7,21,5.564559063082564620e-17
P0,7,22,3.045542174235510150e-17
P0,8,0,2.886860083326067846e-17
P0,8,1,1.041715073404110285e-17
P0,8,2,9.802246137273064202e-18
P0,8,3,1.497435115808399091e-17
P0,8,4,1.203778271523153140e-17
P0,8,5,1.110917716433151926e-17
P0,8,6,2.267265782394130212e-17
P0,8,7,1.213191175077113867e-17
P0,8,8,3.530616842813889931e-18
P0,8,9,1.213191175077113867e-17
P0,8,10,2.267265782394130212e-17
P0,8,11,1.110917716433151926e-17
P0,8,12,1.203778271523153140e-17
P0,8,13,1.497435115808399091e-17
P0,8,14,9.802246137273064202e-18
P0,8,15,1.041715073404110285e-17
P0,8,16,2.886860083326067846e-17
P0,8,17,2.922036304536648173e-17
P0,8,18,7.798959455857978798e-18
P0,8,19,8.490869671386149915e-17
P0,8,20,2.661936101359038557e-17
P0,8,21,8.089321640629275301e-17
P0,8,22,5.564559063082564620e-17
P0,9,0,2.922036304536648173e-17
P0,9,1,2.886860083326067846e-17
P0,9,2,1.041715073404110285e-17
P0,9,3,9.802246137273064202e-18
P0,9,4,1.497435115808399091e-17
P0,9,5,1.203778271523153140e-17
P0,9,6,1.110917716433151926e-17
P0,9,7,2.267265782394130212e-17
P0,9,8,1.213191175077113867e-17
P0,9,9,3.530616842813889931e-18
P0,9,10,1.213191175077113867e-17
P0,9,11,2.267265782394130212e-17
P0,9,12,1.110917716433151926e-17
P0,9,13,1.203778271523153140e-17
P0,9,14,1.497435115808399091e-17
P0,9,15,9.802246137273064202e-18
P0,9,16,1.041715073404110285e-17
P0,9,17,2.886860083326067846e-17
P0,9,18,2.922036304536648173e-17
P0,9,19,7.798959455857978798e-18
P0,9,20,8.490869671386149915e-17
P0,9,21,2.661936101359038557e-17
P0,9,22,8.089321640629275301e-17
P0,10,0,7.798959455857978798e-18
P0,10,1,2.922036304536648173e-17
P0,10,2,2.886860083326067846e-17
P0,10,3,1.041715073404110285e-17
P0,10,4,9.802246137273064202e-18
P0,10,5,1.497435115808399091e-17
P0,10,6,1.203778271523153140e-17
P0,10,7,1.110917716433151926e-17
P0,10,8,2.267265782394130212e-17
P0,10,9,1.213191175077113867e-17
P0,10,10,3.530616842813889931e-18
P0,10,11,1.213191175077113867e-17
P0,10,12,2.267265782394130212e-17
P0,10,13,1.110917716433151926e-17
P0,10,14,1.203778271523153140e-17
P0,10,15,1.497435115808399091e-17
P0,10,16,9.802246137273064202e-18
P0,10,17,1.041715073404110285e-17
P0,10,18,2.886860083326067846e-17
P0,10,19,2.922036304536648173e-17
P0,10,20,7.798959455857978798e-18
P0,10,21,8.490869671386149915e-17
P0,10,22,2.661936101359038557e-17
P0,11,0,8.490869671386149915e-17
P0,11,1,7.798959455857978798e-18
P0,11,2,2.922036304536648173e-17
P0,11,3,2.886860083326067846e-17
P0,11,4,1.041715073404110285e-17
P0,11,5,9.802246137273064202e-18
P0,11,6,1.497435115808399091e-17
P0,11,7,1.203778271523153140e-17
P0,11,8,1.110917716433151926e-17
P0,11,9,2.267265782394130212e-17
P0,11,10,1.213191175077113867e-17
P0,11,11,3.530616842813889931e-18
P0,11,12,1.213191175077113867e-17
P0,11,13,2.267265782394130212e-17
P0,11,14,1.110917716433151926e-17
P0,11,15,1.203778271523153140e-17
P0,11,16,1.497435115808399091e-17
P0,11,17,9.802246137273064202e-18
P0,11,18,1.041715073404110285e-17
P0,11,19,2.886860083326067846e-17
P0,11,20,2.922036304536648173e-17
P0,11,21,7.798959455857978798e-18
P0,11,22,8.490869671386149915e-17
P0,12,0,2.661936101359038557e-17
P0,12,1,8.490869671386149915e-17
P0,12,2,7.798959455857978798e-18
P0,12,3,2.922036304536648173e-17
P0,12,4,2.886860083326067846e-17
P0,12,5,1.041715073404110285e-17
P0,12,6,9.802246137273064202e-18
P0,12,7,1.497435115808399091e-17
P0,12,8,1.203778271523153140e-17
P0,12,9,1.110917716433151926e-17
P0,12,10,2.267265782394130212e-17
P0,12,11,1.213191175077113867e-17
P0,12,12,3.530616842813889931e-18
P0,12,13,1.213191175077113867e-17
P0,12,14,2.267265782394130212e-17
P0,12,15,1.110917716433151926e-17
P0,12,16,1.203778271523153140e-17
P0,12,17,1.497435115808399091e-17
P0,12,18,9.802246137273064202e-18
P0,12,19,1.041715073404110285e-17
P0,12,20,2.886860083326067846e-17
P0,12,21,2.922036304536648173e-17
P0,12,22,7.798959455857978798e-18
P0,13,0,8.089321640629275301e-17
P0,13,1,2.661936101359038557e-17
P0,13,2,8.490869671386149915e-17
P0,13,3,7.798959455857978798e-18
P0,13,4,2.922036304536648173e-17
P0,13,5,2.886860083326067846e-17
P0,13,6,1.041715073404110285e-17
P0,13,7,9.802246137273064202e-18
P0,13,8,1.497435115808399091e-17
P0,13,9,1.203778271523153140e-17
P0,13,10,1.110917716433151926e-17
P0,13,11,2.267265782394130212e-17
P0,13,12,1.213191175077113867e-17
P0,13,13,3.530616842813889931e-18
P0,13,14,1.213191175077113867e-17
P0,13,15,2.267265782394130212e-17
P0,13,16,1.110917716433151926e-17
P0,13,17,1.203778271523153140e-17
P0,13,18,1.497435115808399091e-17
P0,13,19,9.802246137273064202e-18
P0,13,20,1.041715073404110285e-17
P0,13,21,2.886860083326067846e-17
P0,13,22,2.922036304536648173e-17
P0,14,0,5.564559063082564620e-17
P0,14,1,8.089321640629275301e-17
P0,14,2,2.661936101359038557e-17
P0,14,3,8.490869671386149915e-17
P0,14,4,7.798959455857978798e-18
P0,14,5,2.922036304536648173e-17
P0,14,6,2.886860083326067846e-17
P0,14,7,1.041715073404110285e-17
P0,14,8,9.802246137273064202e-18
P0,14,9,1.497435115808399091e-17
P0,14,10,1.203778271523153140e-17
P0,14,11,1.110917716433151926e-17
P0,14,12,2.267265782394130212e-17
P0,14,13,1.213191175077113867e-17
P0,14,14,3.530616842813889931e-18
P0,14,15,1.213191175077113867e-17
P0,14,16,2.267265782394130212e-17
P0,14,17,1.110917716433151926e-17
P0,14,18,1.203778271523153140e-17
P0,14,19,1.497435115808399091e-17
P0,14,20,9.802246137273064202e-18
P0,14,21,1.041715073404110285e-17
P0,14,22,2.886860083326067846e-17
P0,15,0,3.045542174235510150e-17
P0,15,1,5.564559063082564620e-17
P0,15,2,8.089321640629275301e-17
P0,15,3,2.661936101359038557e-17
P0,15,4,8.490869671386149915e-17
P0,15,5,7.798959455857978798e-18
P0,15,6,2.922036304536648173e-17
P0,15,7,2.886860083326067846e-17
P0,15,8,1.041715073404110285e-17
P0,15,9,9.802246137273064202e-18
P0,15,10,1.497435115808399091e-17
P0,15,11,1.203778271523153140e-17
P0,15,12,1.110917716433151926e-17
P0,15,13,2.267265782394130212e-17
P0,15,14,1.213191175077113867e-17
P0,15,15,3.530616842813889931e-18
P0,15,16,1.213191175077113867e-17
P0,15,17,2.267265782394130212e-17
P0,15,18,1.110917716433151926e-17
P0,15,19,1.203778271523153140e-17
P0,15,20,1.497435115808399091e-17
P0,15,21,9.802246137273064202e-18
P0,15,22,1.041715073404110285e-17
P0,16,0,1.157234338789128744e-17
P0,16,1,3.045542174235510150e-17
P0,16,2,5.564559063082564620e-17
P0,16,3,8.089321640629275301e-17
P0,16,4,2.661936101359038557e-17
P0,16,5,8.490869671386149915e-17
P0,16,6,7.798959455857978798e-18
P0,16,7,2.922036304536648173e-17
P0,16,8,2.886860083326067846e-17
P0,16,9,1.041715073404110285e-17
P0,16,10,9.802246137273064202e-18
P0,16,11,1.497435115808399091e-17
P0,16,12,1.203778271523153140e-17
P0,16,13,1.110917716433151926e-17
P0,16,14,2.267265782394130212e-17
P0,16,15,1.213191175077113867e-17
P0,16,16,3.530616842813889931e-18
P0,16,17,1.213191175077113867e-17
P0,16,18,2.267265782394130212e-17
P0,16,19,1.110917716433151926e-17
P0,16,20,1.203778271523153140e-17
P0,16,21,1.497435115808399091e-17
P0,16,22,9.802246137273064202e-18
P0,17,0,7.695397131398143685e-17
P0,17,1,1.157234338789128744e-17
P0,17,2,3.045542174235510150e-17
P0,17,3,5.564559063082564620e-17
P0,17,4,8.089321640629275301e-17
P0,17,5,2.661936101359038557e-17
P0,17,6,8.490869671386149915e-17
P0,17,7,7.798959455857978798e-18
P0,17,8,2.922036304536648173e-17
P0,17,9,2.886860083326067846e-17
P0,17,10,1.041715073404110285e-17
P0,17,11,9.802246137273064202e-18
P0,17,12,1.497435115808399091e-17
P0,17,13,1.203778271523153140e-17
P0,17,14,1.110917716433151926e-17
P0,17,15,2.267265782394130212e-17
P0,17,16,1.213191175077113867e-17
P0,17,17,3.530616842813889931e-18
P0,17,18,1.213191175077113867e-17
P0,17,19,2.267265782394130212e-17
P0,17,20,1.110917716433151926e-17
P0,17,21,1.203778271523153140e-17
P0,17,22,1.497435115808399091e-17
P0,18,0,8.923297487517764333e-17
P0,18,1,7.695397131398143685e-17
P0,18,2,1.157234338789128744e-17
P0,18,3,3.045542174235510150e-17
P0,18,4,5.564559063082564620e-17
P0,18,5,8.089321640629275301e-17
P0,18,6,2.661936101359038557e-17
P0,18,7,8.490869671386149915e-17
P0,18,8,7.798959455857978798e-18
P0,18,9,2.922036304536648173e-17
P0,18,10,2.886860083326067846e-17
P0,18,11,1.041715073404110285e-17
P0,18,12,9.802246137273064202e-18
P0,18,13,1.497435115808399091e-17
P0,18,14,1.203778271523153140e-17
P0,18,15,1.110917716433151926e-17
P0,18,16,2.267265782394130212e-17
P0,18,17,1.213191175077113867e-17
P0,18,18,3.530616842813889931e-18
P0,18,19,1.213191175077113867e-17
P0,18,20,2.267265782394130212e-17
P0,18,21,1.110917716433151926e-17
P0,18,22,1.203778271523153140e-17
P0,19,0,2.147169281325951796e-16
P0,19,1,8.923297487517764333e-17
P0,19,2,7.695397131398143685e-17
P0,19,3,1.157234338789128744e-17
P0,19,4,3.045542174235510150e-17
P0,19,5,5.564559063082564620e-17
P0,19,6,8.089321640629275301e-17
P0,19,7,2.661936101359038557e-17
P0,19,8,8.490869671386149915e-17
P0,19,9,7.798959455857978798e-18
P0,19,10,2.922036304536648173e-17
P0,19,11,2.886860083326067846e-17
P0,19,12,1.041715073404110285e-17
P0,19,13,9.802246137273064202e-18
P0,19,14,1.497435115808399091e-17
P0,19,15,1.203778271523153140e-17
P0,19,16,1.110917716433151926e-17
P0,19,17,2.267265782394130212e-17
P0,19,18,1.213191175077113867e-17
P0,19,19,3.530616842813889931e-18
P0,19,20,1.213191175077113867e-17
P0,19,21,2.267265782394130212e-17
P0,19,22,1.110917716433151926e-17
P0,20,0,1.430884149539600446e-16
P0,20,1,2.147169281325951796e-16
P0,20,2,8.923297487517764333e-17
P0,20,3,7.695397131398143685e-17
P0,20,4,1.157234338789128744e-17
P0,20,5,3.045542174235510150e-17
P0,20,6,5.564559063082564620e-17
P0,20,7,8.089321640629275301e-17
P0,20,8,2.661936101359038557e-17
P0,20,9,8.490869671386149915e-17
P0,20,10,7.798959455857978798e-18
P0,20,11,2.922036304536648173e-17
P0,20,12,2.886860083326067846e-17
P0,20,13,1.041715073404110285e-17
P0,20,14,9.802246137273064202e-18
P0,20,15,1.497435115808399091e-17
P0,20,16,1.203778271523153140e-17
P0,20,17,1.110917716433151926e-17
P0,20,18,2.267265782394130212e-17
P0,20,19,1.213191175077113867e-17
P0,20,20,3.530616842813889931e-18
P0,20,21,1.213191175077113867e-17
P0,20,22,2.267265782394130212e-17
P0,21,0,2.059275393876606503e-16
P0,21,1,1.430884149539600446e-16
P0,21,2,2.147169281325951796e-16
P0,21,3,8.923297487517764333e-17
P0,21,4,7.695397131398143685e-17
P0,21,5,1.157234338789128744e-17
P0,21,6,3.045542174235510150e-17
P0,21,7,5.564559063082564620e-17
P0,21,8,8.089321640629275301e-17
P0,21,9,2.661936101359038557e-17
P0,21,10,8.490869671386149915e-17
P0,21,11,7.798959455857978798e-18
P0,21,12,2.922036304536648173e-17
P0,21,13,2.886860083326067846e-17
P0,21,14,1.041715073404110285e-17
P0,21,15,9.802246137273064202e-18
P0,21,16,1.497435115808399091e-17
P0,21,17,1.203778271523153140e-17
P0,21,18,1.110917716433151926e-17
P0,21,19,2.267265782394130212e-17
P0,21,20,1.213191175077113867e-17
P0,21,21,3.530616842813889931e-18
P0,21,22,1.213191175077113867e-17
P0,22,0,7.635504777963175442e-17
P0,22,1,2.059275393876606503e-16
P0,22,2,1.430884149539600446e-16
P0,22,3,2.147169281325951796e-16
P0,22,4,8.923297487517764333e-17
P0,22,5,7.695397131398143685e-17
P0,22,6,1.157234338789128744e-17
P0,22,7,3.045542174235510150e-17
P0,22,8,5.564559063082564620e-17
P0,22,9,8.089321640629275301e-17
P0,22,10,2.661936101359038557e-17
P0,22,11,8.490869671386149915e-17
P0,22,12,7.798959455857978798e-18
P0,22,13,2.922036304536648173e-17
P0,22,14,2.886860083326067846e-17
P0,22,15,1.041715073404110285e-17
P0,22,16,9.802246137273064202e-18
P0,22,17,1.497435115808399091e-17
P0,22,18,1.203778271523153140e-17
P0,22,19,1.110917716433151926e-17
P0,22,20,2.267265782394130212e-17
P0,22,21,1.213191175077113867e-17
P0,22,22,3.530616842813889931e-18
Q,0,0,7.571732611468718957e-18
Q,0,1,1.440350335559975343e-17
Q,0,2,3.288846906760200075e-18
Q,0,3,2.318261080449556439e-17
Q,0,4,1.992045084316842974e-17
Q,0,5,2.999945324456514801e-18
Q,0,6,4.322845896046102875e-17
Q,0,7,5.015288787518840625e-17
Q,0,8,3.435482070246635746e-17
Q,0,9,5.716134726270957218e-17
Q,0,10,5.543575099598931690e-17
Q,0,11,5.932197897596789653e-17
Q,0,12,1.226166202265933193e-16
Q,0,13,1.229463824550835090e-16
Q,0,14,3.017514707733792551e-17
Q,0,15,7.950403618917092141e-17
Q,0,16,7.414669826682875712e-17
Q,0,17,1.352719078155804562e-16
Q,0,18,3.361998734700175301e-16
Q,0,19,9.951376981679081464e-17
Q,0,20,2.725070063073186260e-17
Q,0,21,2.032613353381521096e-16
Q,0,22,8.722410890395102766e-17
Q,1,0,1.618611611062559049e-16
Q,1,1,1.276798562558104903e-16
Q,1,2,1.610584081146471016e-16
Q,1,3,1.823837501630093622e-16
Q,1,4,1.808547271184185207e-16
Q,1,5,2.089823747363860674e-16
Q,1,6,8.887536775703824402e-17
Q,1,7,1.652873086276244625e-16
Q,1,8,9.572960443378973743e-17
Q,1,9,7.104996091204212537e-17
Q,1,10,8.718829226069805048e-17
Q,1,11,6.862698643067550580e-17
Q,1,12,7.229033765266211020e-18
Q,1,13,2.372223174259445377e-17
Q,1,14,2.675556710160774238e-17
Q,1,15,2.444297406964237139e-17
Q,1,16,4.789460814199831567e-17
Q,1,17,1.781879703054659496e-17
Q,1,18,1.188345424083397205e-17
Q,1,19,2.061020261114686949e-17
Q,1,20,1.821019995425054681e-17
Q,1,21,1.147938299775597707e-17
Q,1,22,2.306013876247224705e-17
