tag,case_id,L,ell,delta,k_spline,arch_tmax,arch_nt,p0_na,n_centers,dim_boundary_null,lambda_CG_min,lambda_negP0_G_min,kappa_pd_min_grid,kappa_viable_min_grid,viable_rel_max,viable_margin,best_margin_kappa,best_rel_max,best_margin,profile_corr_signed_to_best,profile_corr_abs_to_best,q_resid_fro,split_err_fro
best_baseline,1,3.0,0.3,0.25,9,260.0,48001,24001,23,21,1.9647793435205575e-05,0.006277283867477123,3.074999999999998,3.074999999999998,0.9999696947631953,3.0305236804695213e-05,3.074999999999998,0.9999696947631953,3.0305236804695213e-05,1.0000000000000002,1.0000000000000002,5.592055103416499e-15,7.747905049775384e-16
local_basis,2,3.0,0.26,0.2,7,260.0,48001,24001,28,26,2.015294439065654e-07,0.0040710669148443885,,,,,,,,0.07344020113151176,0.07344020113151176,4.940614549491643e-15,1.0789031737777238e-15
local_basis,3,3.0,0.26,0.225,7,260.0,48001,24001,25,23,8.923507916103454e-07,0.005125548671179534,3.649999999999996,3.649999999999996,0.9999987594268092,1.2405731908415873e-06,3.649999999999996,0.9999987594268092,1.2405731908415873e-06,0.1974493633837772,0.1974493633837772,2.6939773159060262e-15,1.2054518418585495e-15
local_basis,4,3.0,0.26,0.25,7,260.0,48001,24001,23,21,2.8109183468110456e-05,0.00625242661072302,2.824999999999999,2.824999999999999,0.9999570548597538,4.294514024616447e-05,2.824999999999999,0.9999570548597538,4.294514024616447e-05,-0.8642558769680491,0.8642558769680491,3.2533258209670353e-15,7.640349246885061e-16
local_basis,5,3.0,0.26,0.275,7,260.0,48001,24001,21,19,2.0971371809379014e-05,0.007424420975312277,2.5,2.5,0.9999523393343693,4.766066563066662e-05,2.5,0.9999523393343693,4.766066563066662e-05,0.05545591283923479,0.05545591283923479,3.409949765762743e-15,9.603790139143229e-16
local_basis,6,3.0,0.26,0.3,7,260.0,48001,24001,19,17,0.00029660524659555894,0.008621169601367662,2.5,2.5,0.9985118366893609,0.0014881633106390568,2.5,0.9985118366893609,0.0014881633106390568,-0.025911814857701578,0.025911814857701578,1.6248920612956093e-15,6.734660361912797e-16
local_basis,7,3.0,0.28,0.2,7,260.0,48001,24001,28,26,8.566403766433871e-09,0.004078829110022081,,,,,,,,-0.06246989790390255,0.06246989790390255,5.312282819408978e-15,7.590718616257958e-16
local_basis,8,3.0,0.28,0.225,7,260.0,48001,24001,25,23,5.2703184096234243e-08,0.005151157545281493,,,,,,,,0.22916472035365637,0.22916472035365637,3.70571077395096e-15,1.1549506987507094e-15
local_basis,9,3.0,0.28,0.25,7,260.0,48001,24001,23,21,3.513523749932631e-06,0.006316056312178292,3.4999999999999964,3.4999999999999964,0.9999944957645431,5.504235456865736e-06,3.4999999999999964,0.9999944957645431,5.504235456865736e-06,0.9654868306649271,0.9654868306649271,2.4141265888416992e-15,9.595702524304226e-16
local_basis,10,3.0,0.28,0.275,7,260.0,48001,24001,21,19,4.4637516810321e-06,0.007547896728388018,2.799999999999999,2.799999999999999,0.9999888173495585,1.1182650441532438e-05,2.799999999999999,0.9999888173495585,1.1182650441532438e-05,-0.028558594174469445,0.028558594174469445,3.0283146429831872e-15,4.7990114623978145e-16
local_basis,11,3.0,0.28,0.3,7,260.0,48001,24001,19,17,9.839727012679841e-05,0.008821536791692676,2.5,2.5,0.9993761884901774,0.0006238115098226027,2.5,0.9993761884901774,0.0006238115098226027,-0.019317522699237293,0.019317522699237293,3.0659674605239256e-15,4.796753517156292e-16
local_basis,12,3.0,0.3,0.2,7,260.0,48001,24001,28,26,5.334818882597117e-09,0.00408335612384023,,,,,,,,0.048511819604374576,0.048511819604374576,2.915506310400921e-15,1.412810601022986e-15
local_basis,13,3.0,0.3,0.225,7,260.0,48001,24001,25,23,4.530498596257457e-09,0.005165036215360885,,,,,,,,0.2562857553952864,0.2562857553952864,5.166039762951719e-15,1.6203765899268968e-15
local_basis,14,3.0,0.3,0.25,7,260.0,48001,24001,23,21,3.399367678479256e-07,0.006354070551878222,4.174999999999997,4.174999999999997,0.999999456703002,5.432969979457525e-07,4.174999999999997,0.999999456703002,5.432969979457525e-07,-0.9956827334603823,0.9956827334603823,5.592055103416499e-15,7.225784441314172e-16
local_basis,15,3.0,0.3,0.275,7,260.0,48001,24001,21,19,9.025822062050604e-07,0.007630366776840717,3.399999999999997,3.399999999999997,0.9999975923779144,2.407622085587313e-06,3.399999999999997,0.9999975923779144,2.407622085587313e-06,-2.258598937619293e-09,2.258598937619293e-09,2.656087449148591e-15,1.1148105637789243e-15
local_basis,16,3.0,0.3,0.3,7,260.0,48001,24001,19,17,3.1463453721133974e-05,0.008968349782964041,2.824999999999999,2.824999999999999,0.9998528397377814,0.00014716026221861522,2.824999999999999,0.9998528397377814,0.00014716026221861522,-0.012395585694488976,0.012395585694488976,2.5768444471727796e-15,7.795068296392103e-16
local_basis,17,3.0,0.32,0.2,7,260.0,48001,24001,28,26,-1.1271638970816548e-09,0.00408680139346928,,,,,,,,-0.031891621779182505,0.031891621779182505,3.831292597163985e-15,1.642041997679149e-15
local_basis,18,3.0,0.32,0.225,7,260.0,48001,24001,25,23,-3.0710483408691444e-10,0.0051730939303710095,,,,,,,,0.27802338959259715,0.27802338959259715,2.7832448239916143e-15,1.107791749636883e-15
local_basis,19,3.0,0.32,0.25,7,260.0,48001,24001,22,20,6.648043372047167e-08,0.006382771482108195,,,,,,,,0.8174490163751162,0.8174490163751162,2.9436943793100346e-15,8.554842949272357e-16
local_basis,20,3.0,0.32,0.275,7,260.0,48001,24001,20,18,1.180893716070247e-07,0.007692594949718368,3.9749999999999948,3.9749999999999948,0.9999997947972391,2.052027608945295e-07,3.9749999999999948,0.9999997947972391,2.052027608945295e-07,-0.18250803792613376,0.18250803792613376,2.738852246970085e-15,1.1944575768113593e-15
local_basis,21,3.0,0.32,0.3,7,260.0,48001,24001,19,17,1.0367755536348107e-05,0.009071323681734333,3.324999999999997,3.324999999999997,0.9999723012730115,2.7698726988489852e-05,3.324999999999997,0.9999723012730115,2.7698726988489852e-05,0.007933500449634116,0.007933500449634116,2.7227534738808064e-15,8.02035286895369e-16
local_basis,22,3.0,0.34,0.2,7,260.0,48001,24001,28,26,-5.246578061092216e-09,0.004090048222198253,,,,,,,,-0.014165308645701275,0.014165308645701275,3.4991206499809993e-15,8.933674322215191e-16
local_basis,23,3.0,0.34,0.225,7,260.0,48001,24001,25,23,-6.014302051377544e-09,0.0051786387266749565,,,,,,,,0.28986696650184857,0.28986696650184857,2.7176490724034447e-15,1.0388893785358512e-15
local_basis,24,3.0,0.34,0.25,7,260.0,48001,24001,22,20,5.316930225305859e-09,0.006396470851486303,,,,,,,,-0.7295020258778312,0.7295020258778312,2.988078182072756e-15,1.410354723664631e-15
local_basis,25,3.0,0.34,0.275,7,260.0,48001,24001,20,18,1.5229754804069026e-08,0.007726062166095811,,,,,,,,-0.1720478803615078,0.1720478803615078,3.241386030150541e-15,9.13828881074737e-16
local_basis,26,3.0,0.34,0.3,7,260.0,48001,24001,19,17,1.6504731493090222e-06,0.009140924586387687,3.899999999999995,3.899999999999995,0.9999959413003798,4.058699620168582e-06,3.899999999999995,0.9999959413003798,4.058699620168582e-06,0.1252182406457295,0.1252182406457295,2.9049406853576787e-15,7.46310216945198e-16
local_basis,27,3.0,0.26,0.2,9,260.0,48001,24001,28,26,1.0597212197531302e-05,0.004043785673035745,3.5249999999999964,3.5249999999999964,0.9999751976355528,2.48023644472406e-05,3.5249999999999964,0.9999751976355528,2.48023644472406e-05,-0.08515999350867624,0.08515999350867624,4.940614549491643e-15,8.15843973306311e-16
local_basis,28,3.0,0.26,0.225,9,260.0,48001,24001,25,23,3.9044161288833656e-05,0.0050487028284695356,2.5749999999999997,2.5749999999999997,0.9999477460800296,5.225391997043527e-05,2.5749999999999997,0.9999477460800296,5.225391997043527e-05,0.19010014506259829,0.19010014506259829,2.6939773159060262e-15,7.499143576176368e-16
local_basis,29,3.0,0.26,0.25,9,260.0,48001,24001,23,21,0.0004391016095394295,0.006093515978603692,2.5,2.5,0.9993670101150083,0.0006329898849917193,2.5,0.9993670101150083,0.0006329898849917193,0.8493549515891559,0.8493549515891559,3.2533258209670353e-15,5.087681048627601e-16
local_basis,30,3.0,0.26,0.275,9,260.0,48001,24001,21,19,0.00014133211349474491,0.0071581934868308935,2.5,2.5,0.9997139307081773,0.00028606929182273255,2.5,0.9997139307081773,0.00028606929182273255,0.1978081087083679,0.1978081087083679,3.409949765762743e-15,6.695942734621828e-16
local_basis,31,3.0,0.26,0.3,9,260.0,48001,24001,19,17,0.0013504815788556632,0.008233314485604227,2.5,2.5,0.995489600468272,0.004510399531728049,2.5,0.995489600468272,0.004510399531728049,0.026421686676211295,0.026421686676211295,1.6248920612956093e-15,5.926969055564841e-16
local_basis,32,3.0,0.28,0.2,9,260.0,48001,24001,28,26,1.553567654906082e-06,0.004063479006156655,,,,,,,,-0.06958529825839183,0.06958529825839183,5.312282819408978e-15,8.005932084973442e-16
local_basis,33,3.0,0.28,0.225,9,260.0,48001,24001,25,23,5.493424186995546e-06,0.005102750462649849,3.2499999999999973,3.2499999999999973,0.9999924567892635,7.543210736482564e-06,3.2499999999999973,0.9999924567892635,7.543210736482564e-06,-0.2194871917757725,0.2194871917757725,3.70571077395096e-15,1.0265811539126828e-15
local_basis,34,3.0,0.28,0.25,9,260.0,48001,24001,23,21,9.732401178072745e-05,0.006202714116830712,2.5,2.5,0.9998537397204253,0.00014626027957465038,2.5,0.9998537397204253,0.00014626027957465038,-0.9624291640985561,0.9624291640985561,2.4141265888416992e-15,6.614917107302101e-16
local_basis,35,3.0,0.28,0.275,9,260.0,48001,24001,21,19,5.246504213119293e-05,0.007337860312107131,2.5,2.5,0.9998874987593187,0.0001125012406812953,2.5,0.9998874987593187,0.0001125012406812953,0.029219477816010003,0.029219477816010003,3.0283146429831872e-15,3.885780586188048e-16
local_basis,36,3.0,0.28,0.3,9,260.0,48001,24001,19,17,0.0005570219853386647,0.008491654097312461,2.5,2.5,0.9976198792227847,0.0023801207772152777,2.5,0.9976198792227847,0.0023801207772152777,-0.022368009429623213,0.022368009429623213,3.0659674605239256e-15,9.08756711201214e-16
local_basis,37,3.0,0.3,0.2,9,260.0,48001,24001,28,26,-2.990861101690422e-07,0.0040740025172982365,,,,,,,,0.022210173237272604,0.022210173237272604,2.915506310400921e-15,1.4443403918438494e-15
local_basis,38,3.0,0.3,0.225,9,260.0,48001,24001,25,23,1.154764897919759e-06,0.005135481335694572,3.949999999999995,3.949999999999995,0.9999983836550252,1.6163449747530478e-06,3.949999999999995,0.9999983836550252,1.6163449747530478e-06,0.24415750732125446,0.24415750732125446,5.166039762951719e-15,5.630453853005914e-16
local_basis,39,3.0,0.3,0.275,9,260.0,48001,24001,21,19,1.4676546194753529e-05,0.007472780866499563,2.5,2.5,0.9999652022823491,3.4797717650913995e-05,2.5,0.9999652022823491,3.4797717650913995e-05,-4.23198258082836e-10,4.23198258082836e-10,2.656087449148591e-15,3.364648117463581e-16
local_basis,40,3.0,0.3,0.3,9,260.0,48001,24001,19,17,0.00022067475589605348,0.008699686748313572,2.5,2.5,0.998722559899205,0.001277440100795002,2.5,0.998722559899205,0.001277440100795002,-0.01581420415734995,0.01581420415734995,2.5768444471727796e-15,8.057113620535428e-16
local_basis,41,3.0,0.32,0.2,9,260.0,48001,24001,28,26,-1.9703372052410807e-07,0.004079932531076042,,,,,,,,-0.03985549300516012,0.03985549300516012,3.831292597163985e-15,8.877446329002823e-16
local_basis,42,3.0,0.32,0.225,9,260.0,48001,24001,25,23,-6.241331507106682e-07,0.005154653540455252,,,,,,,,0.26371214075704164,0.26371214075704164,2.7832448239916143e-15,1.4973226266443653e-15
local_basis,43,3.0,0.32,0.25,9,260.0,48001,24001,22,20,6.118476750767192e-06,0.006331763729441459,3.649999999999996,3.649999999999996,0.999989408608353,1.0591391647052362e-05,3.649999999999996,0.999989408608353,1.0591391647052362e-05,0.8340657809912622,0.8340657809912622,2.9436943793100346e-15,7.224451639598268e-16
local_basis,44,3.0,0.32,0.275,9,260.0,48001,24001,20,18,8.244135346164597e-06,0.007578457859219005,2.9499999999999984,2.9499999999999984,0.9999832278817604,1.6772118239583023e-05,2.9499999999999984,0.9999832278817604,1.6772118239583023e-05,-0.12950253152056676,0.12950253152056676,2.738852246970085e-15,7.005190574351762e-16
local_basis,45,3.0,0.32,0.3,9,260.0,48001,24001,19,17,8.345324878918477e-05,0.008861556875912077,2.5,2.5,0.999464469871377,0.0005355301286229519,2.5,0.999464469871377,0.0005355301286229519,0.008765867179398971,0.008765867179398971,2.7227534738808064e-15,5.472495832362188e-16
local_basis,46,3.0,0.34,0.2,9,260.0,48001,24001,28,26,-3.911191077723586e-07,0.004083838181708156,,,,,,,,0.12759489573318067,0.12759489573318067,3.4991206499809993e-15,1.3743915342634358e-15
local_basis,47,3.0,0.34,0.225,9,260.0,48001,24001,25,23,-5.83464309749185e-08,0.0051659493134062545,,,,,,,,-0.2753434600866264,0.2753434600866264,2.7176490724034447e-15,1.3302422459473284e-15
local_basis,48,3.0,0.34,0.25,9,260.0,48001,24001,22,20,1.0719108877992921e-06,0.0063628821802670975,4.249999999999998,4.249999999999998,0.9999980751756452,1.924824354793131e-06,4.249999999999998,0.9999980751756452,1.924824354793131e-06,-0.7399703815259641,0.7399703815259641,2.988078182072756e-15,7.098050953971103e-16
local_basis,49,3.0,0.34,0.275,9,260.0,48001,24001,20,18,2.477209056982502e-06,0.0076463433254430275,3.4749999999999965,3.4749999999999965,0.9999957381788747,4.261821125339793e-06,3.4749999999999965,0.9999957381788747,4.261821125339793e-06,-0.17461614716018567,0.17461614716018567,3.241386030150541e-15,7.909121606961004e-16
local_basis,50,3.0,0.34,0.3,9,260.0,48001,24001,19,17,3.113857538339598e-05,0.0089831793021015,2.8999999999999986,2.8999999999999986,0.9998456197627489,0.00015438023725111716,2.8999999999999986,0.9998456197627489,0.00015438023725111716,-0.0026421621470540555,0.0026421621470540555,2.9049406853576787e-15,8.825225603406398e-16
local_basis,51,3.0,0.26,0.2,11,260.0,48001,24001,28,26,-3.837065048552876e-05,0.003998936862247286,2.6249999999999996,,,,4.249999999999998,1.0000599225240547,-5.992252405473408e-05,0.14884890197125275,0.14884890197125275,4.940614549491643e-15,1.2772089347072345e-15
local_basis,52,3.0,0.26,0.225,11,260.0,48001,24001,25,23,0.00030584730818598453,0.004947669343479727,2.5,2.5,0.9996088052484937,0.00039119475150628524,2.5,0.9996088052484937,0.00039119475150628524,-0.1891886867275649,0.1891886867275649,2.6939773159060262e-15,4.0077744118387634e-16
local_basis,53,3.0,0.26,0.25,11,260.0,48001,24001,23,21,0.002261988233377372,0.005912428830407801,2.5,2.5,0.996925254731679,0.0030747452683209664,2.5,0.996925254731679,0.0030747452683209664,-0.8310360604297407,0.8310360604297407,3.2533258209670353e-15,7.611305586242616e-16
local_basis,54,3.0,0.26,0.275,11,260.0,48001,24001,21,19,0.0004364770091748428,0.006887898622387546,2.5,2.5,0.999224818215396,0.0007751817846040066,2.5,0.999224818215396,0.0007751817846040066,0.19295900076560424,0.19295900076560424,3.409949765762743e-15,1.0532500405730103e-15
local_basis,55,3.0,0.26,0.3,11,260.0,48001,24001,19,17,0.003777995126617783,0.007868947087849753,2.5,2.5,0.9901123010321929,0.009887698967807057,2.5,0.9901123010321929,0.009887698967807057,0.024329023516133665,0.024329023516133665,1.6248920612956093e-15,4.1540741810552243e-16
local_basis,56,3.0,0.28,0.2,11,260.0,48001,24001,28,26,2.5820105417308306e-05,0.004035750369700279,3.324999999999997,3.324999999999997,0.9999329791207896,6.70208792103999e-05,3.324999999999997,0.9999329791207896,6.70208792103999e-05,0.026100288360436347,0.026100288360436347,5.312282819408978e-15,8.599750569898517e-16
local_basis,57,3.0,0.28,0.225,11,260.0,48001,24001,25,23,0.00010737724003869693,0.00502951986928755,2.5,2.5,0.9998570268107765,0.00014297318922351643,2.5,0.9998570268107765,0.00014297318922351643,0.22327659777569983,0.22327659777569983,3.70571077395096e-15,4.839349969133127e-16
local_basis,58,3.0,0.28,0.25,11,260.0,48001,24001,23,21,0.0007504000733559574,0.006058633605476415,2.5,2.5,0.9989301459377059,0.0010698540622940955,2.5,0.9989301459377059,0.0010698540622940955,0.9525925997896237,0.9525925997896237,2.4141265888416992e-15,6.317061694150495e-16
local_basis,59,3.0,0.28,0.275,11,260.0,48001,24001,21,19,0.00022235409721105007,0.00710399362703032,2.5,2.5,0.9995621842956093,0.0004378157043907205,2.5,0.9995621842956093,0.0004378157043907205,-0.21441515952014392,0.21441515952014392,3.0283146429831872e-15,4.509747244882934e-16
local_basis,60,3.0,0.28,0.3,11,260.0,48001,24001,19,17,0.0018047103128575094,0.008161249092865752,2.5,2.5,0.9942942205788222,0.005705779421177781,2.5,0.9942942205788222,0.005705779421177781,0.02265475568053855,0.02265475568053855,3.0659674605239256e-15,4.002966042486721e-16
local_basis,61,3.0,0.3,0.2,11,260.0,48001,24001,28,26,3.359772834231851e-05,0.004059656325697905,4.074999999999996,4.074999999999996,0.9998057656843831,0.00019423431561693683,4.074999999999996,0.9998057656843831,0.00019423431561693683,-0.0391001159604506,0.0391001159604506,2.915506310400921e-15,0.0
local_basis,62,3.0,0.3,0.225,11,260.0,48001,24001,25,23,-0.0001305518316129133,0.005086398069271537,3.024999999999998,,,,4.249999999999998,1.0001744986014198,-0.00017449860141982576,0.2263648197442202,0.2263648197442202,5.166039762951719e-15,1.6260124930807873e-15
local_basis,63,3.0,0.3,0.25,11,260.0,48001,24001,23,21,0.00018338037892879673,0.0061692969937466565,2.5,2.5,0.9997273338906082,0.0002726661093918059,2.5,0.9997273338906082,0.0002726661093918059,0.9948700348489435,0.9948700348489435,5.592055103416499e-15,8.409527189913788e-16
local_basis,64,3.0,0.3,0.275,11,260.0,48001,24001,21,19,9.536275686332849e-05,0.007281519211813844,2.5,2.5,0.9998022642751275,0.00019773572487247204,2.5,0.9998022642751275,0.00019773572487247204,7.895079967269509e-11,7.895079967269509e-11,2.656087449148591e-15,6.544668208791957e-16
local_basis,65,3.0,0.3,0.3,11,260.0,48001,24001,19,17,0.0007760327461976054,0.00840890121693317,2.5,2.5,0.9969503114194902,0.0030496885805098017,2.5,0.9969503114194902,0.0030496885805098017,0.016949967965031072,0.016949967965031072,2.5768444471727796e-15,4.1540741810552243e-16
local_basis,66,3.0,0.32,0.2,11,260.0,48001,24001,28,26,-0.00010019064947636257,0.004069750922225149,,,,,,,,-0.04957463473499037,0.04957463473499037,3.831292597163985e-15,4.978626154298365e-16
local_basis,67,3.0,0.32,0.225,11,260.0,48001,24001,25,23,2.5632988047426822e-05,0.005122098612424401,3.649999999999996,3.649999999999996,0.9999644915024816,3.550849751843277e-05,3.649999999999996,0.9999644915024816,3.550849751843277e-05,-0.2460780309654715,0.2460780309654715,2.7832448239916143e-15,7.719655905816142e-16
local_basis,68,3.0,0.32,0.25,11,260.0,48001,24001,22,20,6.448207846193812e-05,0.006253129760486028,2.824999999999999,2.824999999999999,0.9998958617092811,0.00010413829071886926,2.824999999999999,0.9998958617092811,0.00010413829071886926,0.8508962435713084,0.8508962435713084,2.9436943793100346e-15,8.922349144213445e-16
local_basis,69,3.0,0.32,0.275,11,260.0,48001,24001,20,18,7.199753658022897e-05,0.007426175303362611,2.5,2.5,0.9998837413628542,0.0001162586371458163,2.5,0.9998837413628542,0.0001162586371458163,-0.18433589930782243,0.18433589930782243,2.738852246970085e-15,4.720488264635378e-16
local_basis,70,3.0,0.32,0.3,11,260.0,48001,24001,19,17,0.00032755671362040464,0.008614113551334256,2.5,2.5,0.9983253739371586,0.0016746260628414111,2.5,0.9983253739371586,0.0016746260628414111,-0.009715726886428322,0.009715726886428322,2.7227534738808064e-15,3.024593730708204e-17
local_basis,71,3.0,0.34,0.2,11,260.0,48001,24001,28,26,-8.771618941416754e-05,0.004080680097561711,,,,,,,,-0.045058337505028905,0.045058337505028905,3.4991206499809993e-15,1.6151300338618771e-15
local_basis,72,3.0,0.34,0.225,11,260.0,48001,24001,25,23,-4.4129535231656824e-05,0.005145323900656076,,,,,,,,-0.031192896080421025,0.031192896080421025,2.7176490724034447e-15,3.903127820947816e-17
local_basis,73,3.0,0.34,0.25,11,260.0,48001,24001,22,20,-5.2235401543854316e-05,0.006308135433755806,3.349999999999997,,,,4.249999999999998,1.0000872284515145,-8.722845151454273e-05,0.753594312927678,0.753594312927678,2.988078182072756e-15,4.658806516357985e-16
local_basis,74,3.0,0.34,0.275,11,260.0,48001,24001,20,18,-6.424394024514086e-05,0.007530547216805368,2.6749999999999994,,,,4.249999999999998,1.000147141565128,-0.00014714156512796173,-0.09858081389417388,0.09858081389417388,3.241386030150541e-15,3.0604475142292484e-16
local_basis,75,3.0,0.34,0.3,11,260.0,48001,24001,19,17,0.00014164222786413808,0.008782600439970714,2.5,2.5,0.99902412650259,0.000975873497410018,2.5,0.99902412650259,0.000975873497410018,-0.0030017468935723164,0.0030017468935723164,2.9049406853576787e-15,3.4026679470467295e-17
quad_check,76,3.0,0.3,0.25,9,220.0,36001,18001,23,21,1.9647793436739057e-05,0.006277291229845942,3.074999999999998,3.074999999999998,0.9999696947646072,3.0305235392824592e-05,3.074999999999998,0.9999696947646072,3.0305235392824592e-05,1.0000000000000002,1.0000000000000002,5.592055103416499e-15,6.935336809042223e-16
quad_check,77,3.0,0.3,0.25,9,260.0,48001,24001,23,21,1.9647793435205575e-05,0.006277283867477123,3.074999999999998,3.074999999999998,0.9999696947631953,3.0305236804695213e-05,3.074999999999998,0.9999696947631953,3.0305236804695213e-05,1.0000000000000002,1.0000000000000002,5.592055103416499e-15,7.747905049775384e-16
quad_check,78,3.0,0.3,0.25,9,320.0,64001,32001,23,21,1.9647793451239777e-05,0.006277273309546632,3.074999999999998,3.074999999999998,0.9999696947624723,3.0305237527672446e-05,3.074999999999998,0.9999696947624723,3.0305237527672446e-05,1.0000000000000002,1.0000000000000002,5.592055103416499e-15,8.8470216988485605e-16
