matrix,i,j,mid
A,0,0,2.624890365877137130e-02
A,0,1,-4.873092439846880564e-01
A,0,2,-2.460736057093964591e-01
A,0,3,-1.744899965879661285e-01
A,0,4,-1.378119062369185799e-01
A,0,5,-1.143748439686671919e-01
A,0,6,-9.742597050288258342e-02
A,0,7,-8.420506225935556199e-02
A,0,8,-7.339349733534211717e-02
A,0,9,-6.428849036841127740e-02
A,0,10,-5.648004324872491627e-02
A,0,11,-4.970832111897918737e-02
A,0,12,-4.379542530481182055e-02
A,0,13,-3.861088483095823781e-02
A,0,14,-3.405344322235511617e-02
A,0,15,-3.004107317037527439e-02
A,0,16,-2.650527771460323145e-02
A,0,17,-2.338768127103669353e-02
A,0,18,-2.063787367594724365e-02
A,0,19,-1.821195908254417614e-02
A,0,20,-1.607151550999784406e-02
A,0,21,-1.418280469000825911e-02
A,0,22,-1.251614313302547646e-02
A,1,0,-4.873092439846880564e-01
A,1,1,2.624890365877137130e-02
A,1,2,-4.873092439846880564e-01
A,1,3,-2.460736057093964591e-01
A,1,4,-1.744899965879661285e-01
A,1,5,-1.378119062369185799e-01
A,1,6,-1.143748439686671919e-01
A,1,7,-9.742597050288258342e-02
A,1,8,-8.420506225935556199e-02
A,1,9,-7.339349733534211717e-02
A,1,10,-6.428849036841127740e-02
A,1,11,-5.648004324872491627e-02
A,1,12,-4.970832111897918737e-02
A,1,13,-4.379542530481182055e-02
A,1,14,-3.861088483095823781e-02
A,1,15,-3.405344322235511617e-02
A,1,16,-3.004107317037527439e-02
A,1,17,-2.650527771460323145e-02
A,1,18,-2.338768127103669353e-02
A,1,19,-2.063787367594724365e-02
A,1,20,-1.821195908254417614e-02
A,1,21,-1.607151550999784406e-02
A,1,22,-1.418280469000825911e-02
A,2,0,-2.460736057093964591e-01
A,2,1,-4.873092439846880564e-01
A,2,2,2.624890365877137130e-02
A,2,3,-4.873092439846880564e-01
A,2,4,-2.460736057093964591e-01
A,2,5,-1.744899965879661285e-01
A,2,6,-1.378119062369185799e-01
A,2,7,-1.143748439686671919e-01
A,2,8,-9.742597050288258342e-02
A,2,9,-8.420506225935556199e-02
A,2,10,-7.339349733534211717e-02
A,2,11,-6.428849036841127740e-02
A,2,12,-5.648004324872491627e-02
A,2,13,-4.970832111897918737e-02
A,2,14,-4.379542530481182055e-02
A,2,15,-3.861088483095823781e-02
A,2,16,-3.405344322235511617e-02
A,2,17,-3.004107317037527439e-02
A,2,18,-2.650527771460323145e-02
A,2,19,-2.338768127103669353e-02
A,2,20,-2.063787367594724365e-02
A,2,21,-1.821195908254417614e-02
A,2,22,-1.607151550999784406e-02
A,3,0,-1.744899965879661285e-01
A,3,1,-2.460736057093964591e-01
A,3,2,-4.873092439846880564e-01
A,3,3,2.624890365877137130e-02
A,3,4,-4.873092439846880564e-01
A,3,5,-2.460736057093964591e-01
A,3,6,-1.744899965879661285e-01
A,3,7,-1.378119062369185799e-01
A,3,8,-1.143748439686671919e-01
A,3,9,-9.742597050288258342e-02
A,3,10,-8.420506225935556199e-02
A,3,11,-7.339349733534211717e-02
A,3,12,-6.428849036841127740e-02
A,3,13,-5.648004324872491627e-02
A,3,14,-4.970832111897918737e-02
A,3,15,-4.379542530481182055e-02
A,3,16,-3.861088483095823781e-02
A,3,17,-3.405344322235511617e-02
A,3,18,-3.004107317037527439e-02
A,3,19,-2.650527771460323145e-02
A,3,20,-2.338768127103669353e-02
A,3,21,-2.063787367594724365e-02
A,3,22,-1.821195908254417614e-02
A,4,0,-1.378119062369185799e-01
A,4,1,-1.744899965879661285e-01
A,4,2,-2.460736057093964591e-01
A,4,3,-4.873092439846880564e-01
A,4,4,2.624890365877137130e-02
A,4,5,-4.873092439846880564e-01
A,4,6,-2.460736057093964591e-01
A,4,7,-1.744899965879661285e-01
A,4,8,-1.378119062369185799e-01
A,4,9,-1.143748439686671919e-01
A,4,10,-9.742597050288258342e-02
A,4,11,-8.420506225935556199e-02
A,4,12,-7.339349733534211717e-02
A,4,13,-6.428849036841127740e-02
A,4,14,-5.648004324872491627e-02
A,4,15,-4.970832111897918737e-02
A,4,16,-4.379542530481182055e-02
A,4,17,-3.861088483095823781e-02
A,4,18,-3.405344322235511617e-02
A,4,19,-3.004107317037527439e-02
A,4,20,-2.650527771460323145e-02
A,4,21,-2.338768127103669353e-02
A,4,22,-2.063787367594724365e-02
A,5,0,-1.143748439686671919e-01
A,5,1,-1.378119062369185799e-01
A,5,2,-1.744899965879661285e-01
A,5,3,-2.460736057093964591e-01
A,5,4,-4.873092439846880564e-01
A,5,5,2.624890365877137130e-02
A,5,6,-4.873092439846880564e-01
A,5,7,-2.460736057093964591e-01
A,5,8,-1.744899965879661285e-01
A,5,9,-1.378119062369185799e-01
A,5,10,-1.143748439686671919e-01
A,5,11,-9.742597050288258342e-02
A,5,12,-8.420506225935556199e-02
A,5,13,-7.339349733534211717e-02
A,5,14,-6.428849036841127740e-02
A,5,15,-5.648004324872491627e-02
A,5,16,-4.970832111897918737e-02
A,5,17,-4.379542530481182055e-02
A,5,18,-3.861088483095823781e-02
A,5,19,-3.405344322235511617e-02
A,5,20,-3.004107317037527439e-02
A,5,21,-2.650527771460323145e-02
A,5,22,-2.338768127103669353e-02
A,6,0,-9.742597050288258342e-02
A,6,1,-1.143748439686671919e-01
A,6,2,-1.378119062369185799e-01
A,6,3,-1.744899965879661285e-01
A,6,4,-2.460736057093964591e-01
A,6,5,-4.873092439846880564e-01
A,6,6,2.624890365877137130e-02
A,6,7,-4.873092439846880564e-01
A,6,8,-2.460736057093964591e-01
A,6,9,-1.744899965879661285e-01
A,6,10,-1.378119062369185799e-01
A,6,11,-1.143748439686671919e-01
A,6,12,-9.742597050288258342e-02
A,6,13,-8.420506225935556199e-02
A,6,14,-7.339349733534211717e-02
A,6,15,-6.428849036841127740e-02
A,6,16,-5.648004324872491627e-02
A,6,17,-4.970832111897918737e-02
A,6,18,-4.379542530481182055e-02
A,6,19,-3.861088483095823781e-02
A,6,20,-3.405344322235511617e-02
A,6,21,-3.004107317037527439e-02
A,6,22,-2.650527771460323145e-02
A,7,0,-8.420506225935556199e-02
A,7,1,-9.742597050288258342e-02
A,7,2,-1.143748439686671919e-01
A,7,3,-1.378119062369185799e-01
A,7,4,-1.744899965879661285e-01
A,7,5,-2.460736057093964591e-01
A,7,6,-4.873092439846880564e-01
A,7,7,2.624890365877137130e-02
A,7,8,-4.873092439846880564e-01
A,7,9,-2.460736057093964591e-01
A,7,10,-1.744899965879661285e-01
A,7,11,-1.378119062369185799e-01
A,7,12,-1.143748439686671919e-01
A,7,13,-9.742597050288258342e-02
A,7,14,-8.420506225935556199e-02
A,7,15,-7.339349733534211717e-02
A,7,16,-6.428849036841127740e-02
A,7,17,-5.648004324872491627e-02
A,7,18,-4.970832111897918737e-02
A,7,19,-4.379542530481182055e-02
A,7,20,-3.861088483095823781e-02
A,7,21,-3.405344322235511617e-02
A,7,22,-3.004107317037527439e-02
A,8,0,-7.339349733534211717e-02
A,8,1,-8.420506225935556199e-02
A,8,2,-9.742597050288258342e-02
A,8,3,-1.143748439686671919e-01
A,8,4,-1.378119062369185799e-01
A,8,5,-1.744899965879661285e-01
A,8,6,-2.460736057093964591e-01
A,8,7,-4.873092439846880564e-01
A,8,8,2.624890365877137130e-02
A,8,9,-4.873092439846880564e-01
A,8,10,-2.460736057093964591e-01
A,8,11,-1.744899965879661285e-01
A,8,12,-1.378119062369185799e-01
A,8,13,-1.143748439686671919e-01
A,8,14,-9.742597050288258342e-02
A,8,15,-8.420506225935556199e-02
A,8,16,-7.339349733534211717e-02
A,8,17,-6.428849036841127740e-02
A,8,18,-5.648004324872491627e-02
A,8,19,-4.970832111897918737e-02
A,8,20,-4.379542530481182055e-02
A,8,21,-3.861088483095823781e-02
A,8,22,-3.405344322235511617e-02
A,9,0,-6.428849036841127740e-02
A,9,1,-7.339349733534211717e-02
A,9,2,-8.420506225935556199e-02
A,9,3,-9.742597050288258342e-02
A,9,4,-1.143748439686671919e-01
A,9,5,-1.378119062369185799e-01
A,9,6,-1.744899965879661285e-01
A,9,7,-2.460736057093964591e-01
A,9,8,-4.873092439846880564e-01
A,9,9,2.624890365877137130e-02
A,9,10,-4.873092439846880564e-01
A,9,11,-2.460736057093964591e-01
A,9,12,-1.744899965879661285e-01
A,9,13,-1.378119062369185799e-01
A,9,14,-1.143748439686671919e-01
A,9,15,-9.742597050288258342e-02
A,9,16,-8.420506225935556199e-02
A,9,17,-7.339349733534211717e-02
A,9,18,-6.428849036841127740e-02
A,9,19,-5.648004324872491627e-02
A,9,20,-4.970832111897918737e-02
A,9,21,-4.379542530481182055e-02
A,9,22,-3.861088483095823781e-02
A,10,0,-5.648004324872491627e-02
A,10,1,-6.428849036841127740e-02
A,10,2,-7.339349733534211717e-02
A,10,3,-8.420506225935556199e-02
A,10,4,-9.742597050288258342e-02
A,10,5,-1.143748439686671919e-01
A,10,6,-1.378119062369185799e-01
A,10,7,-1.744899965879661285e-01
A,10,8,-2.460736057093964591e-01
A,10,9,-4.873092439846880564e-01
A,10,10,2.624890365877137130e-02
A,10,11,-4.873092439846880564e-01
A,10,12,-2.460736057093964591e-01
A,10,13,-1.744899965879661285e-01
A,10,14,-1.378119062369185799e-01
A,10,15,-1.143748439686671919e-01
A,10,16,-9.742597050288258342e-02
A,10,17,-8.420506225935556199e-02
A,10,18,-7.339349733534211717e-02
A,10,19,-6.428849036841127740e-02
A,10,20,-5.648004324872491627e-02
A,10,21,-4.970832111897918737e-02
A,10,22,-4.379542530481182055e-02
A,11,0,-4.970832111897918737e-02
A,11,1,-5.648004324872491627e-02
A,11,2,-6.428849036841127740e-02
A,11,3,-7.339349733534211717e-02
A,11,4,-8.420506225935556199e-02
A,11,5,-9.742597050288258342e-02
A,11,6,-1.143748439686671919e-01
A,11,7,-1.378119062369185799e-01
A,11,8,-1.744899965879661285e-01
A,11,9,-2.460736057093964591e-01
A,11,10,-4.873092439846880564e-01
A,11,11,2.624890365877137130e-02
A,11,12,-4.873092439846880564e-01
A,11,13,-2.460736057093964591e-01
A,11,14,-1.744899965879661285e-01
A,11,15,-1.378119062369185799e-01
A,11,16,-1.143748439686671919e-01
A,11,17,-9.742597050288258342e-02
A,11,18,-8.420506225935556199e-02
A,11,19,-7.339349733534211717e-02
A,11,20,-6.428849036841127740e-02
A,11,21,-5.648004324872491627e-02
A,11,22,-4.970832111897918737e-02
A,12,0,-4.379542530481182055e-02
A,12,1,-4.970832111897918737e-02
A,12,2,-5.648004324872491627e-02
A,12,3,-6.428849036841127740e-02
A,12,4,-7.339349733534211717e-02
A,12,5,-8.420506225935556199e-02
A,12,6,-9.742597050288258342e-02
A,12,7,-1.143748439686671919e-01
A,12,8,-1.378119062369185799e-01
A,12,9,-1.744899965879661285e-01
A,12,10,-2.460736057093964591e-01
A,12,11,-4.873092439846880564e-01
A,12,12,2.624890365877137130e-02
A,12,13,-4.873092439846880564e-01
A,12,14,-2.460736057093964591e-01
A,12,15,-1.744899965879661285e-01
A,12,16,-1.378119062369185799e-01
A,12,17,-1.143748439686671919e-01
A,12,18,-9.742597050288258342e-02
A,12,19,-8.420506225935556199e-02
A,12,20,-7.339349733534211717e-02
A,12,21,-6.428849036841127740e-02
A,12,22,-5.648004324872491627e-02
A,13,0,-3.861088483095823781e-02
A,13,1,-4.379542530481182055e-02
A,13,2,-4.970832111897918737e-02
A,13,3,-5.648004324872491627e-02
A,13,4,-6.428849036841127740e-02
A,13,5,-7.339349733534211717e-02
A,13,6,-8.420506225935556199e-02
A,13,7,-9.742597050288258342e-02
A,13,8,-1.143748439686671919e-01
A,13,9,-1.378119062369185799e-01
A,13,10,-1.744899965879661285e-01
A,13,11,-2.460736057093964591e-01
A,13,12,-4.873092439846880564e-01
A,13,13,2.624890365877137130e-02
A,13,14,-4.873092439846880564e-01
A,13,15,-2.460736057093964591e-01
A,13,16,-1.744899965879661285e-01
A,13,17,-1.378119062369185799e-01
A,13,18,-1.143748439686671919e-01
A,13,19,-9.742597050288258342e-02
A,13,20,-8.420506225935556199e-02
A,13,21,-7.339349733534211717e-02
A,13,22,-6.428849036841127740e-02
A,14,0,-3.405344322235511617e-02
A,14,1,-3.861088483095823781e-02
A,14,2,-4.379542530481182055e-02
A,14,3,-4.970832111897918737e-02
A,14,4,-5.648004324872491627e-02
A,14,5,-6.428849036841127740e-02
A,14,6,-7.339349733534211717e-02
A,14,7,-8.420506225935556199e-02
A,14,8,-9.742597050288258342e-02
A,14,9,-1.143748439686671919e-01
A,14,10,-1.378119062369185799e-01
A,14,11,-1.744899965879661285e-01
A,14,12,-2.460736057093964591e-01
A,14,13,-4.873092439846880564e-01
A,14,14,2.624890365877137130e-02
A,14,15,-4.873092439846880564e-01
A,14,16,-2.460736057093964591e-01
A,14,17,-1.744899965879661285e-01
A,14,18,-1.378119062369185799e-01
A,14,19,-1.143748439686671919e-01
A,14,20,-9.742597050288258342e-02
A,14,21,-8.420506225935556199e-02
A,14,22,-7.339349733534211717e-02
A,15,0,-3.004107317037527439e-02
A,15,1,-3.405344322235511617e-02
A,15,2,-3.861088483095823781e-02
A,15,3,-4.379542530481182055e-02
A,15,4,-4.970832111897918737e-02
A,15,5,-5.648004324872491627e-02
A,15,6,-6.428849036841127740e-02
A,15,7,-7.339349733534211717e-02
A,15,8,-8.420506225935556199e-02
A,15,9,-9.742597050288258342e-02
A,15,10,-1.143748439686671919e-01
A,15,11,-1.378119062369185799e-01
A,15,12,-1.744899965879661285e-01
A,15,13,-2.460736057093964591e-01
A,15,14,-4.873092439846880564e-01
A,15,15,2.624890365877137130e-02
A,15,16,-4.873092439846880564e-01
A,15,17,-2.460736057093964591e-01
A,15,18,-1.744899965879661285e-01
A,15,19,-1.378119062369185799e-01
A,15,20,-1.143748439686671919e-01
A,15,21,-9.742597050288258342e-02
A,15,22,-8.420506225935556199e-02
A,16,0,-2.650527771460323145e-02
A,16,1,-3.004107317037527439e-02
A,16,2,-3.405344322235511617e-02
A,16,3,-3.861088483095823781e-02
A,16,4,-4.379542530481182055e-02
A,16,5,-4.970832111897918737e-02
A,16,6,-5.648004324872491627e-02
A,16,7,-6.428849036841127740e-02
A,16,8,-7.339349733534211717e-02
A,16,9,-8.420506225935556199e-02
A,16,10,-9.742597050288258342e-02
A,16,11,-1.143748439686671919e-01
A,16,12,-1.378119062369185799e-01
A,16,13,-1.744899965879661285e-01
A,16,14,-2.460736057093964591e-01
A,16,15,-4.873092439846880564e-01
A,16,16,2.624890365877137130e-02
A,16,17,-4.873092439846880564e-01
A,16,18,-2.460736057093964591e-01
A,16,19,-1.744899965879661285e-01
A,16,20,-1.378119062369185799e-01
A,16,21,-1.143748439686671919e-01
A,16,22,-9.742597050288258342e-02
A,17,0,-2.338768127103669353e-02
A,17,1,-2.650527771460323145e-02
A,17,2,-3.004107317037527439e-02
A,17,3,-3.405344322235511617e-02
A,17,4,-3.861088483095823781e-02
A,17,5,-4.379542530481182055e-02
A,17,6,-4.970832111897918737e-02
A,17,7,-5.648004324872491627e-02
A,17,8,-6.428849036841127740e-02
A,17,9,-7.339349733534211717e-02
A,17,10,-8.420506225935556199e-02
A,17,11,-9.742597050288258342e-02
A,17,12,-1.143748439686671919e-01
A,17,13,-1.378119062369185799e-01
A,17,14,-1.744899965879661285e-01
A,17,15,-2.460736057093964591e-01
A,17,16,-4.873092439846880564e-01
A,17,17,2.624890365877137130e-02
A,17,18,-4.873092439846880564e-01
A,17,19,-2.460736057093964591e-01
A,17,20,-1.744899965879661285e-01
A,17,21,-1.378119062369185799e-01
A,17,22,-1.143748439686671919e-01
A,18,0,-2.063787367594724365e-02
A,18,1,-2.338768127103669353e-02
A,18,2,-2.650527771460323145e-02
A,18,3,-3.004107317037527439e-02
A,18,4,-3.405344322235511617e-02
A,18,5,-3.861088483095823781e-02
A,18,6,-4.379542530481182055e-02
A,18,7,-4.970832111897918737e-02
A,18,8,-5.648004324872491627e-02
A,18,9,-6.428849036841127740e-02
A,18,10,-7.339349733534211717e-02
A,18,11,-8.420506225935556199e-02
A,18,12,-9.742597050288258342e-02
A,18,13,-1.143748439686671919e-01
A,18,14,-1.378119062369185799e-01
A,18,15,-1.744899965879661285e-01
A,18,16,-2.460736057093964591e-01
A,18,17,-4.873092439846880564e-01
A,18,18,2.624890365877137130e-02
A,18,19,-4.873092439846880564e-01
A,18,20,-2.460736057093964591e-01
A,18,21,-1.744899965879661285e-01
A,18,22,-1.378119062369185799e-01
A,19,0,-1.821195908254417614e-02
A,19,1,-2.063787367594724365e-02
A,19,2,-2.338768127103669353e-02
A,19,3,-2.650527771460323145e-02
A,19,4,-3.004107317037527439e-02
A,19,5,-3.405344322235511617e-02
A,19,6,-3.861088483095823781e-02
A,19,7,-4.379542530481182055e-02
A,19,8,-4.970832111897918737e-02
A,19,9,-5.648004324872491627e-02
A,19,10,-6.428849036841127740e-02
A,19,11,-7.339349733534211717e-02
A,19,12,-8.420506225935556199e-02
A,19,13,-9.742597050288258342e-02
A,19,14,-1.143748439686671919e-01
A,19,15,-1.378119062369185799e-01
A,19,16,-1.744899965879661285e-01
A,19,17,-2.460736057093964591e-01
A,19,18,-4.873092439846880564e-01
A,19,19,2.624890365877137130e-02
A,19,20,-4.873092439846880564e-01
A,19,21,-2.460736057093964591e-01
A,19,22,-1.744899965879661285e-01
A,20,0,-1.607151550999784406e-02
A,20,1,-1.821195908254417614e-02
A,20,2,-2.063787367594724365e-02
A,20,3,-2.338768127103669353e-02
A,20,4,-2.650527771460323145e-02
A,20,5,-3.004107317037527439e-02
A,20,6,-3.405344322235511617e-02
A,20,7,-3.861088483095823781e-02
A,20,8,-4.379542530481182055e-02
A,20,9,-4.970832111897918737e-02
A,20,10,-5.648004324872491627e-02
A,20,11,-6.428849036841127740e-02
A,20,12,-7.339349733534211717e-02
A,20,13,-8.420506225935556199e-02
A,20,14,-9.742597050288258342e-02
A,20,15,-1.143748439686671919e-01
A,20,16,-1.378119062369185799e-01
A,20,17,-1.744899965879661285e-01
A,20,18,-2.460736057093964591e-01
A,20,19,-4.873092439846880564e-01
A,20,20,2.624890365877137130e-02
A,20,21,-4.873092439846880564e-01
A,20,22,-2.460736057093964591e-01
A,21,0,-1.418280469000825911e-02
A,21,1,-1.607151550999784406e-02
A,21,2,-1.821195908254417614e-02
A,21,3,-2.063787367594724365e-02
A,21,4,-2.338768127103669353e-02
A,21,5,-2.650527771460323145e-02
A,21,6,-3.004107317037527439e-02
A,21,7,-3.405344322235511617e-02
A,21,8,-3.861088483095823781e-02
A,21,9,-4.379542530481182055e-02
A,21,10,-4.970832111897918737e-02
A,21,11,-5.648004324872491627e-02
A,21,12,-6.428849036841127740e-02
A,21,13,-7.339349733534211717e-02
A,21,14,-8.420506225935556199e-02
A,21,15,-9.742597050288258342e-02
A,21,16,-1.143748439686671919e-01
A,21,17,-1.378119062369185799e-01
A,21,18,-1.744899965879661285e-01
A,21,19,-2.460736057093964591e-01
A,21,20,-4.873092439846880564e-01
A,21,21,2.624890365877137130e-02
A,21,22,-4.873092439846880564e-01
A,22,0,-1.251614313302547646e-02
A,22,1,-1.418280469000825911e-02
A,22,2,-1.607151550999784406e-02
A,22,3,-1.821195908254417614e-02
A,22,4,-2.063787367594724365e-02
A,22,5,-2.338768127103669353e-02
A,22,6,-2.650527771460323145e-02
A,22,7,-3.004107317037527439e-02
A,22,8,-3.405344322235511617e-02
A,22,9,-3.861088483095823781e-02
A,22,10,-4.379542530481182055e-02
A,22,11,-4.970832111897918737e-02
A,22,12,-5.648004324872491627e-02
A,22,13,-6.428849036841127740e-02
A,22,14,-7.339349733534211717e-02
A,22,15,-8.420506225935556199e-02
A,22,16,-9.742597050288258342e-02
A,22,17,-1.143748439686671919e-01
A,22,18,-1.378119062369185799e-01
A,22,19,-1.744899965879661285e-01
A,22,20,-2.460736057093964591e-01
A,22,21,-4.873092439846880564e-01
A,22,22,2.624890365877137130e-02
P,0,0,-6.963981507707291462e-52
P,0,1,1.114494989041103534e-09
P,0,2,2.179845417317047979e-02
P,0,3,3.771596705569579822e-01
P,0,4,2.872678396459469874e-01
P,0,5,1.713852611836683693e-01
P,0,6,3.912083321393145519e-01
P,0,7,1.717414398951524201e-01
P,0,8,7.411545938896013652e-01
P,0,9,4.339653751628939071e-01
P,0,10,8.146187215148129601e-01
P,0,11,6.275519310494106495e-01
P,0,12,7.475710491317453243e-01
P,0,13,9.424137775516284732e-01
P,0,14,9.302618147732791831e-01
P,0,15,1.520358924713671733e+00
P,0,16,1.254384962584985441e+00
P,0,17,1.795850573528087857e+00
P,0,18,1.561114411975452754e+00
P,0,19,2.030134438691484355e+00
P,0,20,2.338696173735311135e+00
P,0,21,2.706544380352664092e+00
P,0,22,3.252901731043633671e+00
P,1,0,1.114494989041103534e-09
P,1,1,-6.963981507707291462e-52
P,1,2,1.114494989041103534e-09
P,1,3,2.179845417317047979e-02
P,1,4,3.771596705569579822e-01
P,1,5,2.872678396459469874e-01
P,1,6,1.713852611836683693e-01
P,1,7,3.912083321393145519e-01
P,1,8,1.717414398951524201e-01
P,1,9,7.411545938896013652e-01
P,1,10,4.339653751628939071e-01
P,1,11,8.146187215148129601e-01
P,1,12,6.275519310494106495e-01
P,1,13,7.475710491317453243e-01
P,1,14,9.424137775516284732e-01
P,1,15,9.302618147732791831e-01
P,1,16,1.520358924713671733e+00
P,1,17,1.254384962584985441e+00
P,1,18,1.795850573528087857e+00
P,1,19,1.561114411975452754e+00
P,1,20,2.030134438691484355e+00
P,1,21,2.338696173735311135e+00
P,1,22,2.706544380352664092e+00
P,2,0,2.179845417317047979e-02
P,2,1,1.114494989041103534e-09
P,2,2,-6.963981507707291462e-52
P,2,3,1.114494989041103534e-09
P,2,4,2.179845417317047979e-02
P,2,5,3.771596705569579822e-01
P,2,6,2.872678396459469874e-01
P,2,7,1.713852611836683693e-01
P,2,8,3.912083321393145519e-01
P,2,9,1.717414398951524201e-01
P,2,10,7.411545938896013652e-01
P,2,11,4.339653751628939071e-01
P,2,12,8.146187215148129601e-01
P,2,13,6.275519310494106495e-01
P,2,14,7.475710491317453243e-01
P,2,15,9.424137775516284732e-01
P,2,16,9.302618147732791831e-01
P,2,17,1.520358924713671733e+00
P,2,18,1.254384962584985441e+00
P,2,19,1.795850573528087857e+00
P,2,20,1.561114411975452754e+00
P,2,21,2.030134438691484355e+00
P,2,22,2.338696173735311135e+00
P,3,0,3.771596705569579822e-01
P,3,1,2.179845417317047979e-02
P,3,2,1.114494989041103534e-09
P,3,3,-6.964005538693703961e-52
P,3,4,1.114494989041103534e-09
P,3,5,2.179845417317047979e-02
P,3,6,3.771596705569579822e-01
P,3,7,2.872678396459469874e-01
P,3,8,1.713852611836683693e-01
P,3,9,3.912083321393145519e-01
P,3,10,1.717414398951524201e-01
P,3,11,7.411545938896013652e-01
P,3,12,4.339653751628939071e-01
P,3,13,8.146187215148129601e-01
P,3,14,6.275519310494106495e-01
P,3,15,7.475710491317453243e-01
P,3,16,9.424137775516284732e-01
P,3,17,9.302618147732791831e-01
P,3,18,1.520358924713671733e+00
P,3,19,1.254384962584985441e+00
P,3,20,1.795850573528087857e+00
P,3,21,1.561114411975452754e+00
P,3,22,2.030134438691484355e+00
P,4,0,2.872678396459469874e-01
P,4,1,3.771596705569579822e-01
P,4,2,2.179845417317047979e-02
P,4,3,1.114494989041103534e-09
P,4,4,-6.964005538693703961e-52
P,4,5,1.114494989041103534e-09
P,4,6,2.179845417317047979e-02
P,4,7,3.771596705569579822e-01
P,4,8,2.872678396459469874e-01
P,4,9,1.713852611836683693e-01
P,4,10,3.912083321393145519e-01
P,4,11,1.717414398951524201e-01
P,4,12,7.411545938896013652e-01
P,4,13,4.339653751628939071e-01
P,4,14,8.146187215148129601e-01
P,4,15,6.275519310494106495e-01
P,4,16,7.475710491317453243e-01
P,4,17,9.424137775516284732e-01
P,4,18,9.302618147732791831e-01
P,4,19,1.520358924713671733e+00
P,4,20,1.254384962584985441e+00
P,4,21,1.795850573528087857e+00
P,4,22,1.561114411975452754e+00
P,5,0,1.713852611836683693e-01
P,5,1,2.872678396459469874e-01
P,5,2,3.771596705569579822e-01
P,5,3,2.179845417317047979e-02
P,5,4,1.114494989041103534e-09
P,5,5,-6.964005538693703961e-52
P,5,6,1.114494989041103534e-09
P,5,7,2.179845417317047979e-02
P,5,8,3.771596705569579822e-01
P,5,9,2.872678396459469874e-01
P,5,10,1.713852611836683693e-01
P,5,11,3.912083321393145519e-01
P,5,12,1.717414398951524201e-01
P,5,13,7.411545938896013652e-01
P,5,14,4.339653751628939071e-01
P,5,15,8.146187215148129601e-01
P,5,16,6.275519310494106495e-01
P,5,17,7.475710491317453243e-01
P,5,18,9.424137775516284732e-01
P,5,19,9.302618147732791831e-01
P,5,20,1.520358924713671733e+00
P,5,21,1.254384962584985441e+00
P,5,22,1.795850573528087857e+00
P,6,0,3.912083321393145519e-01
P,6,1,1.713852611836683693e-01
P,6,2,2.872678396459469874e-01
P,6,3,3.771596705569579822e-01
P,6,4,2.179845417317047979e-02
P,6,5,1.114494989041103534e-09
P,6,6,-6.964005538693703961e-52
P,6,7,1.114494989041103534e-09
P,6,8,2.179845417317047979e-02
P,6,9,3.771596705569579822e-01
P,6,10,2.872678396459469874e-01
P,6,11,1.713852611836683693e-01
P,6,12,3.912083321393145519e-01
P,6,13,1.717414398951524201e-01
P,6,14,7.411545938896013652e-01
P,6,15,4.339653751628939071e-01
P,6,16,8.146187215148129601e-01
P,6,17,6.275519310494106495e-01
P,6,18,7.475710491317453243e-01
P,6,19,9.424137775516284732e-01
P,6,20,9.302618147732791831e-01
P,6,21,1.520358924713671733e+00
P,6,22,1.254384962584985441e+00
P,7,0,1.717414398951524201e-01
P,7,1,3.912083321393145519e-01
P,7,2,1.713852611836683693e-01
P,7,3,2.872678396459469874e-01
P,7,4,3.771596705569579822e-01
P,7,5,2.179845417317047979e-02
P,7,6,1.114494989041103534e-09
P,7,7,-6.964019195683736832e-52
P,7,8,1.114494989041103534e-09
P,7,9,2.179845417317047979e-02
P,7,10,3.771596705569579822e-01
P,7,11,2.872678396459469874e-01
P,7,12,1.713852611836683693e-01
P,7,13,3.912083321393145519e-01
P,7,14,1.717414398951524201e-01
P,7,15,7.411545938896013652e-01
P,7,16,4.339653751628939071e-01
P,7,17,8.146187215148129601e-01
P,7,18,6.275519310494106495e-01
P,7,19,7.475710491317453243e-01
P,7,20,9.424137775516284732e-01
P,7,21,9.302618147732791831e-01
P,7,22,1.520358924713671733e+00
P,8,0,7.411545938896013652e-01
P,8,1,1.717414398951524201e-01
P,8,2,3.912083321393145519e-01
P,8,3,1.713852611836683693e-01
P,8,4,2.872678396459469874e-01
P,8,5,3.771596705569579822e-01
P,8,6,2.179845417317047979e-02
P,8,7,1.114494989041103534e-09
P,8,8,-6.964019195683736832e-52
P,8,9,1.114494989041103534e-09
P,8,10,2.179845417317047979e-02
P,8,11,3.771596705569579822e-01
P,8,12,2.872678396459469874e-01
P,8,13,1.713852611836683693e-01
P,8,14,3.912083321393145519e-01
P,8,15,1.717414398951524201e-01
P,8,16,7.411545938896013652e-01
P,8,17,4.339653751628939071e-01
P,8,18,8.146187215148129601e-01
P,8,19,6.275519310494106495e-01
P,8,20,7.475710491317453243e-01
P,8,21,9.424137775516284732e-01
P,8,22,9.302618147732791831e-01
P,9,0,4.339653751628939071e-01
P,9,1,7.411545938896013652e-01
P,9,2,1.717414398951524201e-01
P,9,3,3.912083321393145519e-01
P,9,4,1.713852611836683693e-01
P,9,5,2.872678396459469874e-01
P,9,6,3.771596705569579822e-01
P,9,7,2.179845417317047979e-02
P,9,8,1.114494989041103534e-09
P,9,9,-6.964014537367941533e-52
P,9,10,1.114494989041103534e-09
P,9,11,2.179845417317047979e-02
P,9,12,3.771596705569579822e-01
P,9,13,2.872678396459469874e-01
P,9,14,1.713852611836683693e-01
P,9,15,3.912083321393145519e-01
P,9,16,1.717414398951524201e-01
P,9,17,7.411545938896013652e-01
P,9,18,4.339653751628939071e-01
P,9,19,8.146187215148129601e-01
P,9,20,6.275519310494106495e-01
P,9,21,7.475710491317453243e-01
P,9,22,9.424137775516284732e-01
P,10,0,8.146187215148129601e-01
P,10,1,4.339653751628939071e-01
P,10,2,7.411545938896013652e-01
P,10,3,1.717414398951524201e-01
P,10,4,3.912083321393145519e-01
P,10,5,1.713852611836683693e-01
P,10,6,2.872678396459469874e-01
P,10,7,3.771596705569579822e-01
P,10,8,2.179845417317047979e-02
P,10,9,1.114494989041103534e-09
P,10,10,-6.963999859826686522e-52
P,10,11,1.114494989041103534e-09
P,10,12,2.179845417317047979e-02
P,10,13,3.771596705569579822e-01
P,10,14,2.872678396459469874e-01
P,10,15,1.713852611836683693e-01
P,10,16,3.912083321393145519e-01
P,10,17,1.717414398951524201e-01
P,10,18,7.411545938896013652e-01
P,10,19,4.339653751628939071e-01
P,10,20,8.146187215148129601e-01
P,10,21,6.275519310494106495e-01
P,10,22,7.475710491317453243e-01
P,11,0,6.275519310494106495e-01
P,11,1,8.146187215148129601e-01
P,11,2,4.339653751628939071e-01
P,11,3,7.411545938896013652e-01
P,11,4,1.717414398951524201e-01
P,11,5,3.912083321393145519e-01
P,11,6,1.713852611836683693e-01
P,11,7,2.872678396459469874e-01
P,11,8,3.771596705569579822e-01
P,11,9,2.179845417317047979e-02
P,11,10,1.114494989041103534e-09
P,11,11,-6.963993893333393863e-52
P,11,12,1.114494989041103534e-09
P,11,13,2.179845417317047979e-02
P,11,14,3.771596705569579822e-01
P,11,15,2.872678396459469874e-01
P,11,16,1.713852611836683693e-01
P,11,17,3.912083321393145519e-01
P,11,18,1.717414398951524201e-01
P,11,19,7.411545938896013652e-01
P,11,20,4.339653751628939071e-01
P,11,21,8.146187215148129601e-01
P,11,22,6.275519310494106495e-01
P,12,0,7.475710491317453243e-01
P,12,1,6.275519310494106495e-01
P,12,2,8.146187215148129601e-01
P,12,3,4.339653751628939071e-01
P,12,4,7.411545938896013652e-01
P,12,5,1.717414398951524201e-01
P,12,6,3.912083321393145519e-01
P,12,7,1.713852611836683693e-01
P,12,8,2.872678396459469874e-01
P,12,9,3.771596705569579822e-01
P,12,10,2.179845417317047979e-02
P,12,11,1.114494989041103534e-09
P,12,12,-6.964014537367941533e-52
P,12,13,1.114494989041103534e-09
P,12,14,2.179845417317047979e-02
P,12,15,3.771596705569579822e-01
P,12,16,2.872678396459469874e-01
P,12,17,1.713852611836683693e-01
P,12,18,3.912083321393145519e-01
P,12,19,1.717414398951524201e-01
P,12,20,7.411545938896013652e-01
P,12,21,4.339653751628939071e-01
P,12,22,8.146187215148129601e-01
P,13,0,9.424137775516284732e-01
P,13,1,7.475710491317453243e-01
P,13,2,6.275519310494106495e-01
P,13,3,8.146187215148129601e-01
P,13,4,4.339653751628939071e-01
P,13,5,7.411545938896013652e-01
P,13,6,1.717414398951524201e-01
P,13,7,3.912083321393145519e-01
P,13,8,1.713852611836683693e-01
P,13,9,2.872678396459469874e-01
P,13,10,3.771596705569579822e-01
P,13,11,2.179845417317047979e-02
P,13,12,1.114494989041103534e-09
P,13,13,-6.964019195683736832e-52
P,13,14,1.114494989041103534e-09
P,13,15,2.179845417317047979e-02
P,13,16,3.771596705569579822e-01
P,13,17,2.872678396459469874e-01
P,13,18,1.713852611836683693e-01
P,13,19,3.912083321393145519e-01
P,13,20,1.717414398951524201e-01
P,13,21,7.411545938896013652e-01
P,13,22,4.339653751628939071e-01
P,14,0,9.302618147732791831e-01
P,14,1,9.424137775516284732e-01
P,14,2,7.475710491317453243e-01
P,14,3,6.275519310494106495e-01
P,14,4,8.146187215148129601e-01
P,14,5,4.339653751628939071e-01
P,14,6,7.411545938896013652e-01
P,14,7,1.717414398951524201e-01
P,14,8,3.912083321393145519e-01
P,14,9,1.713852611836683693e-01
P,14,10,2.872678396459469874e-01
P,14,11,3.771596705569579822e-01
P,14,12,2.179845417317047979e-02
P,14,13,1.114494989041103534e-09
P,14,14,-6.964019195683736832e-52
P,14,15,1.114494989041103534e-09
P,14,16,2.179845417317047979e-02
P,14,17,3.771596705569579822e-01
P,14,18,2.872678396459469874e-01
P,14,19,1.713852611836683693e-01
P,14,20,3.912083321393145519e-01
P,14,21,1.717414398951524201e-01
P,14,22,7.411545938896013652e-01
P,15,0,1.520358924713671733e+00
P,15,1,9.302618147732791831e-01
P,15,2,9.424137775516284732e-01
P,15,3,7.475710491317453243e-01
P,15,4,6.275519310494106495e-01
P,15,5,8.146187215148129601e-01
P,15,6,4.339653751628939071e-01
P,15,7,7.411545938896013652e-01
P,15,8,1.717414398951524201e-01
P,15,9,3.912083321393145519e-01
P,15,10,1.713852611836683693e-01
P,15,11,2.872678396459469874e-01
P,15,12,3.771596705569579822e-01
P,15,13,2.179845417317047979e-02
P,15,14,1.114494989041103534e-09
P,15,15,-6.964005538693703961e-52
P,15,16,1.114494989041103534e-09
P,15,17,2.179845417317047979e-02
P,15,18,3.771596705569579822e-01
P,15,19,2.872678396459469874e-01
P,15,20,1.713852611836683693e-01
P,15,21,3.912083321393145519e-01
P,15,22,1.717414398951524201e-01
P,16,0,1.254384962584985441e+00
P,16,1,1.520358924713671733e+00
P,16,2,9.302618147732791831e-01
P,16,3,9.424137775516284732e-01
P,16,4,7.475710491317453243e-01
P,16,5,6.275519310494106495e-01
P,16,6,8.146187215148129601e-01
P,16,7,4.339653751628939071e-01
P,16,8,7.411545938896013652e-01
P,16,9,1.717414398951524201e-01
P,16,10,3.912083321393145519e-01
P,16,11,1.713852611836683693e-01
P,16,12,2.872678396459469874e-01
P,16,13,3.771596705569579822e-01
P,16,14,2.179845417317047979e-02
P,16,15,1.114494989041103534e-09
P,16,16,-6.964005538693703961e-52
P,16,17,1.114494989041103534e-09
P,16,18,2.179845417317047979e-02
P,16,19,3.771596705569579822e-01
P,16,20,2.872678396459469874e-01
P,16,21,1.713852611836683693e-01
P,16,22,3.912083321393145519e-01
P,17,0,1.795850573528087857e+00
P,17,1,1.254384962584985441e+00
P,17,2,1.520358924713671733e+00
P,17,3,9.302618147732791831e-01
P,17,4,9.424137775516284732e-01
P,17,5,7.475710491317453243e-01
P,17,6,6.275519310494106495e-01
P,17,7,8.146187215148129601e-01
P,17,8,4.339653751628939071e-01
P,17,9,7.411545938896013652e-01
P,17,10,1.717414398951524201e-01
P,17,11,3.912083321393145519e-01
P,17,12,1.713852611836683693e-01
P,17,13,2.872678396459469874e-01
P,17,14,3.771596705569579822e-01
P,17,15,2.179845417317047979e-02
P,17,16,1.114494989041103534e-09
P,17,17,-6.964005538693703961e-52
P,17,18,1.114494989041103534e-09
P,17,19,2.179845417317047979e-02
P,17,20,3.771596705569579822e-01
P,17,21,2.872678396459469874e-01
P,17,22,1.713852611836683693e-01
P,18,0,1.561114411975452754e+00
P,18,1,1.795850573528087857e+00
P,18,2,1.254384962584985441e+00
P,18,3,1.520358924713671733e+00
P,18,4,9.302618147732791831e-01
P,18,5,9.424137775516284732e-01
P,18,6,7.475710491317453243e-01
P,18,7,6.275519310494106495e-01
P,18,8,8.146187215148129601e-01
P,18,9,4.339653751628939071e-01
P,18,10,7.411545938896013652e-01
P,18,11,1.717414398951524201e-01
P,18,12,3.912083321393145519e-01
P,18,13,1.713852611836683693e-01
P,18,14,2.872678396459469874e-01
P,18,15,3.771596705569579822e-01
P,18,16,2.179845417317047979e-02
P,18,17,1.114494989041103534e-09
P,18,18,-6.964005538693703961e-52
P,18,19,1.114494989041103534e-09
P,18,20,2.179845417317047979e-02
P,18,21,3.771596705569579822e-01
P,18,22,2.872678396459469874e-01
P,19,0,2.030134438691484355e+00
P,19,1,1.561114411975452754e+00
P,19,2,1.795850573528087857e+00
P,19,3,1.254384962584985441e+00
P,19,4,1.520358924713671733e+00
P,19,5,9.302618147732791831e-01
P,19,6,9.424137775516284732e-01
P,19,7,7.475710491317453243e-01
P,19,8,6.275519310494106495e-01
P,19,9,8.146187215148129601e-01
P,19,10,4.339653751628939071e-01
P,19,11,7.411545938896013652e-01
P,19,12,1.717414398951524201e-01
P,19,13,3.912083321393145519e-01
P,19,14,1.713852611836683693e-01
P,19,15,2.872678396459469874e-01
P,19,16,3.771596705569579822e-01
P,19,17,2.179845417317047979e-02
P,19,18,1.114494989041103534e-09
P,19,19,-6.963981507707291462e-52
P,19,20,1.114494989041103534e-09
P,19,21,2.179845417317047979e-02
P,19,22,3.771596705569579822e-01
P,20,0,2.338696173735311135e+00
P,20,1,2.030134438691484355e+00
P,20,2,1.561114411975452754e+00
P,20,3,1.795850573528087857e+00
P,20,4,1.254384962584985441e+00
P,20,5,1.520358924713671733e+00
P,20,6,9.302618147732791831e-01
P,20,7,9.424137775516284732e-01
P,20,8,7.475710491317453243e-01
P,20,9,6.275519310494106495e-01
P,20,10,8.146187215148129601e-01
P,20,11,4.339653751628939071e-01
P,20,12,7.411545938896013652e-01
P,20,13,1.717414398951524201e-01
P,20,14,3.912083321393145519e-01
P,20,15,1.713852611836683693e-01
P,20,16,2.872678396459469874e-01
P,20,17,3.771596705569579822e-01
P,20,18,2.179845417317047979e-02
P,20,19,1.114494989041103534e-09
P,20,20,-6.963981507707291462e-52
P,20,21,1.114494989041103534e-09
P,20,22,2.179845417317047979e-02
P,21,0,2.706544380352664092e+00
P,21,1,2.338696173735311135e+00
P,21,2,2.030134438691484355e+00
P,21,3,1.561114411975452754e+00
P,21,4,1.795850573528087857e+00
P,21,5,1.254384962584985441e+00
P,21,6,1.520358924713671733e+00
P,21,7,9.302618147732791831e-01
P,21,8,9.424137775516284732e-01
P,21,9,7.475710491317453243e-01
P,21,10,6.275519310494106495e-01
P,21,11,8.146187215148129601e-01
P,21,12,4.339653751628939071e-01
P,21,13,7.411545938896013652e-01
P,21,14,1.717414398951524201e-01
P,21,15,3.912083321393145519e-01
P,21,16,1.713852611836683693e-01
P,21,17,2.872678396459469874e-01
P,21,18,3.771596705569579822e-01
P,21,19,2.179845417317047979e-02
P,21,20,1.114494989041103534e-09
P,21,21,-6.963981507707291462e-52
P,21,22,1.114494989041103534e-09
P,22,0,3.252901731043633671e+00
P,22,1,2.706544380352664092e+00
P,22,2,2.338696173735311135e+00
P,22,3,2.030134438691484355e+00
P,22,4,1.561114411975452754e+00
P,22,5,1.795850573528087857e+00
P,22,6,1.254384962584985441e+00
P,22,7,1.520358924713671733e+00
P,22,8,9.302618147732791831e-01
P,22,9,9.424137775516284732e-01
P,22,10,7.475710491317453243e-01
P,22,11,6.275519310494106495e-01
P,22,12,8.146187215148129601e-01
P,22,13,4.339653751628939071e-01
P,22,14,7.411545938896013652e-01
P,22,15,1.717414398951524201e-01
P,22,16,3.912083321393145519e-01
P,22,17,1.713852611836683693e-01
P,22,18,2.872678396459469874e-01
P,22,19,3.771596705569579822e-01
P,22,20,2.179845417317047979e-02
P,22,21,1.114494989041103534e-09
P,22,22,-6.963981507707291462e-52
P0,0,0,2.018458621908265360e-01
P0,0,1,2.218519675502002853e-01
P0,0,2,2.513891807597311567e-01
P0,0,3,2.848612617624127763e-01
P0,0,4,3.227900971378296902e-01
P0,0,5,3.657690988661826959e-01
P0,0,6,4.144706902470544074e-01
P0,0,7,4.696568205694287013e-01
P0,0,8,5.321909003723501730e-01
P0,0,9,6.030512959229994419e-01
P0,0,10,6.833466455356764779e-01
P0,0,11,7.743331931164221249e-01
P0,0,12,8.774344622530394489e-01
P0,0,13,9.942635012135256911e-01
P0,0,14,1.126648135738546053e+00
P0,0,15,1.276659592113716490e+00
P0,0,16,1.446644842971068767e+00
P0,0,17,1.639263364993936101e+00
P0,0,18,1.857528742491865170e+00
P0,0,19,2.104855828630909809e+00
P0,0,20,2.385114125609897329e+00
P0,0,21,2.702688376937596004e+00
P0,0,22,3.062547168977145517e+00
P0,1,0,2.218519675502002853e-01
P0,1,1,2.018458621908265360e-01
P0,1,2,2.218519675502002853e-01
P0,1,3,2.513891807597311567e-01
P0,1,4,2.848612617624127763e-01
P0,1,5,3.227900971378296902e-01
P0,1,6,3.657690988661826959e-01
P0,1,7,4.144706902470544074e-01
P0,1,8,4.696568205694287013e-01
P0,1,9,5.321909003723501730e-01
P0,1,10,6.030512959229994419e-01
P0,1,11,6.833466455356764779e-01
P0,1,12,7.743331931164221249e-01
P0,1,13,8.774344622530394489e-01
P0,1,14,9.942635012135256911e-01
P0,1,15,1.126648135738546053e+00
P0,1,16,1.276659592113716490e+00
P0,1,17,1.446644842971068767e+00
P0,1,18,1.639263364993936101e+00
P0,1,19,1.857528742491865170e+00
P0,1,20,2.104855828630909809e+00
P0,1,21,2.385114125609897329e+00
P0,1,22,2.702688376937596004e+00
P0,2,0,2.513891807597311567e-01
P0,2,1,2.218519675502002853e-01
P0,2,2,2.018458621908265360e-01
P0,2,3,2.218519675502002853e-01
P0,2,4,2.513891807597311567e-01
P0,2,5,2.848612617624127763e-01
P0,2,6,3.227900971378296902e-01
P0,2,7,3.657690988661826959e-01
P0,2,8,4.144706902470544074e-01
P0,2,9,4.696568205694287013e-01
P0,2,10,5.321909003723501730e-01
P0,2,11,6.030512959229994419e-01
P0,2,12,6.833466455356764779e-01
P0,2,13,7.743331931164221249e-01
P0,2,14,8.774344622530394489e-01
P0,2,15,9.942635012135256911e-01
P0,2,16,1.126648135738546053e+00
P0,2,17,1.276659592113716490e+00
P0,2,18,1.446644842971068767e+00
P0,2,19,1.639263364993936101e+00
P0,2,20,1.857528742491865170e+00
P0,2,21,2.104855828630909809e+00
P0,2,22,2.385114125609897329e+00
P0,3,0,2.848612617624127763e-01
P0,3,1,2.513891807597311567e-01
P0,3,2,2.218519675502002853e-01
P0,3,3,2.018458621908265360e-01
P0,3,4,2.218519675502002853e-01
P0,3,5,2.513891807597311567e-01
P0,3,6,2.848612617624127763e-01
P0,3,7,3.227900971378296902e-01
P0,3,8,3.657690988661826959e-01
P0,3,9,4.144706902470544074e-01
P0,3,10,4.696568205694287013e-01
P0,3,11,5.321909003723501730e-01
P0,3,12,6.030512959229994419e-01
P0,3,13,6.833466455356764779e-01
P0,3,14,7.743331931164221249e-01
P0,3,15,8.774344622530394489e-01
P0,3,16,9.942635012135256911e-01
P0,3,17,1.126648135738546053e+00
P0,3,18,1.276659592113716490e+00
P0,3,19,1.446644842971068767e+00
P0,3,20,1.639263364993936101e+00
P0,3,21,1.857528742491865170e+00
P0,3,22,2.104855828630909809e+00
P0,4,0,3.227900971378296902e-01
P0,4,1,2.848612617624127763e-01
P0,4,2,2.513891807597311567e-01
P0,4,3,2.218519675502002853e-01
P0,4,4,2.018458621908265360e-01
P0,4,5,2.218519675502002853e-01
P0,4,6,2.513891807597311567e-01
P0,4,7,2.848612617624127763e-01
P0,4,8,3.227900971378296902e-01
P0,4,9,3.657690988661826959e-01
P0,4,10,4.144706902470544074e-01
P0,4,11,4.696568205694287013e-01
P0,4,12,5.321909003723501730e-01
P0,4,13,6.030512959229994419e-01
P0,4,14,6.833466455356764779e-01
P0,4,15,7.743331931164221249e-01
P0,4,16,8.774344622530394489e-01
P0,4,17,9.942635012135256911e-01
P0,4,18,1.126648135738546053e+00
P0,4,19,1.276659592113716490e+00
P0,4,20,1.446644842971068767e+00
P0,4,21,1.639263364993936101e+00
P0,4,22,1.857528742491865170e+00
P0,5,0,3.657690988661826959e-01
P0,5,1,3.227900971378296902e-01
P0,5,2,2.848612617624127763e-01
P0,5,3,2.513891807597311567e-01
P0,5,4,2.218519675502002853e-01
P0,5,5,2.018458621908265360e-01
P0,5,6,2.218519675502002853e-01
P0,5,7,2.513891807597311567e-01
P0,5,8,2.848612617624127763e-01
P0,5,9,3.227900971378296902e-01
P0,5,10,3.657690988661826959e-01
P0,5,11,4.144706902470544074e-01
P0,5,12,4.696568205694287013e-01
P0,5,13,5.321909003723501730e-01
P0,5,14,6.030512959229994419e-01
P0,5,15,6.833466455356764779e-01
P0,5,16,7.743331931164221249e-01
P0,5,17,8.774344622530394489e-01
P0,5,18,9.942635012135256911e-01
P0,5,19,1.126648135738546053e+00
P0,5,20,1.276659592113716490e+00
P0,5,21,1.446644842971068767e+00
P0,5,22,1.639263364993936101e+00
P0,6,0,4.144706902470544074e-01
P0,6,1,3.657690988661826959e-01
P0,6,2,3.227900971378296902e-01
P0,6,3,2.848612617624127763e-01
P0,6,4,2.513891807597311567e-01
P0,6,5,2.218519675502002853e-01
P0,6,6,2.018458621908265360e-01
P0,6,7,2.218519675502002853e-01
P0,6,8,2.513891807597311567e-01
P0,6,9,2.848612617624127763e-01
P0,6,10,3.227900971378296902e-01
P0,6,11,3.657690988661826959e-01
P0,6,12,4.144706902470544074e-01
P0,6,13,4.696568205694287013e-01
P0,6,14,5.321909003723501730e-01
P0,6,15,6.030512959229994419e-01
P0,6,16,6.833466455356764779e-01
P0,6,17,7.743331931164221249e-01
P0,6,18,8.774344622530394489e-01
P0,6,19,9.942635012135256911e-01
P0,6,20,1.126648135738546053e+00
P0,6,21,1.276659592113716490e+00
P0,6,22,1.446644842971068767e+00
P0,7,0,4.696568205694287013e-01
P0,7,1,4.144706902470544074e-01
P0,7,2,3.657690988661826959e-01
P0,7,3,3.227900971378296902e-01
P0,7,4,2.848612617624127763e-01
P0,7,5,2.513891807597311567e-01
P0,7,6,2.218519675502002853e-01
P0,7,7,2.018458621908265360e-01
P0,7,8,2.218519675502002853e-01
P0,7,9,2.513891807597311567e-01
P0,7,10,2.848612617624127763e-01
P0,7,11,3.227900971378296902e-01
P0,7,12,3.657690988661826959e-01
P0,7,13,4.144706902470544074e-01
P0,7,14,4.696568205694287013e-01
P0,7,15,5.321909003723501730e-01
P0,7,16,6.030512959229994419e-01
P0,7,17,6.833466455356764779e-01
P0,7,18,7.743331931164221249e-01
P0,7,19,8.774344622530394489e-01
P0,7,20,9.942635012135256911e-01
P0,7,21,1.126648135738546053e+00
P0,7,22,1.276659592113716490e+00
P0,8,0,5.321909003723501730e-01
P0,8,1,4.696568205694287013e-01
P0,8,2,4.144706902470544074e-01
P0,8,3,3.657690988661826959e-01
P0,8,4,3.227900971378296902e-01
P0,8,5,2.848612617624127763e-01
P0,8,6,2.513891807597311567e-01
P0,8,7,2.218519675502002853e-01
P0,8,8,2.018458621908265360e-01
P0,8,9,2.218519675502002853e-01
P0,8,10,2.513891807597311567e-01
P0,8,11,2.848612617624127763e-01
P0,8,12,3.227900971378296902e-01
P0,8,13,3.657690988661826959e-01
P0,8,14,4.144706902470544074e-01
P0,8,15,4.696568205694287013e-01
P0,8,16,5.321909003723501730e-01
P0,8,17,6.030512959229994419e-01
P0,8,18,6.833466455356764779e-01
P0,8,19,7.743331931164221249e-01
P0,8,20,8.774344622530394489e-01
P0,8,21,9.942635012135256911e-01
P0,8,22,1.126648135738546053e+00
P0,9,0,6.030512959229994419e-01
P0,9,1,5.321909003723501730e-01
P0,9,2,4.696568205694287013e-01
P0,9,3,4.144706902470544074e-01
P0,9,4,3.657690988661826959e-01
P0,9,5,3.227900971378296902e-01
P0,9,6,2.848612617624127763e-01
P0,9,7,2.513891807597311567e-01
P0,9,8,2.218519675502002853e-01
P0,9,9,2.018458621908265360e-01
P0,9,10,2.218519675502002853e-01
P0,9,11,2.513891807597311567e-01
P0,9,12,2.848612617624127763e-01
P0,9,13,3.227900971378296902e-01
P0,9,14,3.657690988661826959e-01
P0,9,15,4.144706902470544074e-01
P0,9,16,4.696568205694287013e-01
P0,9,17,5.321909003723501730e-01
P0,9,18,6.030512959229994419e-01
P0,9,19,6.833466455356764779e-01
P0,9,20,7.743331931164221249e-01
P0,9,21,8.774344622530394489e-01
P0,9,22,9.942635012135256911e-01
P0,10,0,6.833466455356764779e-01
P0,10,1,6.030512959229994419e-01
P0,10,2,5.321909003723501730e-01
P0,10,3,4.696568205694287013e-01
P0,10,4,4.144706902470544074e-01
P0,10,5,3.657690988661826959e-01
P0,10,6,3.227900971378296902e-01
P0,10,7,2.848612617624127763e-01
P0,10,8,2.513891807597311567e-01
P0,10,9,2.218519675502002853e-01
P0,10,10,2.018458621908265360e-01
P0,10,11,2.218519675502002853e-01
P0,10,12,2.513891807597311567e-01
P0,10,13,2.848612617624127763e-01
P0,10,14,3.227900971378296902e-01
P0,10,15,3.657690988661826959e-01
P0,10,16,4.144706902470544074e-01
P0,10,17,4.696568205694287013e-01
P0,10,18,5.321909003723501730e-01
P0,10,19,6.030512959229994419e-01
P0,10,20,6.833466455356764779e-01
P0,10,21,7.743331931164221249e-01
P0,10,22,8.774344622530394489e-01
P0,11,0,7.743331931164221249e-01
P0,11,1,6.833466455356764779e-01
P0,11,2,6.030512959229994419e-01
P0,11,3,5.321909003723501730e-01
P0,11,4,4.696568205694287013e-01
P0,11,5,4.144706902470544074e-01
P0,11,6,3.657690988661826959e-01
P0,11,7,3.227900971378296902e-01
P0,11,8,2.848612617624127763e-01
P0,11,9,2.513891807597311567e-01
P0,11,10,2.218519675502002853e-01
P0,11,11,2.018458621908265360e-01
P0,11,12,2.218519675502002853e-01
P0,11,13,2.513891807597311567e-01
P0,11,14,2.848612617624127763e-01
P0,11,15,3.227900971378296902e-01
P0,11,16,3.657690988661826959e-01
P0,11,17,4.144706902470544074e-01
P0,11,18,4.696568205694287013e-01
P0,11,19,5.321909003723501730e-01
P0,11,20,6.030512959229994419e-01
P0,11,21,6.833466455356764779e-01
P0,11,22,7.743331931164221249e-01
P0,12,0,8.774344622530394489e-01
P0,12,1,7.743331931164221249e-01
P0,12,2,6.833466455356764779e-01
P0,12,3,6.030512959229994419e-01
P0,12,4,5.321909003723501730e-01
P0,12,5,4.696568205694287013e-01
P0,12,6,4.144706902470544074e-01
P0,12,7,3.657690988661826959e-01
P0,12,8,3.227900971378296902e-01
P0,12,9,2.848612617624127763e-01
P0,12,10,2.513891807597311567e-01
P0,12,11,2.218519675502002853e-01
P0,12,12,2.018458621908265360e-01
P0,12,13,2.218519675502002853e-01
P0,12,14,2.513891807597311567e-01
P0,12,15,2.848612617624127763e-01
P0,12,16,3.227900971378296902e-01
P0,12,17,3.657690988661826959e-01
P0,12,18,4.144706902470544074e-01
P0,12,19,4.696568205694287013e-01
P0,12,20,5.321909003723501730e-01
P0,12,21,6.030512959229994419e-01
P0,12,22,6.833466455356764779e-01
P0,13,0,9.942635012135256911e-01
P0,13,1,8.774344622530394489e-01
P0,13,2,7.743331931164221249e-01
P0,13,3,6.833466455356764779e-01
P0,13,4,6.030512959229994419e-01
P0,13,5,5.321909003723501730e-01
P0,13,6,4.696568205694287013e-01
P0,13,7,4.144706902470544074e-01
P0,13,8,3.657690988661826959e-01
P0,13,9,3.227900971378296902e-01
P0,13,10,2.848612617624127763e-01
P0,13,11,2.513891807597311567e-01
P0,13,12,2.218519675502002853e-01
P0,13,13,2.018458621908265360e-01
P0,13,14,2.218519675502002853e-01
P0,13,15,2.513891807597311567e-01
P0,13,16,2.848612617624127763e-01
P0,13,17,3.227900971378296902e-01
P0,13,18,3.657690988661826959e-01
P0,13,19,4.144706902470544074e-01
P0,13,20,4.696568205694287013e-01
P0,13,21,5.321909003723501730e-01
P0,13,22,6.030512959229994419e-01
P0,14,0,1.126648135738546053e+00
P0,14,1,9.942635012135256911e-01
P0,14,2,8.774344622530394489e-01
P0,14,3,7.743331931164221249e-01
P0,14,4,6.833466455356764779e-01
P0,14,5,6.030512959229994419e-01
P0,14,6,5.321909003723501730e-01
P0,14,7,4.696568205694287013e-01
P0,14,8,4.144706902470544074e-01
P0,14,9,3.657690988661826959e-01
P0,14,10,3.227900971378296902e-01
P0,14,11,2.848612617624127763e-01
P0,14,12,2.513891807597311567e-01
P0,14,13,2.218519675502002853e-01
P0,14,14,2.018458621908265360e-01
P0,14,15,2.218519675502002853e-01
P0,14,16,2.513891807597311567e-01
P0,14,17,2.848612617624127763e-01
P0,14,18,3.227900971378296902e-01
P0,14,19,3.657690988661826959e-01
P0,14,20,4.144706902470544074e-01
P0,14,21,4.696568205694287013e-01
P0,14,22,5.321909003723501730e-01
P0,15,0,1.276659592113716490e+00
P0,15,1,1.126648135738546053e+00
P0,15,2,9.942635012135256911e-01
P0,15,3,8.774344622530394489e-01
P0,15,4,7.743331931164221249e-01
P0,15,5,6.833466455356764779e-01
P0,15,6,6.030512959229994419e-01
P0,15,7,5.321909003723501730e-01
P0,15,8,4.696568205694287013e-01
P0,15,9,4.144706902470544074e-01
P0,15,10,3.657690988661826959e-01
P0,15,11,3.227900971378296902e-01
P0,15,12,2.848612617624127763e-01
P0,15,13,2.513891807597311567e-01
P0,15,14,2.218519675502002853e-01
P0,15,15,2.018458621908265360e-01
P0,15,16,2.218519675502002853e-01
P0,15,17,2.513891807597311567e-01
P0,15,18,2.848612617624127763e-01
P0,15,19,3.227900971378296902e-01
P0,15,20,3.657690988661826959e-01
P0,15,21,4.144706902470544074e-01
P0,15,22,4.696568205694287013e-01
P0,16,0,1.446644842971068767e+00
P0,16,1,1.276659592113716490e+00
P0,16,2,1.126648135738546053e+00
P0,16,3,9.942635012135256911e-01
P0,16,4,8.774344622530394489e-01
P0,16,5,7.743331931164221249e-01
P0,16,6,6.833466455356764779e-01
P0,16,7,6.030512959229994419e-01
P0,16,8,5.321909003723501730e-01
P0,16,9,4.696568205694287013e-01
P0,16,10,4.144706902470544074e-01
P0,16,11,3.657690988661826959e-01
P0,16,12,3.227900971378296902e-01
P0,16,13,2.848612617624127763e-01
P0,16,14,2.513891807597311567e-01
P0,16,15,2.218519675502002853e-01
P0,16,16,2.018458621908265360e-01
P0,16,17,2.218519675502002853e-01
P0,16,18,2.513891807597311567e-01
P0,16,19,2.848612617624127763e-01
P0,16,20,3.227900971378296902e-01
P0,16,21,3.657690988661826959e-01
P0,16,22,4.144706902470544074e-01
P0,17,0,1.639263364993936101e+00
P0,17,1,1.446644842971068767e+00
P0,17,2,1.276659592113716490e+00
P0,17,3,1.126648135738546053e+00
P0,17,4,9.942635012135256911e-01
P0,17,5,8.774344622530394489e-01
P0,17,6,7.743331931164221249e-01
P0,17,7,6.833466455356764779e-01
P0,17,8,6.030512959229994419e-01
P0,17,9,5.321909003723501730e-01
P0,17,10,4.696568205694287013e-01
P0,17,11,4.144706902470544074e-01
P0,17,12,3.657690988661826959e-01
P0,17,13,3.227900971378296902e-01
P0,17,14,2.848612617624127763e-01
P0,17,15,2.513891807597311567e-01
P0,17,16,2.218519675502002853e-01
P0,17,17,2.018458621908265360e-01
P0,17,18,2.218519675502002853e-01
P0,17,19,2.513891807597311567e-01
P0,17,20,2.848612617624127763e-01
P0,17,21,3.227900971378296902e-01
P0,17,22,3.657690988661826959e-01
P0,18,0,1.857528742491865170e+00
P0,18,1,1.639263364993936101e+00
P0,18,2,1.446644842971068767e+00
P0,18,3,1.276659592113716490e+00
P0,18,4,1.126648135738546053e+00
P0,18,5,9.942635012135256911e-01
P0,18,6,8.774344622530394489e-01
P0,18,7,7.743331931164221249e-01
P0,18,8,6.833466455356764779e-01
P0,18,9,6.030512959229994419e-01
P0,18,10,5.321909003723501730e-01
P0,18,11,4.696568205694287013e-01
P0,18,12,4.144706902470544074e-01
P0,18,13,3.657690988661826959e-01
P0,18,14,3.227900971378296902e-01
P0,18,15,2.848612617624127763e-01
P0,18,16,2.513891807597311567e-01
P0,18,17,2.218519675502002853e-01
P0,18,18,2.018458621908265360e-01
P0,18,19,2.218519675502002853e-01
P0,18,20,2.513891807597311567e-01
P0,18,21,2.848612617624127763e-01
P0,18,22,3.227900971378296902e-01
P0,19,0,2.104855828630909809e+00
P0,19,1,1.857528742491865170e+00
P0,19,2,1.639263364993936101e+00
P0,19,3,1.446644842971068767e+00
P0,19,4,1.276659592113716490e+00
P0,19,5,1.126648135738546053e+00
P0,19,6,9.942635012135256911e-01
P0,19,7,8.774344622530394489e-01
P0,19,8,7.743331931164221249e-01
P0,19,9,6.833466455356764779e-01
P0,19,10,6.030512959229994419e-01
P0,19,11,5.321909003723501730e-01
P0,19,12,4.696568205694287013e-01
P0,19,13,4.144706902470544074e-01
P0,19,14,3.657690988661826959e-01
P0,19,15,3.227900971378296902e-01
P0,19,16,2.848612617624127763e-01
P0,19,17,2.513891807597311567e-01
P0,19,18,2.218519675502002853e-01
P0,19,19,2.018458621908265360e-01
P0,19,20,2.218519675502002853e-01
P0,19,21,2.513891807597311567e-01
P0,19,22,2.848612617624127763e-01
P0,20,0,2.385114125609897329e+00
P0,20,1,2.104855828630909809e+00
P0,20,2,1.857528742491865170e+00
P0,20,3,1.639263364993936101e+00
P0,20,4,1.446644842971068767e+00
P0,20,5,1.276659592113716490e+00
P0,20,6,1.126648135738546053e+00
P0,20,7,9.942635012135256911e-01
P0,20,8,8.774344622530394489e-01
P0,20,9,7.743331931164221249e-01
P0,20,10,6.833466455356764779e-01
P0,20,11,6.030512959229994419e-01
P0,20,12,5.321909003723501730e-01
P0,20,13,4.696568205694287013e-01
P0,20,14,4.144706902470544074e-01
P0,20,15,3.657690988661826959e-01
P0,20,16,3.227900971378296902e-01
P0,20,17,2.848612617624127763e-01
P0,20,18,2.513891807597311567e-01
P0,20,19,2.218519675502002853e-01
P0,20,20,2.018458621908265360e-01
P0,20,21,2.218519675502002853e-01
P0,20,22,2.513891807597311567e-01
P0,21,0,2.702688376937596004e+00
P0,21,1,2.385114125609897329e+00
P0,21,2,2.104855828630909809e+00
P0,21,3,1.857528742491865170e+00
P0,21,4,1.639263364993936101e+00
P0,21,5,1.446644842971068767e+00
P0,21,6,1.276659592113716490e+00
P0,21,7,1.126648135738546053e+00
P0,21,8,9.942635012135256911e-01
P0,21,9,8.774344622530394489e-01
P0,21,10,7.743331931164221249e-01
P0,21,11,6.833466455356764779e-01
P0,21,12,6.030512959229994419e-01
P0,21,13,5.321909003723501730e-01
P0,21,14,4.696568205694287013e-01
P0,21,15,4.144706902470544074e-01
P0,21,16,3.657690988661826959e-01
P0,21,17,3.227900971378296902e-01
P0,21,18,2.848612617624127763e-01
P0,21,19,2.513891807597311567e-01
P0,21,20,2.218519675502002853e-01
P0,21,21,2.018458621908265360e-01
P0,21,22,2.218519675502002853e-01
P0,22,0,3.062547168977145517e+00
P0,22,1,2.702688376937596004e+00
P0,22,2,2.385114125609897329e+00
P0,22,3,2.104855828630909809e+00
P0,22,4,1.857528742491865170e+00
P0,22,5,1.639263364993936101e+00
P0,22,6,1.446644842971068767e+00
P0,22,7,1.276659592113716490e+00
P0,22,8,1.126648135738546053e+00
P0,22,9,9.942635012135256911e-01
P0,22,10,8.774344622530394489e-01
P0,22,11,7.743331931164221249e-01
P0,22,12,6.833466455356764779e-01
P0,22,13,6.030512959229994419e-01
P0,22,14,5.321909003723501730e-01
P0,22,15,4.696568205694287013e-01
P0,22,16,4.144706902470544074e-01
P0,22,17,3.657690988661826959e-01
P0,22,18,3.227900971378296902e-01
P0,22,19,2.848612617624127763e-01
P0,22,20,2.513891807597311567e-01
P0,22,21,2.218519675502002853e-01
P0,22,22,2.018458621908265360e-01
Q,0,0,2.592402606458915071e-01
Q,0,1,2.937577003235328221e-01
Q,0,2,3.328710836980795507e-01
Q,0,3,3.771923535631568902e-01
Q,0,4,4.274149319487266507e-01
Q,0,5,4.843245689553624667e-01
Q,0,6,5.488116360940263894e-01
Q,0,7,6.218850564650201251e-01
Q,0,8,7.046880897187134396e-01
Q,0,9,7.985162187593770611e-01
Q,0,10,9.048374180359596286e-01
Q,0,11,1.025315120524428858e+00
Q,0,12,1.161834242728283062e+00
Q,0,13,1.316530674867621542e+00
Q,0,14,1.491824697641270348e+00
Q,0,15,1.690458848379091439e+00
Q,0,16,1.915540829013895996e+00
Q,0,17,2.170592127183442521e+00
Q,0,18,2.459603111156949851e+00
Q,0,19,2.787095460565850669e+00
Q,0,20,3.158192909689767625e+00
Q,0,21,3.578701410101579494e+00
Q,0,22,4.055199966844674542e+00
Q,1,0,3.857425530696974469e+00
Q,1,1,3.404166082790819114e+00
Q,1,2,3.004166023946432951e+00
Q,1,3,2.651167210982606548e+00
Q,1,4,2.339646851925990756e+00
Q,1,5,2.064731099966486738e+00
Q,1,6,1.822118800390508886e+00
Q,1,7,1.608014197485782892e+00
Q,1,8,1.419067548593257344e+00
Q,1,9,1.252322716191864416e+00
Q,1,10,1.105170918075647712e+00
Q,1,11,9.753099120283326151e-01
Q,1,12,8.607079764250578080e-01
Q,1,13,7.595721232249684762e-01
Q,1,14,6.703200460356393275e-01
Q,1,15,5.915553643668151063e-01
Q,1,16,5.220457767610160449e-01
Q,1,17,4.607037809989658061e-01
Q,1,18,4.065696597405991097e-01
Q,1,19,3.587964654059516145e-01
Q,1,20,3.166367693790532178e-01
Q,1,21,2.794309682214073387e-01
Q,1,22,2.465969639416064896e-01
